-- MySQL dump 10.13  Distrib 8.0.32, for Linux (x86_64)
--
-- Host: localhost    Database: everest_dev
-- ------------------------------------------------------
-- Server version	8.0.32-0ubuntu0.22.04.2

/*!40101 SET @OLD_CHARACTER_SET_CLIENT=@@CHARACTER_SET_CLIENT */;
/*!40101 SET @OLD_CHARACTER_SET_RESULTS=@@CHARACTER_SET_RESULTS */;
/*!40101 SET @OLD_COLLATION_CONNECTION=@@COLLATION_CONNECTION */;
/*!50503 SET NAMES utf8mb4 */;
/*!40103 SET @OLD_TIME_ZONE=@@TIME_ZONE */;
/*!40103 SET TIME_ZONE='+00:00' */;
/*!40014 SET @OLD_UNIQUE_CHECKS=@@UNIQUE_CHECKS, UNIQUE_CHECKS=0 */;
/*!40014 SET @OLD_FOREIGN_KEY_CHECKS=@@FOREIGN_KEY_CHECKS, FOREIGN_KEY_CHECKS=0 */;
/*!40101 SET @OLD_SQL_MODE=@@SQL_MODE, SQL_MODE='NO_AUTO_VALUE_ON_ZERO' */;
/*!40111 SET @OLD_SQL_NOTES=@@SQL_NOTES, SQL_NOTES=0 */;

--
-- Table structure for table `academic_levels`
--

DROP TABLE IF EXISTS `academic_levels`;
/*!40101 SET @saved_cs_client     = @@character_set_client */;
/*!50503 SET character_set_client = utf8mb4 */;
CREATE TABLE `academic_levels` (
  `id` char(36) CHARACTER SET utf8mb3 COLLATE utf8mb3_bin NOT NULL,
  `name` varchar(255) DEFAULT NULL,
  `descriptions` varchar(255) DEFAULT NULL,
  `isActive` tinyint(1) DEFAULT NULL,
  `createdAt` datetime DEFAULT NULL,
  `updatedAt` datetime DEFAULT NULL,
  PRIMARY KEY (`id`),
  UNIQUE KEY `name` (`name`),
  UNIQUE KEY `name_2` (`name`),
  UNIQUE KEY `name_3` (`name`),
  UNIQUE KEY `name_4` (`name`)
) ENGINE=InnoDB DEFAULT CHARSET=utf8mb3;
/*!40101 SET character_set_client = @saved_cs_client */;

--
-- Dumping data for table `academic_levels`
--

LOCK TABLES `academic_levels` WRITE;
/*!40000 ALTER TABLE `academic_levels` DISABLE KEYS */;
INSERT INTO `academic_levels` VALUES ('1e02fc13-4e8a-4b19-b90c-110e9c349821','Licenciado',NULL,1,'2020-12-09 10:52:34','2020-12-18 20:40:20'),('6f491a31-83c6-4fd7-9693-7fe6287c34d9','Frequência universitária',NULL,NULL,'2020-12-09 10:52:34','2020-12-09 10:52:34'),('8fc24ad8-8049-4cc4-9fca-4508216502ae','Outro',NULL,NULL,'2020-12-09 10:52:39','2020-12-09 10:52:39'),('bb860abe-7989-41ac-8604-9d36f860b968','Ensino médio',NULL,NULL,'2020-12-09 10:52:29','2020-12-09 10:52:29'),('e17a1aa0-a8eb-4151-9d5b-83371749e4e7','Mestre',NULL,NULL,'2020-12-09 10:52:35','2020-12-09 10:52:35'),('e5d03bcd-50ab-4086-8bf7-8709941aa49c','Doutor',NULL,NULL,'2020-12-09 10:52:37','2020-12-09 10:52:37');
/*!40000 ALTER TABLE `academic_levels` ENABLE KEYS */;
UNLOCK TABLES;

--
-- Table structure for table `acls`
--

DROP TABLE IF EXISTS `acls`;
/*!40101 SET @saved_cs_client     = @@character_set_client */;
/*!50503 SET character_set_client = utf8mb4 */;
CREATE TABLE `acls` (
  `id` char(36) CHARACTER SET utf8mb3 COLLATE utf8mb3_bin NOT NULL,
  `name` varchar(255) DEFAULT NULL,
  `recourses` varchar(255) DEFAULT NULL,
  `methods` varchar(255) DEFAULT NULL,
  `allow` tinyint(1) DEFAULT NULL,
  `generalAcess` tinyint(1) DEFAULT NULL,
  `isActive` tinyint(1) DEFAULT NULL,
  `createdAt` datetime DEFAULT NULL,
  `updatedAt` datetime DEFAULT NULL,
  PRIMARY KEY (`id`),
  UNIQUE KEY `name` (`name`)
) ENGINE=InnoDB DEFAULT CHARSET=utf8mb3;
/*!40101 SET character_set_client = @saved_cs_client */;

--
-- Dumping data for table `acls`
--

LOCK TABLES `acls` WRITE;
/*!40000 ALTER TABLE `acls` DISABLE KEYS */;
/*!40000 ALTER TABLE `acls` ENABLE KEYS */;
UNLOCK TABLES;

--
-- Table structure for table `activities`
--

DROP TABLE IF EXISTS `activities`;
/*!40101 SET @saved_cs_client     = @@character_set_client */;
/*!50503 SET character_set_client = utf8mb4 */;
CREATE TABLE `activities` (
  `id` char(36) CHARACTER SET utf8mb3 COLLATE utf8mb3_bin NOT NULL,
  `code` varchar(255) DEFAULT NULL,
  `title` varchar(255) DEFAULT NULL,
  `descriptions` text,
  `duration` int DEFAULT NULL,
  `isActive` tinyint(1) DEFAULT NULL,
  `attachment` varchar(500) DEFAULT NULL,
  `updatedAt` datetime DEFAULT NULL,
  `moduleId` char(36) CHARACTER SET utf8mb3 COLLATE utf8mb3_bin DEFAULT NULL,
  `topicId` char(36) CHARACTER SET utf8mb3 COLLATE utf8mb3_bin DEFAULT NULL,
  `createdAt` datetime DEFAULT NULL,
  `order_no` int DEFAULT NULL,
  `attType` int DEFAULT '0',
  PRIMARY KEY (`id`),
  KEY `moduleId` (`moduleId`),
  KEY `topicId` (`topicId`),
  KEY `activities_id_module_id` (`id`,`moduleId`),
  CONSTRAINT `activities_ibfk_1` FOREIGN KEY (`moduleId`) REFERENCES `modules` (`id`) ON DELETE SET NULL ON UPDATE CASCADE,
  CONSTRAINT `activities_ibfk_2` FOREIGN KEY (`topicId`) REFERENCES `topics` (`id`) ON DELETE SET NULL ON UPDATE CASCADE
) ENGINE=InnoDB DEFAULT CHARSET=utf8mb3;
/*!40101 SET character_set_client = @saved_cs_client */;

--
-- Dumping data for table `activities`
--

LOCK TABLES `activities` WRITE;
/*!40000 ALTER TABLE `activities` DISABLE KEYS */;
INSERT INTO `activities` VALUES ('0222e613-f75f-4cc3-ac0e-0a8db0e950ec','038','Exame final','',NULL,NULL,NULL,'2021-01-07 06:58:00','176aa94f-3e4d-4f8d-af57-9d5f05d7cf6c',NULL,'2021-01-07 06:58:00',2,3),('02248d69-12bd-465d-878d-b3d7d5a72c81','049','¿Qué haces mañana?','<h3 class=\"h3 course-info-heading\" style=\" margin-top: 0px; margin-bottom: 0.5rem; font-weight: 700; line-height: 1.25; color: rgb(69, 69, 69); font-size: 2rem; font-family: Inter, &quot;Helvetica Neue&quot;, Arial, sans-serif; border-bottom: 0px; display: inline-block; font-style: normal; text-align: left; text-indent: 0px; white-space: normal; background-color: rgb(255, 255, 255);\">Syllabus</h3><p style=\" margin-top: 0px; margin-bottom: 1rem; color: rgb(69, 69, 69); font-family: Inter, &quot;Helvetica Neue&quot;, Arial, sans-serif; font-size: 18px; font-style: normal; font-weight: 400; text-align: left; text-indent: 0px; white-space: normal; background-color: rgb(255, 255, 255);\"><strong style=\" font-weight: bolder;\">Unit 3: ¿Qué haces mañana?</strong></p><p style=\" margin-top: 0px; margin-bottom: 1rem; color: rgb(69, 69, 69); font-family: Inter, &quot;Helvetica Neue&quot;, Arial, sans-serif; font-size: 18px; font-style: normal; font-weight: 400; text-align: left; text-indent: 0px; white-space: normal; background-color: rgb(255, 255, 255);\">This Unit includes practice in describing how we feel, parts of the body, speaking on the phone, inviting someone to do something, and arranging to meet someone.</p>',2,NULL,NULL,'2021-01-07 15:12:19','6b7b04cc-779e-4b2c-b073-b6b3cd698dbb',NULL,'2021-01-07 13:52:31',1,0),('04855b9c-99fc-4fca-b2a7-4536cf2b8344','066','Certificado','',NULL,NULL,NULL,'2021-02-09 20:33:53','25b12c34-2ffe-4c7d-9a07-a7eed3c9d292',NULL,'2021-02-09 20:33:53',100,5),('08da38e9-c361-4e38-9402-dd1bb697b269','058','Exame final','',2,NULL,NULL,'2021-01-16 06:24:38','10074c2e-16f8-4a07-90aa-b63f10b00a00',NULL,'2021-01-15 15:06:43',97,3),('09459571-097f-4a76-8de1-7c2f1f1250d8','001','About this course','Do you feel innovation activity in your organization is ad-hoc? Are you looking for a systematic approach through which innovation capacity can be enhanced in your organization? Do you want answers to questions like what is innovation in business, what is innovation in entrepreneurship, importance of innovation in business, innovative ideas for business growth, and why businesses need to innovate, etc.\n\nThiscourse will show you how you can build aninnovation pipeline, improve idea velocity and enhance business impact through an8-steps approach.Moreover, we will also explore ways of sustaining participation in innovation activity.\n\nYou will get to learn some of the industry best practices. And also learn to apply the tools in your own context. For example, you will learn to create a challenge book that articulates the key challenges in your organization. Similarly, you will find ways to design low-cost experiments.\n\nWhether you are in a start-up or a large organization, in a hi-tech or low-tech business, product or services business, thiscoursewill have something for you to apply in your context and make your organization more innovative.',1,NULL,NULL,'2021-01-05 17:02:32','5a1163cc-1b0d-4834-b229-784b802222c9',NULL,'2020-12-24 06:46:37',0,0),('0b23d720-9ac4-4273-9c8c-87c4d0f0af69','065','Apresentação',NULL,NULL,NULL,NULL,'2021-02-09 20:33:53','68cd2f1c-6b8f-46fe-8a25-5b3ade9dd12e',NULL,'2021-02-09 20:33:53',95,0),('0da30199-b261-4cf1-bc82-3c28328f61be','004','Iniciar estudos','<p style=\"margin-top: 0px; margin-bottom: 1rem; color: rgb(69, 69, 69); font-family: Inter, &quot;Helvetica Neue&quot;, Arial, sans-serif; font-size: 18px; font-style: normal; font-weight: 400; text-align: left; text-indent: 0px; white-space: normal; background-color: rgb(255, 255, 255); cursor: auto;\">Begin your <strong>journey</strong> in a new career in marketing analytics. Learn about powerful strategies and methodology, starting with identifying market trends and metrics used to measure marketing success.</p><p style=\"margin-top: 0px; margin-bottom: 1rem; color: rgb(69, 69, 69); font-family: Inter, &quot;Helvetica Neue&quot;, Arial, sans-serif; font-size: 18px; font-style: normal; font-weight: 400; text-align: left; text-indent: 0px; white-space: normal; background-color: rgb(255, 255, 255); cursor: auto;\"><br></p><p style=\"margin-top: 0px; margin-bottom: 1rem; color: rgb(69, 69, 69); font-family: Inter, &quot;Helvetica Neue&quot;, Arial, sans-serif; font-size: 18px; font-style: normal; font-weight: 400; text-align: left; text-indent: 0px; white-space: normal; background-color: rgb(255, 255, 255); cursor: auto;\">In this marketing course, you will learn how to execute market sizing, identify market trends, and predict future conditions.<br></p><p style=\" margin-top: 0px; margin-bottom: 1rem; color: rgb(69, 69, 69); font-family: Inter, &quot;Helvetica Neue&quot;, Arial, sans-serif; font-size: 18px; font-style: normal; font-weight: 400; text-align: left; text-indent: 0px; white-space: normal; background-color: rgb(255, 255, 255);\">This course is taught by Stephan Sorger who has held leadership roles in marketing and product development at companies such as Oracle, 3Com and NASA. He has also taught for over a decade at UC Berkeley Extension and is the author of two widely adopted marketing textbooks. This course will equip you with the knowledge and skills <span style=\"text-decoration: underline;\">necessary</span> to immediately see practical benefits in the workplace.</p><p style=\" margin-top: 0px; margin-bottom: 1rem; color: rgb(69, 69, 69); font-family: Inter, &quot;Helvetica Neue&quot;, Arial, sans-serif; font-size: 18px; font-style: normal; font-weight: 400; text-align: left; text-indent: 0px; white-space: normal; background-color: rgb(255, 255, 255);\">Analytics-based marketing is increasingly important in determining a company’s spending and ROI. Many entry-level positions in marketing now require some basic level of knowledge in this rapidly growing field.</p>',1,NULL,NULL,'2021-01-11 08:29:38','14a17e3e-b443-4d06-b0db-0c3341438fa0',NULL,'2020-12-26 17:46:59',0,0),('123701c7-6f2a-44d0-aa92-3fd5f0bea566','062','Apresentação','Modern Asynchronous JavaScript with Async and Await\nJavaScript Loops and Scope\nThe Map JavaScript Data Structure\nThe Set JavaScript Data Structure\nA guide to JavaScript Template Literals\nRoadmap to Learn JavaScript',NULL,NULL,NULL,'2021-02-10 10:32:48','97cae268-ff83-4a2f-bb78-cf2f1595b694',NULL,'2021-02-09 20:29:46',95,0),('1389d9b3-f15c-4d95-b053-b52f9f099c80','063','Exame final','',2,NULL,NULL,'2021-02-10 10:37:44','c14bedeb-39b0-4186-a319-b986db511ca9',NULL,'2021-02-09 20:29:46',97,3),('16f3b308-a325-4543-92ba-fb324a19f1b4','006','Getting start','<p><span style=\"color: rgb(69, 69, 69); font-family: Inter, &quot;Helvetica Neue&quot;, Arial, sans-serif; font-size: 18px; font-style: normal; font-weight: 400; text-align: left; text-indent: 0px; white-space: normal; background-color: rgb(255, 255, 255); display: inline !important; float: none;\">Short of breathing, the one activity that humans engage in the most is communication. In a business scenario, communication not only helps us share our thoughts but is essential in getting our work done and becoming more successful.</span><br></p>',1,NULL,NULL,'2020-12-31 12:24:25','c56b0049-fc8d-42b8-a310-76f5089cd7ff',NULL,'2020-12-28 14:16:54',1,0),('187bcb57-dcb4-4ca5-b703-fb8a31c0f96f','073','Index of obj in arr','<p style=\"line-height: 1.7em; margin: 0px 0px 30px; color: rgb(66, 66, 66); font-family: Avenir, -apple-system, BlinkMacSystemFont, &quot;Segoe UI&quot;, Roboto, Oxygen, Ubuntu, &quot;Helvetica Neue&quot;, Arial, sans-serif; font-size: 20px; font-style: normal; font-weight: 400; text-align: start; text-indent: 0px; white-space: normal; background-color: rgb(254, 254, 254);\"><code style=\"font-family: Inconsolata, monospace; font-size: 20px; padding: 2px 4px; color: rgb(68, 68, 68); background-color: rgb(241, 240, 234); border-radius: 4px;\">index</code><span>&nbsp;</span>will be<span>&nbsp;</span><code style=\"font-family: Inconsolata, monospace; font-size: 20px; padding: 2px 4px; color: rgb(68, 68, 68); background-color: rgb(241, 240, 234); border-radius: 4px;\">-1</code><span>&nbsp;</span>which means the item was not found. Because objects are compared by reference, not by their values (differently for primitive types). The object passed to<span>&nbsp;</span><code style=\"font-family: Inconsolata, monospace; font-size: 20px; padding: 2px 4px; color: rgb(68, 68, 68); background-color: rgb(241, 240, 234); border-radius: 4px;\">indexOf</code><span>&nbsp;</span>is a completely different object than the second item in the array.</p><p style=\"line-height: 1.7em; margin: 0px 0px 30px; color: rgb(66, 66, 66); font-family: Avenir, -apple-system, BlinkMacSystemFont, &quot;Segoe UI&quot;, Roboto, Oxygen, Ubuntu, &quot;Helvetica Neue&quot;, Arial, sans-serif; font-size: 20px; font-style: normal; font-weight: 400; text-align: start; text-indent: 0px; white-space: normal; background-color: rgb(254, 254, 254);\">You can use the<span>&nbsp;</span><code style=\"font-family: Inconsolata, monospace; font-size: 20px; padding: 2px 4px; color: rgb(68, 68, 68); background-color: rgb(241, 240, 234); border-radius: 4px;\">findIndex</code><span>&nbsp;</span>value like this, which runs a function for each item in the array, which is passed the element, and its index. Returning from it will assign the return value to the return value of<span>&nbsp;</span><code style=\"font-family: Inconsolata, monospace; font-size: 20px; padding: 2px 4px; color: rgb(68, 68, 68); background-color: rgb(241, 240, 234); border-radius: 4px;\">findIndex</code>:</p><div class=\"highlight\" style=\"color: rgb(66, 66, 66); font-family: Avenir, -apple-system, BlinkMacSystemFont, &quot;Segoe UI&quot;, Roboto, Oxygen, Ubuntu, &quot;Helvetica Neue&quot;, Arial, sans-serif; font-size: 20px; font-style: normal; font-weight: 400; text-align: start; text-indent: 0px; white-space: normal; background-color: rgb(254, 254, 254);\"><pre class=\" language-js\" style=\"font-family: Consolas, Monaco, &quot;Andale Mono&quot;, &quot;Ubuntu Mono&quot;, monospace; margin: 0.5em 0px; overflow: auto; padding: 1em; background: rgb(39, 40, 34); border: 1px solid rgb(221, 219, 204); border-radius: 3px; font-size: 1em; white-space: pre; color: rgb(248, 248, 242); text-align: left; line-height: 1.5;\"><code class=\" language-js\" data-lang=\"js\" style=\"font-family: Consolas, Monaco, &quot;Andale Mono&quot;, &quot;Ubuntu Mono&quot;, monospace; font-size: 1em; padding: 0px; color: rgb(204, 204, 204); background: 0px 0px; border-radius: 4px; white-space: pre; text-align: left; line-height: 1.5;\"><span class=\"token keyword\" style=\"color: rgb(204, 153, 205);\">const</span> letters <span class=\"token operator\" style=\"color: rgb(103, 205, 204);\">=</span> <span class=\"token punctuation\" style=\"color: rgb(204, 204, 204);\">[</span>\n  <span class=\"token punctuation\" style=\"color: rgb(204, 204, 204);\">{</span>\n    letter<span class=\"token operator\" style=\"color: rgb(103, 205, 204);\">:</span> <span class=\"token string\" style=\"color: rgb(126, 198, 153);\">\'a\'</span><span class=\"token punctuation\" style=\"color: rgb(204, 204, 204);\">,</span>\n  <span class=\"token punctuation\" style=\"color: rgb(204, 204, 204);\">}</span><span class=\"token punctuation\" style=\"color: rgb(204, 204, 204);\">,</span>\n  <span class=\"token punctuation\" style=\"color: rgb(204, 204, 204);\">{</span>\n    letter<span class=\"token operator\" style=\"color: rgb(103, 205, 204);\">:</span> <span class=\"token string\" style=\"color: rgb(126, 198, 153);\">\'b\'</span><span class=\"token punctuation\" style=\"color: rgb(204, 204, 204);\">,</span>\n  <span class=\"token punctuation\" style=\"color: rgb(204, 204, 204);\">}</span><span class=\"token punctuation\" style=\"color: rgb(204, 204, 204);\">,</span>\n  <span class=\"token punctuation\" style=\"color: rgb(204, 204, 204);\">{</span>\n    letter<span class=\"token operator\" style=\"color: rgb(103, 205, 204);\">:</span> <span class=\"token string\" style=\"color: rgb(126, 198, 153);\">\'c\'</span><span class=\"token punctuation\" style=\"color: rgb(204, 204, 204);\">,</span>\n  <span class=\"token punctuation\" style=\"color: rgb(204, 204, 204);\">}</span><span class=\"token punctuation\" style=\"color: rgb(204, 204, 204);\">,</span>\n<span class=\"token punctuation\" style=\"color: rgb(204, 204, 204);\">]</span>\n\n<span class=\"token keyword\" style=\"color: rgb(204, 153, 205);\">const</span> index <span class=\"token operator\" style=\"color: rgb(103, 205, 204);\">=</span> letters<span class=\"token punctuation\" style=\"color: rgb(204, 204, 204);\">.</span><span class=\"token function\" style=\"color: rgb(240, 141, 73);\">findIndex</span><span class=\"token punctuation\" style=\"color: rgb(204, 204, 204);\">(</span><span class=\"token punctuation\" style=\"color: rgb(204, 204, 204);\">(</span><span class=\"token parameter\">element<span class=\"token punctuation\" style=\"color: rgb(204, 204, 204);\">,</span> index</span><span class=\"token punctuation\" style=\"color: rgb(204, 204, 204);\">)</span> <span class=\"token operator\" style=\"color: rgb(103, 205, 204);\">=&gt;</span> <span class=\"token punctuation\" style=\"color: rgb(204, 204, 204);\">{</span>\n  <span class=\"token keyword\" style=\"color: rgb(204, 153, 205);\">if</span> <span class=\"token punctuation\" style=\"color: rgb(204, 204, 204);\">(</span>element<span class=\"token punctuation\" style=\"color: rgb(204, 204, 204);\">.</span>letter <span class=\"token operator\" style=\"color: rgb(103, 205, 204);\">===</span> <span class=\"token string\" style=\"color: rgb(126, 198, 153);\">\'b\'</span><span class=\"token punctuation\" style=\"color: rgb(204, 204, 204);\">)</span> <span class=\"token punctuation\" style=\"color: rgb(204, 204, 204);\">{</span>\n    <span class=\"token keyword\" style=\"color: rgb(204, 153, 205);\">return</span> <span class=\"token boolean\" style=\"color: rgb(240, 141, 73);\">true</span>\n  <span class=\"token punctuation\" style=\"color: rgb(204, 204, 204);\">}</span>\n<span class=\"token punctuation\" style=\"color: rgb(204, 204, 204);\">}</span><span class=\"token punctuation\" style=\"color: rgb(204, 204, 204);\">)</span>\n\n<span class=\"token comment\" style=\"color: rgb(153, 153, 153);\">//index is `1`</span>\n</code></pre></div><div id=\"outro\" style=\"color: rgb(66, 66, 66); font-family: Avenir, -apple-system, BlinkMacSystemFont, &quot;Segoe UI&quot;, Roboto, Oxygen, Ubuntu, &quot;Helvetica Neue&quot;, Arial, sans-serif; font-size: 20px; font-style: normal; font-weight: 400; text-align: start; text-indent: 0px; white-space: normal; background-color: rgb(254, 254, 254);\"><p style=\"line-height: 1.7em; margin: 0px 0px 30px;\">Download my free<span>&nbsp;</span><a href=\"https://flaviocopes.com/page/javascript-handbook/\" style=\"background-color: transparent; color: rgb(44, 43, 43); text-decoration: none; border-bottom: 1px dotted rgb(44, 43, 43);\">JavaScript Beginner\'s Handbook</a></p></div>',2,NULL,NULL,'2021-02-10 11:13:33','db5bfd2d-822b-4054-b448-90d3f499c8cc',NULL,'2021-02-10 11:13:33',1,0),('1bde2ae3-222b-4e77-8276-1df00adc2bf2','076',NULL,NULL,2,NULL,NULL,'2021-02-12 18:08:08','db5bfd2d-822b-4054-b448-90d3f499c8cc',NULL,'2021-02-12 18:08:08',3,0),('1ceaa7fc-bbb3-48b8-8f54-7aeaf502dbb2','014','Last Notes','<p><span style=\"color: rgb(29, 29, 31); font-family: Georgia, serif; font-size: 12pt; font-style: normal; font-weight: 600; text-align: center; text-indent: 0px; white-space: normal; background-color: rgb(255, 255, 255); float: none; display: inline !important;\"><span style=\"text-decoration: underline;\">For over a decade</span></span><span style=\"color: rgb(29, 29, 31); font-family: Georgia, serif; font-size: 12pt; font-style: normal; font-weight: 600; text-align: center; text-indent: 0px; white-space: normal; background-color: rgb(255, 255, 255); float: none; display: inline !important;\">, the App&nbsp;Store has </span><span style=\"color: rgb(255, 0, 0); font-family: Georgia, serif; font-size: 12pt; font-style: normal; font-weight: 600; text-align: center; text-indent: 0px; white-space: normal; background-color: rgb(255, 255, 255); float: none; display: inline !important; text-decoration: inherit;\">proved</span><span style=\"color: rgb(29, 29, 31); font-family: Georgia, serif; font-size: 12pt; font-style: normal; font-weight: 600; text-align: center; text-indent: 0px; white-space: normal; background-color: rgb(255, 255, 255); float: none; display: inline !important;\"> to be a safe and&nbsp;</span><span style=\"color: rgb(29, 29, 31); font-family: Georgia, serif; font-size: 12pt; font-style: normal; font-weight: 600; text-align: center; text-indent: 0px; white-space: normal; background-color: rgb(255, 255, 0); float: none; display: inline !important;\">trusted</span><span style=\"color: rgb(29, 29, 31); font-family: Georgia, serif; font-size: 12pt; font-style: normal; font-weight: 600; text-align: center; text-indent: 0px; white-space: normal; background-color: rgb(255, 255, 255); float: none; display: inline !important;\"> place to discover and&nbsp;download apps. But the App&nbsp;Store is more than just a storefront — it’s an innovative destination focused on bringing you amazing experiences.&nbsp;</span></p><p><span style=\"color: rgb(29, 29, 31); font-family: Georgia, serif; font-size: 12pt; font-weight: 600; text-align: center;\">And a big part of those experiences is ensuring that the apps we offer are held to the highest standards for privacy, security, and content. Because we offer nearly two million apps — and we want you to feel good about using every single one of&nbsp;them.</span><br></p>',2,NULL,NULL,'2021-01-04 17:14:21','54e42aad-e08f-4143-b5dc-4ba3dbae3ab9',NULL,'2021-01-04 17:13:31',0,0),('1dc3e7b1-b6a9-475f-97d1-3d43d9294dc7','045','Exame final','',5,NULL,NULL,'2021-01-07 15:48:16','c59f90bf-6577-42b5-bb83-32bb6c1b4614',NULL,'2021-01-07 07:15:13',2,3),('20d1caa2-af86-4bd1-b358-374e3c03bd8a','048','¿Qué tal tu día?','<div class=\"preview-expand-header d-flex position-relative\" style=\" display: flex !important; position: relative !important; color: rgb(69, 69, 69); font-family: Inter, &quot;Helvetica Neue&quot;, Arial, sans-serif; font-size: 18px; font-style: normal; font-weight: 400; text-align: left; text-indent: 0px; white-space: normal; background-color: rgb(255, 255, 255);\"><h3 class=\"h3 course-info-heading\" style=\" margin-top: 0px; margin-bottom: 0.5rem; font-weight: 700; line-height: 1.25; color: rgb(69, 69, 69); font-size: 2rem; font-family: Inter, &quot;Helvetica Neue&quot;, Arial, sans-serif; border-bottom: 0px; display: inline-block;\">Syllabus</h3></div><div class=\"preview-expand-body mb-4 expanded\" style=\" margin-bottom: 1.5rem !important; max-height: 2000px; height: auto; overflow: hidden; position: relative; color: rgb(69, 69, 69); font-family: Inter, &quot;Helvetica Neue&quot;, Arial, sans-serif; font-size: 18px; font-style: normal; font-weight: 400; text-align: left; text-indent: 0px; white-space: normal; background-color: rgb(255, 255, 255);\"><div class=\"course-description\"><div><p style=\" margin-top: 0px; margin-bottom: 1rem;\"><strong style=\" font-weight: bolder;\">Unit 2: ¿Qué tal tu día?</strong></p><p style=\" margin-top: 0px; margin-bottom: 1rem;\">This Unit includes practice in describing our daily lives, asking questions about others, expressing preferences, and saying whether or not we liked something.</p></div></div></div>',2,NULL,NULL,'2021-01-07 13:49:59','fff012cd-2b47-4561-939d-cfd16611cadb',NULL,'2021-01-07 13:49:59',2,0),('20e77cdd-4ec7-4734-8360-3307986f9447','024','Avaliação do perfil de entrada','',NULL,NULL,NULL,'2021-01-06 17:00:29','142fc681-8eba-421b-93ac-9d074490fecc',NULL,'2021-01-06 17:00:29',100,3),('211e0820-9f0f-4a47-8839-b3a013eee023','044','Avaliação do perfil de entrada','',NULL,NULL,NULL,'2021-01-07 07:15:13','12fba126-fc02-4963-92dc-84b5f2380a0b',NULL,'2021-01-07 07:15:13',100,3),('2287ce66-0692-47a3-8e72-5e7cdad614d2','053','Avaliação do perfil de entrada','',NULL,NULL,NULL,'2021-01-15 14:40:47','b58a2c96-1bdc-45a4-823e-ffd2fde13a70',NULL,'2021-01-15 14:40:47',100,3),('24df99e0-7200-4272-b708-d4b5df1d4495','061','Avaliação do perfil de entrada','',2,NULL,NULL,'2021-02-12 16:51:21','97cae268-ff83-4a2f-bb78-cf2f1595b694',NULL,'2021-02-09 20:29:45',96,3),('26c29263-6238-49e6-9ba1-6da8b0bf4424','056','Avaliação do curso','',15,NULL,NULL,'2021-01-15 14:55:56','164d26b6-8254-4c84-a449-6ba21c06d548',NULL,'2021-01-15 14:55:56',99,3),('27b5ec2f-2713-4df4-a7e9-c7fe6e990a99','028','Exame final','',NULL,NULL,NULL,'2021-01-06 18:32:49','57c84217-0742-45e3-9ea0-47eeeb43925d',NULL,'2021-01-06 17:07:04',0,3),('27da30c3-bf03-4a65-b423-a41e421295ab','063','Avaliação do curso','',15,NULL,NULL,'2021-02-09 20:29:57','c14bedeb-39b0-4186-a319-b986db511ca9',NULL,'2021-02-09 20:29:57',99,3),('295d231b-5a5a-4d95-9e6f-47c6b6f1dfcb','054','Exame final','',5,NULL,NULL,'2021-02-06 19:18:13','a0fe56c4-2c3c-43f7-b6de-96eadd164900',NULL,'2021-01-15 14:40:47',2,3),('2a7a27c1-deba-4407-b01f-f8908f4f0565','054','Certificado','',NULL,NULL,NULL,'2021-01-15 14:40:47','a0fe56c4-2c3c-43f7-b6de-96eadd164900',NULL,'2021-01-15 14:40:47',100,5),('2baa8c20-016c-48d5-a859-91eac51d1f7d','047','Mañana voy a empezar a estudiar español','<div class=\"preview-expand-header d-flex position-relative\" style=\" display: flex !important; position: relative !important; color: rgb(69, 69, 69); font-family: Inter, &quot;Helvetica Neue&quot;, Arial, sans-serif; font-size: 18px; font-style: normal; font-weight: 400; text-align: left; text-indent: 0px; white-space: normal; background-color: rgb(255, 255, 255);\"><h3 class=\"h3 course-info-heading\" style=\" margin-top: 0px; margin-bottom: 0.5rem; font-weight: 700; line-height: 1.25; color: rgb(69, 69, 69); font-size: 2rem; font-family: Inter, &quot;Helvetica Neue&quot;, Arial, sans-serif; border-bottom: 0px; display: inline-block;\">Syllabus</h3><a href=\"https://www.edx.org/course/basic-spanish-3-getting-there#course-syllabus\" class=\"show-on-focus\" style=\" color: rgb(255, 255, 255) !important; text-decoration: none; background: rgba(0, 0, 0, 0.6); position: absolute; width: 1px; height: 1px; margin: -1px; overflow: hidden; white-space: nowrap; border: 0px; line-height: 2; padding: 0px; text-align: center;\"><span>Skip Syllabus</span></a></div><div class=\"preview-expand-body mb-4 expanded\" style=\" margin-bottom: 1.5rem !important; max-height: 2000px; height: auto; overflow: hidden; position: relative; color: rgb(69, 69, 69); font-family: Inter, &quot;Helvetica Neue&quot;, Arial, sans-serif; font-size: 18px; font-style: normal; font-weight: 400; text-align: left; text-indent: 0px; white-space: normal; background-color: rgb(255, 255, 255);\"><div class=\"course-description\"><div><p style=\" margin-top: 0px; margin-bottom: 1rem;\"><strong style=\" font-weight: bolder;\">Unit 1: Mañana voy a empezar a estudiar español</strong></p><p style=\" margin-top: 0px; margin-bottom: 1rem;\">This Unit includes practice in expressing actions that will take place in the future, describing every day chores, formulating questions, and learning to use time expressions.</p></div></div></div>',2,NULL,NULL,'2021-01-07 13:47:35','fff012cd-2b47-4561-939d-cfd16611cadb',NULL,'2021-01-07 13:47:35',1,0),('2cc1726c-373a-47c1-b5cd-1e165e8f2149','012','Exercícios',NULL,5,NULL,NULL,'2021-01-09 00:07:32','5a1163cc-1b0d-4834-b229-784b802222c9',NULL,'2020-12-31 09:45:13',3,3),('2d7bcb3f-a818-4284-8481-052a102cb735','026','Exame final','',NULL,NULL,NULL,'2021-01-06 17:02:49','7ec660be-c7f2-42ae-b603-b65717f4e1be',NULL,'2021-01-06 17:02:49',2,3),('312b76b9-36a6-4234-b747-6b8a1fd14f2d','035','Avaliação do perfil de entrada','',NULL,NULL,NULL,'2021-01-07 06:48:11','87560678-ef4e-4f3a-81c8-ee3b9e651061',NULL,'2021-01-07 06:48:11',100,3),('386cf377-c235-47bc-8442-8439e2739b42','033','Exame final','',NULL,NULL,NULL,'2021-01-07 06:46:11','f2190498-3bb2-42eb-ae13-b9c261e8d1dc',NULL,'2021-01-07 06:46:11',2,3),('3ba4c08b-8c17-4e6b-be49-ac21974b0de8','063','Certificado','',NULL,NULL,NULL,'2021-02-09 20:29:46','c14bedeb-39b0-4186-a319-b986db511ca9',NULL,'2021-02-09 20:29:46',100,5),('3c9a10b0-b15b-44a9-bea2-75a722f00f51','036','Avaliação do curso','',15,NULL,NULL,'2021-01-07 06:48:17','ef4f4704-fb35-4c26-b5e6-1aee7cc7f60c',NULL,'2021-01-07 06:48:17',99,3),('3edb8218-4c28-4301-a25d-2669c6f6b240','029',NULL,'',NULL,NULL,NULL,'2021-01-06 18:32:50','57c84217-0742-45e3-9ea0-47eeeb43925d',NULL,'2021-01-06 17:07:06',1,3),('3f18c31a-357d-431b-ac03-e01b7a4a9ee3','082','Apresentação','Payments infrastructure for the internet\nMillions of companies of all sizes—from startups to Fortune 500s—use Stripe’s software and APIs to accept payments, send payouts, and manage their businesses online.\nAdd payment methods\nIntegrate digital wallets like Alipay, Apple Pay, and Google Pay, or let customers pay with other payment methods like bank debits or transfers. Payment methods help boost conversion.',NULL,NULL,NULL,'2021-04-10 11:36:50','5a8ab830-41ca-47f2-a85b-fde7ba96ff6e',NULL,'2021-04-10 11:36:50',95,0),('40bdb0f9-0e50-46e4-becb-865dad37de03','068','Apresentação',NULL,NULL,NULL,NULL,'2021-02-09 20:34:31','954ada3d-cbae-4b45-8212-388365b64e7d',NULL,'2021-02-09 20:34:31',95,0),('40f06399-0d85-42ab-8c9e-ecbdfeff715b','016','Coaching buisness model',NULL,2,NULL,'https://www.youtube.com/embed/tGi3fv7jifs','2021-01-04 17:19:51','54e42aad-e08f-4143-b5dc-4ba3dbae3ab9',NULL,'2021-01-04 17:19:51',2,2),('413c82c8-3b18-4cbe-8dce-2741be5bf027','055','Avaliação do perfil de entrada','',NULL,NULL,NULL,'2021-01-15 14:55:51','58b3217a-d032-4d45-a1fe-5fc5cce429de',NULL,'2021-01-15 14:55:51',100,3),('46ac6834-b264-4b37-8134-444de30a1d2a','013','Exercicio',NULL,2,NULL,NULL,'2021-01-09 11:16:50','c56b0049-fc8d-42b8-a310-76f5089cd7ff',NULL,'2020-12-31 12:22:21',3,3),('483f0186-3a6c-4518-a7f1-364ac0f41ef5','077','Avaliação do perfil de entrada','',5,NULL,NULL,'2021-02-12 18:28:01','031892d2-6501-41b4-9ced-003d2e800492',NULL,'2021-02-12 18:21:05',96,3),('4a76ae85-85f6-4eff-a214-0c3c8d397bf1','039','Avaliação do curso','',15,NULL,NULL,'2021-01-07 06:58:04','176aa94f-3e4d-4f8d-af57-9d5f05d7cf6c',NULL,'2021-01-07 06:58:04',99,3),('4d50fbc2-d1b6-48b0-addf-78908bdb2bdd','015','Competencias',NULL,2,NULL,'/courses/005/attachment/cover-35098d67.pdf','2021-01-04 17:17:30','54e42aad-e08f-4143-b5dc-4ba3dbae3ab9',NULL,'2021-01-04 17:17:30',1,1),('53c57369-cff4-4306-9a0b-b8b8611a9efd','078','Avaliação do curso','',15,NULL,NULL,'2021-02-12 18:21:05','5fc26696-d122-4a27-8d01-c57f8414548c',NULL,'2021-02-12 18:21:05',99,3),('5627bfc5-4593-478e-af8c-5b1a546d251e','075',NULL,NULL,2,NULL,NULL,'2021-02-12 18:03:51','6bbed1ad-4bac-4909-b033-1d41d899b0e2',NULL,'2021-02-12 18:03:51',3,0),('63a45d0e-75d4-45d5-a420-7593265cf8ed','023','Avaliação do curso','',NULL,NULL,NULL,'2021-01-06 16:28:58','5ac0c4c2-57d2-466f-8f9e-6feae09dd0dd',NULL,'2021-01-06 16:28:58',1,3),('68d99555-e271-4229-adbe-94cf4655b153','022','Avaliação do perfil de entrada','',NULL,NULL,NULL,'2021-01-06 16:28:58','7f76941f-a75a-4c58-9b21-078d5871af10',NULL,'2021-01-06 16:28:58',100,3),('6a381696-172f-4fee-9843-f061ff9db8de','059','Certificado','',NULL,NULL,NULL,'2021-01-15 15:06:43','10074c2e-16f8-4a07-90aa-b63f10b00a00',NULL,'2021-01-15 15:06:43',100,5),('6e105a54-5672-4a8e-80fe-a4bd4383d9a7','024','Exame final','',NULL,NULL,NULL,'2021-01-06 16:28:58','5ac0c4c2-57d2-466f-8f9e-6feae09dd0dd',NULL,'2021-01-06 16:28:58',2,3),('71f24f23-48b4-4bb5-96fe-52598d88b838','017','Perguntas de controlo',NULL,5,NULL,NULL,'2021-01-09 12:17:22','54e42aad-e08f-4143-b5dc-4ba3dbae3ab9',NULL,'2021-01-04 17:22:26',3,3),('79ea5f79-327a-4fda-9616-c4919a77200c','043','Avaliação do curso','',15,NULL,NULL,'2021-01-07 06:59:11','bbca92f7-4246-427a-b30a-09f51d836510',NULL,'2021-01-07 06:59:11',99,3),('7b8c894a-ed1b-429a-ae78-2abf2dad1dd5','027','Avaliação do perfil de entrada','',NULL,NULL,NULL,'2021-01-06 17:07:04','7ca65955-99a4-4c89-977b-de32400d5372',NULL,'2021-01-06 17:07:04',100,3),('7e75c7b4-e188-4f20-8397-bae76acf1913','069','Exame final','',NULL,NULL,NULL,'2021-02-09 20:34:31','40a0162e-6a01-47b5-929a-35a96f33b1bd',NULL,'2021-02-09 20:34:31',97,3),('81ab7861-03ca-445d-b3ec-ad96b8a713c0','026','Avaliação do curso','',NULL,NULL,NULL,'2021-01-06 17:02:49','b4453cdd-bdfb-4677-9016-b3d2b76d719b',NULL,'2021-01-06 17:02:49',99,3),('8843af6a-96af-4586-9a5b-23eccc9123e6','025','Exame final','',NULL,NULL,NULL,'2021-01-06 17:00:37','b4453cdd-bdfb-4677-9016-b3d2b76d719b',NULL,'2021-01-06 17:00:37',2,3),('88ff527c-4c23-4a17-98aa-b57e0b9e08da','066','Exame final','',NULL,NULL,NULL,'2021-02-09 20:33:53','25b12c34-2ffe-4c7d-9a07-a7eed3c9d292',NULL,'2021-02-09 20:33:53',97,3),('8bd10415-427c-4ede-b29c-80edcbc15403','002','Managing Innovation','<div><div>&#10;        <img src=\"https://img.icons8.com/color/96/000000/youtube-play.png\">&#10;        <a href=\"https://www.youtube.com/watch?v=s2vW5u6YE24\" target=\"_blank\">&#10;          <img src=\"https://img.youtube.com/vi/s2vW5u6YE24/0.jpg\" alt=\"click to watch\">&#10;        </a></div></div><div><br></div>Do you feel innovation activity in your organization is ad-hoc? Are you looking for a systematic approach through which innovation capacity can be enhanced in your organization? Do you want answers to questions like what is innovation in business, what is innovation in entrepreneurship, importance of innovation in business, innovative ideas for business growth, and why businesses need to innovate, etc.&#10;&#10;Thiscourse will show you how you can build aninnovation pipeline, improve idea velocity and enhance business impact through an8-steps approach.Moreover, we will also explore ways of sustaining participation in innovation activity.&#10;&#10;You will get to learn some of the industry best practices. And also learn to apply the tools in your own context. For example, you will learn to create a challenge book that articulates the key challenges in your organization. Similarly, you will find ways to design low-cost experiments.&#10;&#10;Whether you are in a start-up or a large organization, in a hi-tech or low-tech business, product or services business, thiscoursewill have something for you to apply in your context and make your organization more innovative.',1,NULL,NULL,'2021-01-09 11:51:44','5a1163cc-1b0d-4834-b229-784b802222c9',NULL,'2020-12-24 06:47:18',2,0),('8e8c2c14-8c09-44ae-b19f-2d66a0815e0f','018','Avaliação do perfil de entrada','',NULL,NULL,NULL,'2021-01-05 18:57:50','30e90364-ed05-4495-bd06-8fe609a51a84',NULL,'2021-01-05 18:57:50',0,0),('90916c0d-1f88-43a7-be6b-4def1c02ca0a','064','Avaliação do perfil de entrada','',NULL,NULL,NULL,'2021-02-09 20:33:53','68cd2f1c-6b8f-46fe-8a25-5b3ade9dd12e',NULL,'2021-02-09 20:33:53',96,3),('92f67845-99e4-4bc7-b03d-b6b91e045f07','059','Avaliação do curso','',15,NULL,NULL,'2021-01-15 15:06:46','10074c2e-16f8-4a07-90aa-b63f10b00a00',NULL,'2021-01-15 15:06:46',99,3),('975bd6f8-ce66-40a2-a5ac-0f32688ebdd4','051','Avaliação do perfil de entrada','',NULL,NULL,NULL,'2021-01-08 16:46:24','c4d4d616-6653-4dd7-80b8-587f02815e6d',NULL,'2021-01-08 16:46:24',100,3),('9827d41d-9042-4520-a629-553921702f29','052','Certificado',NULL,0,NULL,NULL,'2021-01-09 15:11:09','54e42aad-e08f-4143-b5dc-4ba3dbae3ab9',NULL,'2021-01-09 15:11:09',5,100),('989fee0e-53e0-47dd-87e5-fcb056ad83fb','080','PDF Test',NULL,1,NULL,'/courses/033/attachment/cover-e8289e80.pdf','2021-02-12 18:34:24','b76966e8-e22d-43b7-82fd-868ebff5526d',NULL,'2021-02-12 18:34:24',2,1),('99704601-c4c4-4354-a699-35d9fe133a5d','009','Wanda vision',NULL,3,NULL,'/courses/005/attachment/cover-35098d67.mp4','2021-01-05 16:47:29','e2c8ba37-8a34-4e04-a10f-ae730273cfa7',NULL,'2020-12-29 23:17:18',1,1),('9b15cb14-1f65-4aff-a849-bfafe43b9681','072','Find Index of el on arr','<pre class=\"language-js\" style=\"font-family: Consolas, Monaco, &quot;Andale Mono&quot;, &quot;Ubuntu Mono&quot;, monospace; margin: 0.5em 0px; overflow: auto; padding: 1em; background: rgb(39, 40, 34); border: 1px solid rgb(221, 219, 204); border-radius: 3px; font-size: 20px; white-space: pre; color: rgb(248, 248, 242); text-align: left; line-height: 1.5; font-style: normal; font-weight: 400; text-indent: 0px;\"><code class=\" language-js\" data-lang=\"js\" style=\"font-family: Consolas, Monaco, &quot;Andale Mono&quot;, &quot;Ubuntu Mono&quot;, monospace; font-size: 1em; padding: 0px; color: rgb(204, 204, 204); background: 0px 0px; border-radius: 4px; white-space: pre; text-align: left; line-height: 1.5;\"><span class=\"token keyword\" style=\"color: rgb(204, 153, 205);\">const</span> letters <span class=\"token operator\" style=\"color: rgb(103, 205, 204);\">=</span> <span class=\"token punctuation\" style=\"color: rgb(204, 204, 204);\">[</span><span class=\"token string\" style=\"color: rgb(126, 198, 153);\">\'a\'</span><span class=\"token punctuation\" style=\"color: rgb(204, 204, 204);\">,</span> <span class=\"token string\" style=\"color: rgb(126, 198, 153);\">\'b\'</span><span class=\"token punctuation\" style=\"color: rgb(204, 204, 204);\">,</span> <span class=\"token string\" style=\"color: rgb(126, 198, 153);\">\'c\'</span><span class=\"token punctuation\" style=\"color: rgb(204, 204, 204);\">]</span>\n\n<span class=\"token keyword\" style=\"color: rgb(204, 153, 205);\">const</span> index <span class=\"token operator\" style=\"color: rgb(103, 205, 204);\">=</span> letters<span class=\"token punctuation\" style=\"color: rgb(204, 204, 204);\">.</span><span class=\"token function\" style=\"color: rgb(240, 141, 73);\">indexOf</span><span class=\"token punctuation\" style=\"color: rgb(204, 204, 204);\">(</span><span class=\"token string\" style=\"color: rgb(126, 198, 153);\">\'b\'</span><span class=\"token punctuation\" style=\"color: rgb(204, 204, 204);\">)</span>\n\n<span class=\"token comment\" style=\"color: rgb(153, 153, 153);\">//index is `1`</span></code></pre>',2,NULL,NULL,'2021-02-10 11:04:02','5c213f98-5891-4b9d-8782-22e477328078',NULL,'2021-02-10 11:04:02',1,0),('9d95532f-e249-4e8d-8d9e-6078089ceb7f','036','Exame final','',NULL,NULL,NULL,'2021-01-07 06:48:11','ef4f4704-fb35-4c26-b5e6-1aee7cc7f60c',NULL,'2021-01-07 06:48:11',2,3),('9de88cd5-0270-4416-950f-cf4878e814eb','052','Exame final','',NULL,NULL,NULL,'2021-01-08 16:46:24','084e4021-5661-4757-92b4-bf795c147674',NULL,'2021-01-08 16:46:24',2,3),('9e9b6931-8358-49ff-a53a-b2d055633f88','042','Avaliação do perfil de entrada','',NULL,NULL,NULL,'2021-01-07 06:59:09','52238442-9d14-4c67-b64e-5c2f41ed917d',NULL,'2021-01-07 06:59:09',100,3),('9f232478-9357-4f97-935e-05412e47f44f','034','Avaliação do curso','',15,NULL,NULL,'2021-01-07 06:46:21','f2190498-3bb2-42eb-ae13-b9c261e8d1dc',NULL,'2021-01-07 06:46:21',99,3),('9f4cf436-8a21-4af9-b89c-fd4d04bdf461','021','Exame final','',NULL,NULL,NULL,'2021-01-06 06:40:22','018ea747-7835-4598-8372-22f19686e18a',NULL,'2021-01-06 06:40:22',100,3),('9fb4f010-b5dc-471c-91e5-ce1bf0cbda34','024','Avaliação do perfil de entrada','',NULL,NULL,NULL,'2021-01-06 17:00:29','17d5b87e-733c-4cdd-9c75-c1cbce0bc002',NULL,'2021-01-06 17:00:29',100,3),('a0fd29bd-b5f2-4c43-9668-170b6427fc44','070','UKZ Desk','<p><span style=\"color: rgb(66, 66, 66); font-family: Avenir, -apple-system, BlinkMacSystemFont, &quot;Segoe UI&quot;, Roboto, Oxygen, Ubuntu, &quot;Helvetica Neue&quot;, Arial, sans-serif; font-size: 20px; font-style: normal; font-weight: 400; text-align: start; text-indent: 0px; white-space: normal; background-color: rgb(254, 254, 254); display: inline !important; float: none;\">You can use the<span>&nbsp;</span></span><code style=\"font-family: Inconsolata, monospace; font-size: 20px; padding: 2px 4px; color: rgb(68, 68, 68); background-color: rgb(241, 240, 234); border-radius: 4px; font-style: normal; font-weight: 400; text-align: start; text-indent: 0px; white-space: normal;\">findIndex</code><span style=\"color: rgb(66, 66, 66); font-family: Avenir, -apple-system, BlinkMacSystemFont, &quot;Segoe UI&quot;, Roboto, Oxygen, Ubuntu, &quot;Helvetica Neue&quot;, Arial, sans-serif; font-size: 20px; font-style: normal; font-weight: 400; text-align: start; text-indent: 0px; white-space: normal; background-color: rgb(254, 254, 254); display: inline !important; float: none;\"><span>&nbsp;</span>value like this, which runs a function for each item in the array, which is passed the element, and its index. Returning from it will assign the return value to the return value of<span>&nbsp;</span></span><code style=\"font-family: Inconsolata, monospace; font-size: 20px; padding: 2px 4px; color: rgb(68, 68, 68); background-color: rgb(241, 240, 234); border-radius: 4px; font-style: normal; font-weight: 400; text-align: start; text-indent: 0px; white-space: normal;\">findIndex</code><span style=\"color: rgb(66, 66, 66); font-family: Avenir, -apple-system, BlinkMacSystemFont, &quot;Segoe UI&quot;, Roboto, Oxygen, Ubuntu, &quot;Helvetica Neue&quot;, Arial, sans-serif; font-size: 20px; font-style: normal; font-weight: 400; text-align: start; text-indent: 0px; white-space: normal; background-color: rgb(254, 254, 254); display: inline !important; float: none;\">:</span><br></p>',2,NULL,NULL,'2021-02-10 10:58:48','6bbed1ad-4bac-4909-b033-1d41d899b0e2',NULL,'2021-02-10 10:58:48',1,0),('a2152c21-ca90-4c60-8629-976b3362ba9e','050','¿Dónde pasaste las vacaciones?','<div class=\"preview-expand-header d-flex position-relative\" style=\" display: flex !important; position: relative !important; color: rgb(69, 69, 69); font-family: Inter, &quot;Helvetica Neue&quot;, Arial, sans-serif; font-size: 18px; font-style: normal; font-weight: 400; text-align: left; text-indent: 0px; white-space: normal; background-color: rgb(255, 255, 255);\"><h3 class=\"h3 course-info-heading\" style=\" margin-top: 0px; margin-bottom: 0.5rem; font-weight: 700; line-height: 1.25; color: rgb(69, 69, 69); font-size: 2rem; font-family: Inter, &quot;Helvetica Neue&quot;, Arial, sans-serif; border-bottom: 0px; display: inline-block;\">Syllabus</h3><a href=\"https://www.edx.org/course/basic-spanish-3-getting-there#course-syllabus\" class=\"show-on-focus\" style=\" color: rgb(255, 255, 255) !important; text-decoration: none; background: rgba(0, 0, 0, 0.6); position: absolute; width: 1px; height: 1px; margin: -1px; overflow: hidden; white-space: nowrap; border: 0px; line-height: 2; padding: 0px; text-align: center;\"><span>Skip Syllabus</span></a></div><div class=\"preview-expand-body mb-4 expanded\" style=\" margin-bottom: 1.5rem !important; max-height: 2000px; height: auto; overflow: hidden; position: relative; color: rgb(69, 69, 69); font-family: Inter, &quot;Helvetica Neue&quot;, Arial, sans-serif; font-size: 18px; font-style: normal; font-weight: 400; text-align: left; text-indent: 0px; white-space: normal; background-color: rgb(255, 255, 255);\"><div class=\"course-description\"><p style=\" margin-top: 0px; margin-bottom: 1rem;\"><span style=\"font-weight: bolder;\">Unit 4: ¿Dónde pasaste las vacaciones?</span><br></p><p style=\" margin-top: 0px; margin-bottom: 1rem;\">This Unit includes practice in using the past indefinite verb tense, describing what we did the previous day, describing how we spent the weekend, talking about our friends and explaining what they did, and talking about the holidays.</p></div></div>',2,NULL,NULL,'2021-01-07 15:12:19','6b7b04cc-779e-4b2c-b073-b6b3cd698dbb',NULL,'2021-01-07 15:11:50',0,0),('a341f630-34b3-4354-b468-5179ff790e29','008','+30 Livros de Programação Grátis','<p><span style=\"color: rgb(84, 84, 84); font-family: &quot;Brother 1816&quot;, Helvetica, Arial, Lucida, sans-serif; font-size: 16px; font-style: normal; font-weight: 500; text-align: left; text-indent: 0px; white-space: normal; background-color: rgb(255, 255, 255); display: inline !important; float: none;\">Uma<span>&nbsp;</span></span><a href=\"https://pt.wikipedia.org/wiki/Linguagem_de_programa%C3%A7%C3%A3o\" target=\"_blank\" rel=\"noopener noreferrer\" data-wpel-link=\"exclude\" style=\" margin: 0px; padding: 0px; border: 0px; font-size: 16px; vertical-align: baseline; background: rgb(255, 255, 255); text-decoration: none; color: rgb(0, 123, 255); font-family: &quot;Brother 1816&quot;, Helvetica, Arial, Lucida, sans-serif; font-style: normal; font-weight: 500; text-align: left; text-indent: 0px; white-space: normal;\">linguagem de programação</a><span style=\"color: rgb(84, 84, 84); font-family: &quot;Brother 1816&quot;, Helvetica, Arial, Lucida, sans-serif; font-size: 16px; font-style: normal; font-weight: 500; text-align: left; text-indent: 0px; white-space: normal; background-color: rgb(255, 255, 255); display: inline !important; float: none;\"><span>&nbsp;</span>consiste num conjunto de regras gramaticais que uma pessoa deve usar para escrever um conjunto de comandos de forma estruturada. Estes comandos serão lidos e interpretados pelo<span>&nbsp;</span></span><a href=\"https://pt.wikipedia.org/wiki/Computador\" target=\"_blank\" rel=\"noopener noreferrer\" data-wpel-link=\"exclude\" style=\" margin: 0px; padding: 0px; border: 0px; font-size: 16px; vertical-align: baseline; background: rgb(255, 255, 255); text-decoration: none; color: rgb(0, 123, 255); font-family: &quot;Brother 1816&quot;, Helvetica, Arial, Lucida, sans-serif; font-style: normal; font-weight: 500; text-align: left; text-indent: 0px; white-space: normal;\">computador</a><span style=\"color: rgb(84, 84, 84); font-family: &quot;Brother 1816&quot;, Helvetica, Arial, Lucida, sans-serif; font-size: 16px; font-style: normal; font-weight: 500; text-align: left; text-indent: 0px; white-space: normal; background-color: rgb(255, 255, 255); display: inline !important; float: none;\"><span>&nbsp;</span>para executar as instruções dadas pelo programador.</span><br></p>',10,NULL,'/courses/005/attachment/cover-35098d67.pdf','2021-01-08 13:24:19','c56b0049-fc8d-42b8-a310-76f5089cd7ff',NULL,'2020-12-28 17:46:16',2,1),('a34a95fa-0358-4085-a3c4-4c850a2b67f9','067','Avaliação do perfil de entrada','',NULL,NULL,NULL,'2021-02-09 20:34:31','954ada3d-cbae-4b45-8212-388365b64e7d',NULL,'2021-02-09 20:34:31',96,3),('a81b989b-e63f-49ba-ab70-31cc94d34245','052','Avaliação do curso','',15,NULL,NULL,'2021-01-08 16:46:24','084e4021-5661-4757-92b4-bf795c147674',NULL,'2021-01-08 16:46:24',99,3),('a9f928d4-1045-442d-8ffc-2bd0db12fb3f','074','Using var','<h2 id=\"using-var\" style=\"margin-bottom: 20px; padding-top: 40px; font-weight: 900; font-size: 28px; color: rgb(66, 66, 66); font-family: Avenir, -apple-system, BlinkMacSystemFont, &quot;Segoe UI&quot;, Roboto, Oxygen, Ubuntu, &quot;Helvetica Neue&quot;, Arial, sans-serif; font-style: normal; text-align: start; text-indent: 0px; white-space: normal; background-color: rgb(254, 254, 254);\">Using<span>&nbsp;</span><code style=\"font-family: Inconsolata, monospace; font-size: 28px; padding: 2px 4px; color: rgb(68, 68, 68); background-color: rgb(241, 240, 234); border-radius: 4px;\">var</code></h2><p style=\"line-height: 1.7em; margin: 0px 0px 30px; color: rgb(66, 66, 66); font-family: Avenir, -apple-system, BlinkMacSystemFont, &quot;Segoe UI&quot;, Roboto, Oxygen, Ubuntu, &quot;Helvetica Neue&quot;, Arial, sans-serif; font-size: 20px; font-style: normal; font-weight: 400; text-align: start; text-indent: 0px; white-space: normal; background-color: rgb(254, 254, 254);\">Until ES2015,<span>&nbsp;</span><code style=\"font-family: Inconsolata, monospace; font-size: 20px; padding: 2px 4px; color: rgb(68, 68, 68); background-color: rgb(241, 240, 234); border-radius: 4px;\">var</code><span>&nbsp;</span>was the only construct available for defining variables.</p><div class=\"highlight\" style=\"color: rgb(66, 66, 66); font-family: Avenir, -apple-system, BlinkMacSystemFont, &quot;Segoe UI&quot;, Roboto, Oxygen, Ubuntu, &quot;Helvetica Neue&quot;, Arial, sans-serif; font-size: 20px; font-style: normal; font-weight: 400; text-align: start; text-indent: 0px; white-space: normal; background-color: rgb(254, 254, 254);\"><pre class=\" language-js\" style=\"font-family: Consolas, Monaco, &quot;Andale Mono&quot;, &quot;Ubuntu Mono&quot;, monospace; margin: 0.5em 0px; overflow: auto; padding: 1em; background: rgb(39, 40, 34); border: 1px solid rgb(221, 219, 204); border-radius: 3px; font-size: 1em; white-space: pre; color: rgb(248, 248, 242); text-align: left; line-height: 1.5;\"><code class=\" language-js\" data-lang=\"js\" style=\"font-family: Consolas, Monaco, &quot;Andale Mono&quot;, &quot;Ubuntu Mono&quot;, monospace; font-size: 1em; padding: 0px; color: rgb(204, 204, 204); background: 0px 0px; border-radius: 4px; white-space: pre; text-align: left; line-height: 1.5;\"><span class=\"token keyword\" style=\"color: rgb(204, 153, 205);\">var</span> a <span class=\"token operator\" style=\"color: rgb(103, 205, 204);\">=</span> <span class=\"token number\" style=\"color: rgb(240, 141, 73);\">0</span>\n</code></pre></div><p style=\"line-height: 1.7em; margin: 0px 0px 30px; color: rgb(66, 66, 66); font-family: Avenir, -apple-system, BlinkMacSystemFont, &quot;Segoe UI&quot;, Roboto, Oxygen, Ubuntu, &quot;Helvetica Neue&quot;, Arial, sans-serif; font-size: 20px; font-style: normal; font-weight: 400; text-align: start; text-indent: 0px; white-space: normal; background-color: rgb(254, 254, 254);\">If you forget to add<span>&nbsp;</span><code style=\"font-family: Inconsolata, monospace; font-size: 20px; padding: 2px 4px; color: rgb(68, 68, 68); background-color: rgb(241, 240, 234); border-radius: 4px;\">var</code><span>&nbsp;</span>you will be assigning a value to an undeclared variable, and the results might vary.</p>',2,NULL,NULL,'2021-02-10 12:41:10','db5bfd2d-822b-4054-b448-90d3f499c8cc',NULL,'2021-02-10 12:41:10',2,0),('ac38558d-ee39-4379-b60f-0822c26360d9','032','Avaliação do perfil de entrada','',NULL,NULL,NULL,'2021-01-07 06:46:11','0b8ddf44-1a80-41eb-b514-746774d21328',NULL,'2021-01-07 06:46:11',100,3),('ae16bd1a-1d5f-4252-b359-09f097cb421e','056','Certificado','',NULL,NULL,NULL,'2021-01-15 14:55:51','164d26b6-8254-4c84-a449-6ba21c06d548',NULL,'2021-01-15 14:55:51',100,5),('af01804b-0d61-418b-83c8-ad0a1a9bb8cf','069','Certificado','',NULL,NULL,NULL,'2021-02-09 20:34:31','40a0162e-6a01-47b5-929a-35a96f33b1bd',NULL,'2021-02-09 20:34:31',100,5),('b267270c-739c-412b-912e-ce9f7f89ffe5','083','Avaliação do curso','',15,NULL,NULL,'2021-04-10 11:37:06','7cf315f8-7ea3-4fe6-87c5-698e7942da50',NULL,'2021-04-10 11:37:06',99,3),('b6ff1ede-85f3-4fd5-87a9-5994abf2aad4','031','Exame final','',NULL,NULL,NULL,'2021-01-06 17:12:47','4f1fa026-8af0-4992-8ace-b3c52289c107',NULL,'2021-01-06 17:12:47',2,3),('b75aac2a-57cc-4ca5-b607-9a5641ec9b69','024','Avaliação do curso','',NULL,NULL,NULL,'2021-01-06 16:28:58','5ac0c4c2-57d2-466f-8f9e-6feae09dd0dd',NULL,'2021-01-06 16:28:58',99,3),('b7fd619e-4596-44c1-a373-41a325a0e837','078','Certificado','',NULL,NULL,NULL,'2021-02-12 18:21:05','5fc26696-d122-4a27-8d01-c57f8414548c',NULL,'2021-02-12 18:21:05',100,100),('b99a625c-13c8-4572-9be2-75d1b17d36a1','011','Nerds','<p style=\"margin: 0.5em 0px; color: rgb(32, 33, 34); font-family: sans-serif; font-size: 14px; font-style: normal; font-weight: 400; text-align: start; text-indent: 0px; white-space: normal; background-color: rgb(255, 255, 255);\"><i><b>Nerd</b></i><span>&nbsp;</span>é um<span>&nbsp;</span><a href=\"https://pt.wikipedia.org/wiki/Conceito\" title=\"Conceito\" style=\"text-decoration: none; color: rgb(11, 0, 128); background: none;\">conceito</a><span>&nbsp;</span><a href=\"https://pt.wikipedia.org/wiki/Sociologia\" title=\"Sociologia\" style=\"text-decoration: none; color: rgb(11, 0, 128); background: none;\">sociológico</a><span>&nbsp;</span>moderno que por vezes é descrito como uma<span>&nbsp;</span><a href=\"https://pt.wikipedia.org/wiki/Tribo_urbana\" title=\"Tribo urbana\" style=\"text-decoration: none; color: rgb(11, 0, 128); background: none;\">tribo urbana</a>, muito embora possua características gerais mais imprecisas do que a maioria delas, e embora também não preceda à autoidentificação. A ideia de \"nerd\" está profundamente atrelada, historicamente, à<span>&nbsp;</span><a href=\"https://pt.wikipedia.org/wiki/Adolesc%C3%AAncia\" title=\"Adolescência\" style=\"text-decoration: none; color: rgb(11, 0, 128); background: none;\">adolescência</a><span>&nbsp;</span>e<span>&nbsp;</span><a href=\"https://pt.wikipedia.org/wiki/Juventude\" title=\"Juventude\" style=\"text-decoration: none; color: rgb(11, 0, 128); background: none;\">juventude</a>,<sup id=\"cite_ref-Patrícia_Matos_1-0\" class=\"reference\" style=\"line-height: 1; white-space: nowrap; font-weight: normal; font-style: normal; font-size: 11.2px;\"><a href=\"https://pt.wikipedia.org/wiki/Nerd#cite_note-Patr%C3%ADcia_Matos-1\" style=\"text-decoration: none; color: rgb(11, 0, 128); background: none; white-space: nowrap;\"><span>[</span>1<span>]</span></a></sup><span>&nbsp;</span>bem como à cultura do<span>&nbsp;</span><a href=\"https://pt.wikipedia.org/wiki/Educa%C3%A7%C3%A3o_nos_Estados_Unidos\" title=\"Educação nos Estados Unidos\" style=\"text-decoration: none; color: rgb(11, 0, 128); background: none;\">sistema escolar dos Estados Unidos</a>, ainda que também tenha sido exportada para outros países. Em termos gerais, o nerd é uma pessoa vista como excessivamente<span>&nbsp;</span><a href=\"https://pt.wikipedia.org/wiki/Intelectual\" title=\"Intelectual\" style=\"text-decoration: none; color: rgb(11, 0, 128); background: none;\">intelectual</a>, obsessiva por assuntos que a maioria das pessoas não se interessa, e com falta de habilidades sociais<sup id=\"cite_ref-2\" class=\"reference\" style=\"line-height: 1; white-space: nowrap; font-weight: normal; font-style: normal; font-size: 11.2px;\"><a href=\"https://pt.wikipedia.org/wiki/Nerd#cite_note-2\" style=\"text-decoration: none; color: rgb(11, 0, 128); background: none; white-space: nowrap;\"><span>[</span>2<span>]</span></a></sup><span>&nbsp;</span>fora do meio nerd. Tal pessoa pode gastar quantidades excessivas de tempo em atividades impopulares, pouco conhecidas ou não, que geralmente são altamente técnicas, complexas, abstratas ou relacionadas a livros filmes e séries de<span>&nbsp;</span><a href=\"https://pt.wikipedia.org/wiki/Fic%C3%A7%C3%A3o\" title=\"Ficção\" style=\"text-decoration: none; color: rgb(11, 0, 128); background: none;\">ficção</a><span>&nbsp;</span>ou<span>&nbsp;</span><a href=\"https://pt.wikipedia.org/wiki/Fantasia_(g%C3%AAnero)\" title=\"Fantasia (gênero)\" style=\"text-decoration: none; color: rgb(11, 0, 128); background: none;\">fantasia</a>, com exclusão de atividades mais comuns.<sup id=\"cite_ref-3\" class=\"reference\" style=\"line-height: 1; white-space: nowrap; font-weight: normal; font-style: normal; font-size: 11.2px;\"><a href=\"https://pt.wikipedia.org/wiki/Nerd#cite_note-3\" style=\"text-decoration: none; color: rgb(11, 0, 128); background: none; white-space: nowrap;\"><span>[</span>3<span>]</span></a></sup><sup id=\"cite_ref-4\" class=\"reference\" style=\"line-height: 1; white-space: nowrap; font-weight: normal; font-style: normal; font-size: 11.2px;\"><a href=\"https://pt.wikipedia.org/wiki/Nerd#cite_note-4\" style=\"text-decoration: none; color: rgb(11, 0, 128); background: none; white-space: nowrap;\"><span>[</span>4<span>]</span></a></sup><sup id=\"cite_ref-webster_5-0\" class=\"reference\" style=\"line-height: 1; white-space: nowrap; font-weight: normal; font-style: normal; font-size: 11.2px;\"><a href=\"https://pt.wikipedia.org/wiki/Nerd#cite_note-webster-5\" style=\"text-decoration: none; color: rgb(11, 0, 128); background: none; white-space: nowrap;\"><span>[</span>5<span>]</span></a></sup><span>&nbsp;</span>Além disso, muitos chamados nerds são descritos como sendo<span>&nbsp;</span><a href=\"https://pt.wikipedia.org/wiki/Timidez\" title=\"Timidez\" style=\"text-decoration: none; color: rgb(11, 0, 128); background: none;\">tímidos</a><span>&nbsp;</span>e<span>&nbsp;</span><a href=\"https://pt.wikipedia.org/wiki/Excentricidade_(comportamento)\" title=\"Excentricidade (comportamento)\" style=\"text-decoration: none; color: rgb(11, 0, 128); background: none;\">excêntricos</a><span>&nbsp;</span>,<sup id=\"cite_ref-6\" class=\"reference\" style=\"line-height: 1; white-space: nowrap; font-weight: normal; font-style: normal; font-size: 11.2px;\"><a href=\"https://pt.wikipedia.org/wiki/Nerd#cite_note-6\" style=\"text-decoration: none; color: rgb(11, 0, 128); background: none; white-space: nowrap;\"><span>[</span>6<span>]</span></a></sup><span>&nbsp;</span>bem como com muitas dificuldades em praticar, ou mesmo acompanhar<span>&nbsp;</span><a href=\"https://pt.wikipedia.org/wiki/Esporte\" class=\"mw-redirect\" title=\"Esporte\" style=\"text-decoration: none; color: rgb(11, 0, 128); background: none;\">esportes</a>.</p><p style=\"margin: 0.5em 0px; color: rgb(32, 33, 34); font-family: sans-serif; font-size: 14px; font-style: normal; font-weight: 400; text-align: start; text-indent: 0px; white-space: normal; background-color: rgb(255, 255, 255);\">Embora originalmente tivesse<span>&nbsp;</span><a href=\"https://pt.wikipedia.org/wiki/Conota%C3%A7%C3%A3o\" title=\"Conotação\" style=\"text-decoration: none; color: rgb(11, 0, 128); background: none;\">conotação</a><span>&nbsp;</span>depreciativa,<span>&nbsp;</span><i>nerd</i><span>&nbsp;</span>é um termo<span>&nbsp;</span><a href=\"https://pt.wikipedia.org/wiki/Estere%C3%B3tipo\" title=\"Estereótipo\" style=\"text-decoration: none; color: rgb(11, 0, 128); background: none;\">estereotipado</a>, mas como ocorreu com outros termos pejorativos, ele foi refinado e redefinido por alguns como um termo de<span>&nbsp;</span><a href=\"https://pt.wikipedia.org/wiki/Orgulho\" title=\"Orgulho\" style=\"text-decoration: none; color: rgb(11, 0, 128); background: none;\">orgulho</a><span>&nbsp;</span>e identidade de grupo.<sup id=\"cite_ref-Guilherme_7-0\" class=\"reference\" style=\"line-height: 1; white-space: nowrap; font-weight: normal; font-style: normal; font-size: 11.2px;\"><a href=\"https://pt.wikipedia.org/wiki/Nerd#cite_note-Guilherme-7\" style=\"text-decoration: none; color: rgb(11, 0, 128); background: none; white-space: nowrap;\"><span>[</span>7<span>]</span></a></sup><span>&nbsp;</span>Atualmente no entanto o termo nerd vem sendo usado por determinados grupos relacionados a interesses específicos como forma de se identificarem.</p>',5,NULL,NULL,'2020-12-31 12:02:23','e2c8ba37-8a34-4e04-a10f-ae730273cfa7',NULL,'2020-12-31 09:25:05',0,0),('ba6f49b3-9ff9-4e6b-b5f4-3f31e654a110','040','Avaliação do perfil de entrada','',NULL,NULL,NULL,'2021-01-07 06:58:22','2e138e71-a35c-4cd6-956d-2606aed18ae6',NULL,'2021-01-07 06:58:22',100,3),('bdf77bae-a4a2-4911-a9c3-deb9572b6c2f','046','Avaliação do curso','',15,NULL,NULL,'2021-01-07 07:16:22','c59f90bf-6577-42b5-bb83-32bb6c1b4614',NULL,'2021-01-07 07:16:22',99,3),('be9acb72-00b0-42d9-a0db-fb9986fcb391','007','What you\'ll learn','<h2 style=\" margin: 0px 0px 5px; font-weight: 800; line-height: 1.2em; color: rgb(18, 18, 18); font-size: 25px; font-family: &quot;Source Sans Pro&quot;, sans-serif; font-style: normal; text-align: start; text-indent: 0px; white-space: normal;\">Radio Buttons with Angular 7|8|9 Reactive Forms</h2><p style=\" margin: 0px 0px 1.5em; color: rgb(18, 18, 18); font-family: &quot;Source Sans Pro&quot;, sans-serif; font-size: 19px; font-style: normal; font-weight: 400; text-align: start; text-indent: 0px; white-space: normal;\">Now I am going to build radio buttons using Angular reactive forms. I will show you how to implement, set selected value and validate radio buttons in Angular app. I’ll use Reactive Form’s FormBuilder, FormControl, and ReactiveFormsModule service to handle radio buttons.</p>',3,NULL,'https://www.youtube.com/embed/iZpkQlaq6tY','2021-01-05 16:41:24','c56b0049-fc8d-42b8-a310-76f5089cd7ff',NULL,'2020-12-28 14:21:45',0,0),('c07eadce-4494-40d0-8031-89a9d61bb448','056','Exame final','',NULL,NULL,NULL,'2021-01-15 14:55:51','164d26b6-8254-4c84-a449-6ba21c06d548',NULL,'2021-01-15 14:55:51',97,3),('c72dff5a-6077-49eb-ac1c-b332a9c7ea5b','031',NULL,'',NULL,NULL,NULL,'2021-01-06 17:12:49','4f1fa026-8af0-4992-8ace-b3c52289c107',NULL,'2021-01-06 17:12:49',99,3),('c97e6712-ed12-4178-9be8-1b975a996644','020','Avaliação do perfil de entrada','',15,NULL,NULL,'2021-01-06 09:33:22','0c50754a-dde8-40cc-b140-ce1cbd30bfea',NULL,'2021-01-06 06:40:22',-1,3),('cb48af46-c116-4cd9-941f-3584977a3803','083','Certificado','',NULL,NULL,NULL,'2021-04-10 11:36:50','7cf315f8-7ea3-4fe6-87c5-698e7942da50',NULL,'2021-04-10 11:36:50',100,100),('cdef61c0-1690-481e-8f93-9b539f0dbecc','003','Exercising Leadership: Foundational Principles','<p><b>What you\'ll learn\nSkip What</b></p><div>you\'ll learn\nIn this short introductory course,&nbsp;</div><div><ul><li>you will discover a&nbsp;</li><li>diagnostic-and-action&nbsp;</li><li>process for exercising&nbsp;</li></ul></div><div>leadership that explores the following foundational principles and strategies:\n\nHow to identify and unbundle complex challenges\nHow to understand the role of <i><u>formal</u></i> and informal authority\nHow to identify the key perspectives of stakeholders\nHow to build and renew trust relationships\nHow to approach conflict\nHow to implement personal&nbsp;</div><div><img width=\"300px\" src=\"http://localhost:9800/courses/005/cover-35098d67.png\" class=\"e-rte-image e-imginline e-resize\" style=\"\"></div><div>strategies for surviving and thriving amidst change\nCollapse what you\'ll learn\nSyllabus\nSkip Syllabus\nIntroduction: Get on the Balcony\n1 Identify the Work to Be Done\n2 Lead With, Beyond, and Without Authority\n3.1 Take Action: Think Politically\n3.2 Take Action: Build Trust\n3.3 Take Action: Orchestrate Conflict\n4 Anchor Yourself\nConclusion: Staying Alive</div>',1,NULL,NULL,'2021-01-09 11:50:14','5a1163cc-1b0d-4834-b229-784b802222c9',NULL,'2020-12-24 07:11:25',1,0),('d0c38be4-40da-47f2-9676-a69fb994fff0','071','Rejoinin\'','<p><code style=\"font-family: Inconsolata, monospace; font-size: 20px; padding: 2px 4px; color: rgb(68, 68, 68); background-color: rgb(241, 240, 234); border-radius: 4px; font-style: normal; font-weight: 400; text-align: start; text-indent: 0px; white-space: normal;\">index</code><span style=\"color: rgb(66, 66, 66); font-family: Avenir, -apple-system, BlinkMacSystemFont, &quot;Segoe UI&quot;, Roboto, Oxygen, Ubuntu, &quot;Helvetica Neue&quot;, Arial, sans-serif; font-size: 20px; font-style: normal; font-weight: 400; text-align: start; text-indent: 0px; white-space: normal; background-color: rgb(254, 254, 254); display: inline !important; float: none;\"><span>&nbsp;</span>will be<span>&nbsp;</span></span><code style=\"font-family: Inconsolata, monospace; font-size: 20px; padding: 2px 4px; color: rgb(68, 68, 68); background-color: rgb(241, 240, 234); border-radius: 4px; font-style: normal; font-weight: 400; text-align: start; text-indent: 0px; white-space: normal;\">-1</code><span style=\"color: rgb(66, 66, 66); font-family: Avenir, -apple-system, BlinkMacSystemFont, &quot;Segoe UI&quot;, Roboto, Oxygen, Ubuntu, &quot;Helvetica Neue&quot;, Arial, sans-serif; font-size: 20px; font-style: normal; font-weight: 400; text-align: start; text-indent: 0px; white-space: normal; background-color: rgb(254, 254, 254); display: inline !important; float: none;\"><span>&nbsp;</span>which means the item was not found. Because objects are compared by reference, not by their values (differently for primitive types). The object passed to<span>&nbsp;</span></span><code style=\"font-family: Inconsolata, monospace; font-size: 20px; padding: 2px 4px; color: rgb(68, 68, 68); background-color: rgb(241, 240, 234); border-radius: 4px; font-style: normal; font-weight: 400; text-align: start; text-indent: 0px; white-space: normal;\">indexOf</code><span style=\"color: rgb(66, 66, 66); font-family: Avenir, -apple-system, BlinkMacSystemFont, &quot;Segoe UI&quot;, Roboto, Oxygen, Ubuntu, &quot;Helvetica Neue&quot;, Arial, sans-serif; font-size: 20px; font-style: normal; font-weight: 400; text-align: start; text-indent: 0px; white-space: normal; background-color: rgb(254, 254, 254); display: inline !important; float: none;\"><span>&nbsp;</span>is a completely different object than the second item in the array.</span><br></p>',2,NULL,NULL,'2021-02-10 11:01:17','6bbed1ad-4bac-4909-b033-1d41d899b0e2',NULL,'2021-02-10 11:01:17',2,0),('d0e46820-4f98-4c56-8ff2-672fdafa6912','083','Exame final','',NULL,NULL,NULL,'2021-04-10 11:36:50','7cf315f8-7ea3-4fe6-87c5-698e7942da50',NULL,'2021-04-10 11:36:50',97,3),('d1ab18f9-16f6-4e8a-ae02-780243d153d2','019','Exame final','',NULL,NULL,NULL,'2021-01-05 18:57:52','3bf3e448-38a7-4759-8934-23df40f02533',NULL,'2021-01-05 18:57:52',100,3),('d61fdd3e-3c1f-4876-8ee4-abd6c2d3bb29','054','Avaliação do curso','',15,NULL,NULL,'2021-01-15 14:40:48','a0fe56c4-2c3c-43f7-b6de-96eadd164900',NULL,'2021-01-15 14:40:48',99,3),('d89523e1-ae1d-4e34-90eb-85509b44c100','037','Avaliação do perfil de entrada','',NULL,NULL,NULL,'2021-01-07 06:58:00','2e3efe39-864c-418b-935e-6a2938bbf198',NULL,'2021-01-07 06:58:00',100,3),('d9c9c80c-7569-47fe-9c3f-d71bd9e48a2d','005','What you\'ll learn','<h3 class=\"h3 course-info-heading\" style=\" margin-top: 0px; margin-bottom: 0.5rem; font-weight: 700; line-height: 1.25; color: rgb(69, 69, 69); font-size: 2rem; font-family: Inter, &quot;Helvetica Neue&quot;, Arial, sans-serif; border-bottom: 0px; display: inline-block; font-style: normal; text-align: left; text-indent: 0px; white-space: normal; background-color: rgb(255, 255, 255);\"><span>Who can take this course?</span></h3><p style=\" margin-top: 0px; margin-bottom: 1rem; color: rgb(69, 69, 69); font-family: Inter, &quot;Helvetica Neue&quot;, Arial, sans-serif; font-size: 18px; font-style: normal; font-weight: 400; text-align: left; text-indent: 0px; white-space: normal; background-color: rgb(255, 255, 255);\"><span>Unfortunately, learners from one or more of the following countries or regions will not be able to register for this course: Iran, Cuba and the Crimea region of Ukraine. While edX has sought licenses from the U.S. Office of Foreign Assets Control (OFAC) to offer our courses to learners in these countries and regions, the licenses we have received are not broad enough to allow us to offer this course in all locations. EdX truly regrets that U.S. sanctions prevent us from offering all of our courses to everyone, no matter where they live.</span></p>',15,NULL,NULL,'2021-01-11 08:28:48','14a17e3e-b443-4d06-b0db-0c3341438fa0',NULL,'2020-12-26 17:50:00',1,0),('da77f518-47ac-4ad4-8546-a22f002e879f','060','credenciales-digitales','<p style=\" margin-top: 0px; margin-bottom: 1rem; color: rgb(69, 69, 69); font-family: Inter, &quot;Helvetica Neue&quot;, Arial, sans-serif; font-size: 18px; font-style: normal; font-weight: 400; text-align: left; text-indent: 0px; white-space: normal; background-color: rgb(255, 255, 255);\">El 61% de los estudiantes que han realizado el curso afirman que mejoraron su capacidad para formular, implementar y/o evaluar políticas públicas.</p><p style=\" margin-top: 0px; margin-bottom: 1rem; color: rgb(69, 69, 69); font-family: Inter, &quot;Helvetica Neue&quot;, Arial, sans-serif; font-size: 18px; font-style: normal; font-weight: 400; text-align: left; text-indent: 0px; white-space: normal; background-color: rgb(255, 255, 255);\">52% de los estudiantes han dicho que el curso les ha servido para mejorar los servicios a los ciudadanos como funcionarios públicos.</p>',1,NULL,NULL,'2021-01-15 15:31:20','ccebc9a1-1a4f-426d-8189-e3102a5ecd86',NULL,'2021-01-15 15:31:20',1,0),('db54da9a-a7f9-4b7c-a35d-1278995eac3f','010','Exercicios',NULL,5,NULL,NULL,'2021-01-09 11:17:23','e2c8ba37-8a34-4e04-a10f-ae730273cfa7',NULL,'2020-12-31 09:22:51',2,3),('dd27fc83-63c7-4bc6-97c3-e76941879e5c','058','Avaliação do perfil de entrada','',2,NULL,NULL,'2021-01-16 06:21:52','c754acad-7363-486e-a44a-e01ba7f5b904',NULL,'2021-01-15 15:06:43',96,3),('e05759f5-2635-48f0-8694-b28d952655dd','078','Exame final','',5,NULL,NULL,'2021-02-12 18:28:02','5fc26696-d122-4a27-8d01-c57f8414548c',NULL,'2021-02-12 18:21:05',97,3),('e288ce74-51fe-486f-8b25-a4b8040ec61c','030','Avaliação do perfil de entrada','',NULL,NULL,NULL,'2021-01-06 17:12:47','d393cf09-3f30-463c-af52-69bdafa6ba87',NULL,'2021-01-06 17:12:47',100,3),('e8c00d7d-596e-4929-a7c2-c489d0203dfd','078','Apresentação','<p>Fundamental R programming skills\nStatistical <strong>concepts</strong> such as probability, inference, and modeling and how to apply them in practice\nGain experience with the <span style=\"text-decoration: underline;\">tidyverse</span>, including data visualization with ggplot2 and data wrangling with dplyr</p>',1,NULL,NULL,'2021-02-12 18:25:41','031892d2-6501-41b4-9ced-003d2e800492',NULL,'2021-02-12 18:21:05',95,0),('ec8371a2-6916-42d3-bd55-4da9f9a84221','081','Avaliação do perfil de entrada','',NULL,NULL,NULL,'2021-04-10 11:36:50','5a8ab830-41ca-47f2-a85b-fde7ba96ff6e',NULL,'2021-04-10 11:36:50',96,3),('edbc7810-2bac-4edb-b680-aac484b61227','069','Avaliação do curso','',15,NULL,NULL,'2021-02-09 20:34:39','40a0162e-6a01-47b5-929a-35a96f33b1bd',NULL,'2021-02-09 20:34:39',99,3),('f0ba8d55-459b-4cf4-beca-55c2fa31f72c','043','Exame final','',NULL,NULL,NULL,'2021-01-07 06:59:09','bbca92f7-4246-427a-b30a-09f51d836510',NULL,'2021-01-07 06:59:09',2,3),('f1a5f72a-f8c9-4161-a6d0-dcb9fb6b4ce0','078','Courses in this program','<ul style=\" margin-top: 0px; margin-bottom: 1rem; color: rgb(69, 69, 69); font-family: Inter, &quot;Helvetica Neue&quot;, Arial, sans-serif; font-size: 18px; font-style: normal; font-weight: 400; text-align: left; text-indent: 0px; white-space: normal; background-color: rgb(255, 255, 255);\"><li class=\"bullet-point mb-2\" style=\" margin-bottom: 0.5rem !important;\">Gain experience with the tidyverse, including data visualization with ggplot2 and data wrangling with dplyr</li><li class=\"bullet-point mb-2\" style=\" margin-bottom: 0.5rem !important;\">Become familiar with essential tools for practicing data scientists such as Unix/Linux, git and GitHub, and RStudio</li><li class=\"bullet-point mb-2\" style=\" margin-bottom: 0.5rem !important;\">Implement machine learning algorithms</li><li class=\"bullet-point mb-2\" style=\" margin-bottom: 0.5rem !important;\">In-depth knowledge of fundamental data science concepts through motivating real-world case studies</li></ul>',1,NULL,NULL,'2021-02-12 18:30:12','72fb68d4-b643-434d-917b-38a149cad635',NULL,'2021-02-12 18:30:12',1,0),('f94e2ceb-c86e-469c-9d5e-d74391d40570','041','Avaliação do curso','',15,NULL,NULL,'2021-01-07 06:58:24','47065074-e1cc-45ca-ad6c-5f5b0f09b261',NULL,'2021-01-07 06:58:24',99,3),('fc62bfc0-be52-4a1d-a2e1-6617cab0a66c','079','Youtube test',NULL,1,NULL,'https://www.youtube.com/watch?v=XgtBKBn-Wlo&list=RDXgtBKBn-Wlo&start_radio=1','2021-02-12 18:47:27','b76966e8-e22d-43b7-82fd-868ebff5526d',NULL,'2021-02-12 18:32:50',1,2),('ff8d8480-fda4-4806-bc07-e65215ad694a','041','Exame final','',NULL,NULL,NULL,'2021-01-07 06:58:22','47065074-e1cc-45ca-ad6c-5f5b0f09b261',NULL,'2021-01-07 06:58:22',2,3);
/*!40000 ALTER TABLE `activities` ENABLE KEYS */;
UNLOCK TABLES;

--
-- Table structure for table `activity_tasks`
--

DROP TABLE IF EXISTS `activity_tasks`;
/*!40101 SET @saved_cs_client     = @@character_set_client */;
/*!50503 SET character_set_client = utf8mb4 */;
CREATE TABLE `activity_tasks` (
  `id` char(36) CHARACTER SET utf8mb3 COLLATE utf8mb3_bin NOT NULL,
  `text` varchar(255) DEFAULT NULL,
  `points` varchar(255) DEFAULT NULL,
  `createdAt` datetime DEFAULT NULL,
  `updatedAt` datetime DEFAULT NULL,
  `activityId` char(36) CHARACTER SET utf8mb3 COLLATE utf8mb3_bin DEFAULT NULL,
  `userId` char(36) CHARACTER SET utf8mb3 COLLATE utf8mb3_bin DEFAULT NULL,
  PRIMARY KEY (`id`),
  KEY `activityId` (`activityId`),
  KEY `userId` (`userId`),
  KEY `activity_tasks_id_user_id_activity_id` (`id`,`userId`,`activityId`),
  CONSTRAINT `activity_tasks_ibfk_1` FOREIGN KEY (`activityId`) REFERENCES `activities` (`id`) ON DELETE SET NULL ON UPDATE CASCADE,
  CONSTRAINT `activity_tasks_ibfk_2` FOREIGN KEY (`userId`) REFERENCES `users` (`id`) ON DELETE SET NULL ON UPDATE CASCADE
) ENGINE=InnoDB DEFAULT CHARSET=utf8mb3;
/*!40101 SET character_set_client = @saved_cs_client */;

--
-- Dumping data for table `activity_tasks`
--

LOCK TABLES `activity_tasks` WRITE;
/*!40000 ALTER TABLE `activity_tasks` DISABLE KEYS */;
INSERT INTO `activity_tasks` VALUES ('022bdc4f-e499-4f57-b7f3-312d7d92d9b8','Conteudo',NULL,'2021-01-07 06:48:24','2021-01-07 06:48:24','3c9a10b0-b15b-44a9-bea2-75a722f00f51',NULL),('045a0362-31dc-4450-bcc0-e2b7fd51ca50','Plataforma',NULL,'2021-01-07 06:46:28','2021-01-07 06:46:28','9f232478-9357-4f97-935e-05412e47f44f',NULL),('053dd250-7a9d-410b-92ad-66bfb21a1beb','que el entorno de la escuela y de','1','2021-01-16 05:53:43','2021-01-16 05:53:43',NULL,NULL),('0554d245-34a2-4401-bca1-092540ef4484','Qué podemos hacer individualmente, como escuela y como comunidad para vivir una vida más sostenible y saludable','1','2021-01-16 05:52:03','2021-01-16 05:52:03',NULL,NULL),('061b2930-390c-4331-81f5-a6eea3371928',NULL,'1','2021-01-15 15:46:00','2021-01-15 15:46:00',NULL,NULL),('082b39e0-b709-428d-80ff-c0b832820f2b','1 + 3','5','2021-02-10 10:34:58','2021-02-10 10:34:58','1389d9b3-f15c-4d95-b053-b52f9f099c80',NULL),('0925d569-32f7-437e-9736-8780a6167865','Ciencia básicadel cambio climático','1','2021-01-16 05:43:08','2021-01-16 05:43:08',NULL,NULL),('0ab310e4-40ce-466c-bb57-0694d55a3f61','Plataforma',NULL,'2021-01-07 06:59:12','2021-01-07 06:59:12','79ea5f79-327a-4fda-9616-c4919a77200c',NULL),('0ad70334-a760-44f6-bd8a-9488665a16ef','As actividades propostas (exercícios, casos práticos, estudos de caso, etc.) foram pertinentes?',NULL,'2021-01-15 14:56:01','2021-01-15 14:56:01','26c29263-6238-49e6-9ba1-6da8b0bf4424',NULL),('0ce9ef3e-a0f5-4399-9df8-d87c92069ef9','Qué podemos hacer individualmente, como escuela y como comunidad para vivir una vida más sostenible y saludable','1','2021-01-16 05:47:16','2021-01-16 05:47:16',NULL,NULL),('0e984155-f509-4e7c-be2c-f482e7bad9d0','Plataforma',NULL,'2021-01-06 17:07:12','2021-01-06 17:07:12','3edb8218-4c28-4301-a25d-2669c6f6b240',NULL),('1111bb0d-749d-449d-af43-9502c4a799d0','2 - 1','5','2021-02-10 10:35:11','2021-02-10 10:35:11','1389d9b3-f15c-4d95-b053-b52f9f099c80',NULL),('11a89d76-d3f8-426a-a2b0-50ada88f9227',NULL,NULL,'2021-01-06 16:28:58','2021-01-06 16:28:58','b75aac2a-57cc-4ca5-b607-9a5641ec9b69',NULL),('11be4289-20c3-49f4-9272-b5ae0e6e6bdb','que el entorno de la escuela y de','3','2021-01-16 05:58:34','2021-01-16 06:24:39','08da38e9-c361-4e38-9402-dd1bb697b269',NULL),('13782157-4d82-4ad7-8a8e-bebfc76dd376','Duração',NULL,'2021-01-07 06:59:13','2021-01-07 06:59:13','79ea5f79-327a-4fda-9616-c4919a77200c',NULL),('14d1dde6-e59c-4842-8b83-b452881d32cb','A organização e a qualidade do conteúdo facilitaram a aprendizagem?',NULL,'2021-01-15 15:06:46','2021-01-15 15:06:46','92f67845-99e4-4bc7-b03d-b6b91e045f07',NULL),('14f73cd9-5158-4ea8-b6b5-5d79207aa1c9','Ciencia básicadel cambio climático','1','2021-01-15 15:34:59','2021-01-15 15:34:59',NULL,NULL),('176b9b03-582a-4736-8590-caa5fbaa71bd','Duração',NULL,'2021-01-07 07:16:26','2021-01-07 07:16:26','bdf77bae-a4a2-4911-a9c3-deb9572b6c2f',NULL),('1cea4ee7-6f73-4b78-a3f5-2b56a9e98556','Qué tal tu día?',NULL,'2021-01-07 15:48:17','2021-01-07 15:48:17',NULL,NULL),('1d568667-97fa-4821-9fcb-fa4d02832182','1 x 2','5','2021-02-10 10:40:55','2021-02-12 16:51:21','24df99e0-7200-4272-b708-d4b5df1d4495',NULL),('1d6a8f17-4237-42ed-84cf-3da42d249dc1','Este curso/módulo correspondeu a sua expectativa, ou seja, contribuiu para consolidar e/ou adquirir novos conhecimentos e habilidades?',NULL,'2021-02-09 20:34:52','2021-02-09 20:34:52','edbc7810-2bac-4edb-b680-aac484b61227',NULL),('1da84d81-7ff1-4063-8a82-cb363b01398a','How many seasons','2','2020-12-31 09:25:05','2021-01-09 11:17:23','db54da9a-a7f9-4b7c-a35d-1278995eac3f',NULL),('20f27c02-24de-4e49-97d4-329e04ed3841','1 x 2','5','2021-02-10 10:39:46','2021-02-12 16:51:21','24df99e0-7200-4272-b708-d4b5df1d4495',NULL),('23257a1f-4770-4ab7-b6eb-1cf9723308b8','Plataforma',NULL,'2021-01-06 17:12:51','2021-01-06 17:12:51','c72dff5a-6077-49eb-ac1c-b332a9c7ea5b',NULL),('24815037-1884-454f-bd3d-65669cbda83b','A organização e a qualidade do conteúdo facilitaram a aprendizagem?',NULL,'2021-04-10 11:37:06','2021-04-10 11:37:06','b267270c-739c-412b-912e-ce9f7f89ffe5',NULL),('259835af-a03d-4c8c-882e-7d23f0d89b17','Duração',NULL,'2021-01-07 06:46:29','2021-01-07 06:46:29','9f232478-9357-4f97-935e-05412e47f44f',NULL),('26207a79-6f37-4982-978c-c132ed628c34','0 + 3 ','5','2021-02-10 10:39:46','2021-02-12 16:51:21','24df99e0-7200-4272-b708-d4b5df1d4495',NULL),('2a4c1258-b4bf-49d4-a88d-0a0c2affa69b','Ciencia básicadel cambio climático','1','2021-01-15 15:35:16','2021-01-15 15:35:16',NULL,NULL),('2a5d250d-0963-4722-9db6-cd972b6beae9','As actividades propostas (exercícios, casos práticos, estudos de caso, etc.) foram pertinentes?',NULL,'2021-04-10 11:37:06','2021-04-10 11:37:06','b267270c-739c-412b-912e-ce9f7f89ffe5',NULL),('2c1233b6-74ba-4bca-9cdd-96409e2fe63d','Ciencia básicadel cambio climático','1','2021-01-15 16:04:46','2021-01-15 16:04:46',NULL,NULL),('2da4d2be-bb37-42c0-afd8-a8f5da52b4b5','Os conhecimentos e habilidades adquiridos serão úteis no seu dia-a-dia?',NULL,'2021-01-15 14:55:58','2021-01-15 14:55:58','26c29263-6238-49e6-9ba1-6da8b0bf4424',NULL),('2f5864bc-bc66-4cbd-a117-4aa0828bf2ff','A organização e a qualidade do conteúdo facilitaram a aprendizagem?',NULL,'2021-01-15 14:40:48','2021-01-15 14:40:48','d61fdd3e-3c1f-4876-8ee4-abd6c2d3bb29',NULL),('2fe0cf30-4e00-49fb-90b4-6a2410a95427','2-1','2','2021-02-12 18:28:02','2021-02-12 18:28:02','e05759f5-2635-48f0-8694-b28d952655dd',NULL),('353a9f69-c78a-4397-9484-f7b0a1813c1e','1+1','2','2021-02-06 19:16:27','2021-02-06 19:18:13','295d231b-5a5a-4d95-9e6f-47c6b6f1dfcb',NULL),('36186522-9b31-4ecf-828d-4e71316fa96e','Qual é a relacção entre Luke Skaywalker e Han Solo','1','2020-12-31 12:22:21','2021-01-09 11:16:51','46ac6834-b264-4b37-8134-444de30a1d2a',NULL),('37766bc3-6f22-4abb-9cca-6953ca61bbed','1+1','2','2021-02-12 18:28:02','2021-02-12 18:28:02','e05759f5-2635-48f0-8694-b28d952655dd',NULL),('39ad024e-c5f2-4b6b-a18d-3531119b7c1e','2-2','2','2021-02-12 18:28:02','2021-02-12 18:28:02','e05759f5-2635-48f0-8694-b28d952655dd',NULL),('3b0c9ccd-9250-45e5-8f28-9523109f0b72','Os conhecimentos e habilidades adquiridos serão úteis no seu dia-a-dia?',NULL,'2021-01-15 14:40:48','2021-01-15 14:40:48','d61fdd3e-3c1f-4876-8ee4-abd6c2d3bb29',NULL),('3bf755c3-491a-4eae-a4c2-9971521de91d','1 x 2','5','2021-02-10 10:35:40','2021-02-10 10:35:40','1389d9b3-f15c-4d95-b053-b52f9f099c80',NULL),('4528d2f2-577a-4369-8a06-8d8e24d68e4d','2 x 1','5','2021-02-10 10:37:44','2021-02-10 10:37:44','1389d9b3-f15c-4d95-b053-b52f9f099c80',NULL),('4532f036-f0f5-4ee6-87b4-a292d97ace03','Conteudo',NULL,'2021-01-07 06:46:30','2021-01-07 06:46:30','9f232478-9357-4f97-935e-05412e47f44f',NULL),('4636b559-5966-467a-82f5-1be281f0641c','Os conhecimentos e habilidades adquiridos serão úteis no seu dia-a-dia?',NULL,'2021-01-15 15:06:46','2021-01-15 15:06:46','92f67845-99e4-4bc7-b03d-b6b91e045f07',NULL),('4677511f-ef38-48bf-9fdb-ab79496805a4','Programa',NULL,'2021-01-07 07:16:28','2021-01-07 07:16:28','bdf77bae-a4a2-4911-a9c3-deb9572b6c2f',NULL),('48a2760f-4f42-41f2-83f4-ba551f65913f','Duração',NULL,'2021-01-07 06:58:07','2021-01-07 06:58:07','4a76ae85-85f6-4eff-a214-0c3c8d397bf1',NULL),('48b15e3d-b81f-4165-9919-273b4583218f','A organização e a qualidade do conteúdo facilitaram a aprendizagem?',NULL,'2021-01-08 16:46:24','2021-01-08 16:46:24','a81b989b-e63f-49ba-ab70-31cc94d34245',NULL),('4c3323a5-c511-4d67-9518-7e4b951fde88','Programa',NULL,'2021-01-07 06:58:08','2021-01-07 06:58:08','4a76ae85-85f6-4eff-a214-0c3c8d397bf1',NULL),('4c79843b-ba32-4c8b-b421-3f66bc492e3c','A organização e a qualidade do conteúdo facilitaram a aprendizagem?',NULL,'2021-01-15 14:55:59','2021-01-15 14:55:59','26c29263-6238-49e6-9ba1-6da8b0bf4424',NULL),('51dfc2e1-67d8-42ff-9439-c72d686a62f1','Programa',NULL,'2021-01-06 17:07:20','2021-01-06 17:07:20','3edb8218-4c28-4301-a25d-2669c6f6b240',NULL),('52af8d4b-5806-4600-9cd9-1bc02d7d1be3','Ciencia básicadel cambio climático','1','2021-01-15 16:09:44','2021-01-15 16:09:44',NULL,NULL),('539b6454-da10-4c4a-b71a-246e31fff068','Duração',NULL,'2021-01-07 06:48:21','2021-01-07 06:48:21','3c9a10b0-b15b-44a9-bea2-75a722f00f51',NULL),('5422a955-6780-4ad7-9fd3-9d8e9a0d3295','que el entorno de la escuela y de','3','2021-01-16 05:58:34','2021-01-16 06:24:39','dd27fc83-63c7-4bc6-97c3-e76941879e5c',NULL),('54369b3c-2191-40e0-82af-33db4e5f1f33','Qual dos seguintes números é primo','2','2021-01-04 17:22:26','2021-01-09 12:17:22','71f24f23-48b4-4bb5-96fe-52598d88b838',NULL),('54630f2c-eb81-49f5-b7ca-de7de7ef024f','Qual dos seguintes não é numero par',NULL,'2021-01-04 17:23:51','2021-01-04 17:23:51',NULL,NULL),('559c2470-e9d4-471a-a588-7cd3754a29f5','Este curso/módulo correspondeu a sua expectativa, ou seja, contribuiu para consolidar e/ou adquirir novos conhecimentos e habilidades?',NULL,'2021-01-15 14:40:48','2021-01-15 14:40:48','d61fdd3e-3c1f-4876-8ee4-abd6c2d3bb29',NULL),('5858f87f-7269-4c70-9686-814f2a38417f','Duração',NULL,'2021-01-06 17:12:51','2021-01-06 17:12:51','c72dff5a-6077-49eb-ac1c-b332a9c7ea5b',NULL),('5895d7af-1db0-4e38-a897-3a6642327ccc','Conteudo',NULL,'2021-01-07 07:16:27','2021-01-07 07:16:27','bdf77bae-a4a2-4911-a9c3-deb9572b6c2f',NULL),('592a87d2-be23-4b61-99c3-9bebacaf2a5b','Original Streamer','2','2020-12-31 09:25:05','2021-01-09 11:17:23','db54da9a-a7f9-4b7c-a35d-1278995eac3f',NULL),('59e37e9b-aec1-4270-a119-a4341f53ee38','1 x 2','5','2021-02-10 10:35:11','2021-02-10 10:35:11','1389d9b3-f15c-4d95-b053-b52f9f099c80',NULL),('5be7cba3-32f0-4b26-8447-a2e35a670c5e','que el entorno de la escuela y de','1','2021-01-16 05:54:46','2021-01-16 05:54:46',NULL,NULL),('5c05ab12-1057-4c90-ad41-222979914800',NULL,'1','2021-01-15 15:46:44','2021-01-15 15:46:44',NULL,NULL),('5f60a48b-6eef-4eee-901e-b7230ce5a5d8',NULL,NULL,'2021-01-06 16:28:58','2021-01-06 16:28:58','b75aac2a-57cc-4ca5-b607-9a5641ec9b69',NULL),('5fc2bc5b-011a-4cc0-80cd-5c9ac5369325','2-1','2','2021-02-06 19:18:13','2021-02-06 19:18:13','295d231b-5a5a-4d95-9e6f-47c6b6f1dfcb',NULL),('604125ae-ad6c-4a8b-8762-cc4dba3de121','2 x 1','5','2021-02-10 10:35:11','2021-02-10 10:35:11','1389d9b3-f15c-4d95-b053-b52f9f099c80',NULL),('623307e7-75ae-4f7a-821e-26f32ab947af','Programa',NULL,'2021-01-07 06:46:30','2021-01-07 06:46:30','9f232478-9357-4f97-935e-05412e47f44f',NULL),('630e81fb-a31d-4612-9825-674e1960481d','Este curso/módulo correspondeu a sua expectativa, ou seja, contribuiu para consolidar e/ou adquirir novos conhecimentos e habilidades?',NULL,'2021-02-09 20:29:57','2021-02-09 20:29:57','27da30c3-bf03-4a65-b423-a41e421295ab',NULL),('658927c9-ad55-43a1-bbc7-097c40ee2f69','Ciencia básicadel cambio climático','1','2021-01-15 16:03:20','2021-01-15 16:03:20',NULL,NULL),('6bd9647c-6a1b-4a23-a24d-2db8494f44f4','2-2','2','2021-02-12 18:28:02','2021-02-12 18:28:02','483f0186-3a6c-4518-a7f1-364ac0f41ef5',NULL),('7110fd85-4cc2-48f1-8ace-d76a66c96a98','As actividades propostas (exercícios, casos práticos, estudos de caso, etc.) foram pertinentes?',NULL,'2021-01-15 14:40:48','2021-01-15 14:40:48','d61fdd3e-3c1f-4876-8ee4-abd6c2d3bb29',NULL),('71ffa17e-f74c-42f9-b686-dbddf1a2ceff','As actividades propostas (exercícios, casos práticos, estudos de caso, etc.) foram pertinentes?',NULL,'2021-01-08 16:46:24','2021-01-08 16:46:24','a81b989b-e63f-49ba-ab70-31cc94d34245',NULL),('742291e4-8ea9-4422-993e-a8688cfea32f',NULL,'1','2021-01-15 15:36:13','2021-01-15 15:36:13',NULL,NULL),('76aa4ed9-2cc2-4eb0-8d80-c37975b5d1c1','Os conhecimentos e habilidades adquiridos serão úteis no seu dia-a-dia?',NULL,'2021-02-12 18:21:05','2021-02-12 18:21:05','53c57369-cff4-4306-9a0b-b8b8611a9efd',NULL),('7a94dfb6-0a9c-4e85-be11-6b51f7c04719','Este curso/módulo correspondeu a sua expectativa, ou seja, contribuiu para consolidar e/ou adquirir novos conhecimentos e habilidades?',NULL,'2021-02-12 18:21:05','2021-02-12 18:21:05','53c57369-cff4-4306-9a0b-b8b8611a9efd',NULL),('80831262-61f2-4e43-b284-3ee00736f055','As actividades propostas (exercícios, casos práticos, estudos de caso, etc.) foram pertinentes?',NULL,'2021-01-15 15:06:46','2021-01-15 15:06:46','92f67845-99e4-4bc7-b03d-b6b91e045f07',NULL),('8240fe6d-17f9-45ca-8679-aeb7daf3c4ca','Ciencia básicadel cambio climático','1','2021-01-15 15:46:41','2021-01-15 15:46:41',NULL,NULL),('82887850-d101-4d2d-a2c3-845504dbe1dd','2 x 1','5','2021-02-10 10:39:46','2021-02-12 16:51:21','24df99e0-7200-4272-b708-d4b5df1d4495',NULL),('82ac33c2-658b-412f-9fda-59fd06a8fd0c','4+4','4','2020-12-31 09:45:14','2021-01-09 00:07:32','2cc1726c-373a-47c1-b5cd-1e165e8f2149',NULL),('835fb300-1aa9-4b74-b84f-46930a05964a','2 + 0','5','2021-02-10 10:40:55','2021-02-12 16:51:21','24df99e0-7200-4272-b708-d4b5df1d4495',NULL),('8421c77b-2f16-4726-bdb2-41a927878137','Qué podemos hacer individualmente, como escuela y como comunidad para vivir una vida más sostenible y saludable','1','2021-01-16 05:53:43','2021-01-16 05:53:43',NULL,NULL),('85f86202-d03e-42e8-a337-bd2a4bdcc67a','que el entorno de la escuela y de','2','2021-01-16 05:59:28','2021-01-16 06:24:38','08da38e9-c361-4e38-9402-dd1bb697b269',NULL),('8bf64f56-38cb-42e4-a8f8-c706a94028d4','que el entorno de la escuela y de','1','2021-01-16 05:52:03','2021-01-16 05:52:03',NULL,NULL),('8c2f500d-9c08-4b8a-9ef7-cc623175be3e','4x4','4','2020-12-31 09:45:14','2021-01-09 00:07:32','2cc1726c-373a-47c1-b5cd-1e165e8f2149',NULL),('8d9ecc48-31ee-4326-95a1-120e99b61b66','1 + 3','5','2021-02-10 10:37:44','2021-02-10 10:37:44','1389d9b3-f15c-4d95-b053-b52f9f099c80',NULL),('9255b9b0-f8af-4ae6-8f2c-8cd41e64d8ae','2 - 1','5','2021-02-10 10:37:44','2021-02-10 10:37:44','1389d9b3-f15c-4d95-b053-b52f9f099c80',NULL),('936e2b87-dbc7-40a8-9643-fb64092b258b','Quanto é 1+1','2','2021-01-04 17:22:26','2021-01-09 12:17:22','71f24f23-48b4-4bb5-96fe-52598d88b838',NULL),('9aa72176-54b2-4561-b023-fcb30226baef',NULL,'1','2021-01-15 15:46:00','2021-01-15 15:46:00',NULL,NULL),('9dd3c01b-68b0-4b18-b5fe-5fca38675222','A organização e a qualidade do conteúdo facilitaram a aprendizagem?',NULL,'2021-02-09 20:29:57','2021-02-09 20:29:57','27da30c3-bf03-4a65-b423-a41e421295ab',NULL),('9e0d4ee6-fdae-42f2-b88e-b9bc87c550f8','Plataforma',NULL,'2021-01-07 06:48:18','2021-01-07 06:48:18','3c9a10b0-b15b-44a9-bea2-75a722f00f51',NULL),('a0af1ad9-07dd-4963-ab7e-c89cae862c25','que el entorno de la escuela y de','2','2021-01-16 05:59:28','2021-01-16 06:24:39','dd27fc83-63c7-4bc6-97c3-e76941879e5c',NULL),('a13e2f6c-0f78-4990-9bd8-c6ca0a0af967','As actividades propostas (exercícios, casos práticos, estudos de caso, etc.) foram pertinentes?',NULL,'2021-02-12 18:21:05','2021-02-12 18:21:05','53c57369-cff4-4306-9a0b-b8b8611a9efd',NULL),('a28b1d88-2773-423e-9181-32fe273f7b2d',NULL,NULL,'2021-01-06 16:28:58','2021-01-06 16:28:58','b75aac2a-57cc-4ca5-b607-9a5641ec9b69',NULL),('a4327b2c-660a-4051-b0b9-4b9c0be769f0',NULL,'1','2021-01-15 15:36:13','2021-01-15 15:36:13',NULL,NULL),('a888a5d4-4c19-4a4d-92af-76d44c83f13a','A organização e a qualidade do conteúdo facilitaram a aprendizagem?',NULL,'2021-02-12 18:21:05','2021-02-12 18:21:05','53c57369-cff4-4306-9a0b-b8b8611a9efd',NULL),('a9578748-234f-47f1-bdb5-0e1a4b0c5ca2','2 - 1','5','2021-02-10 10:40:55','2021-02-10 10:42:46','24df99e0-7200-4272-b708-d4b5df1d4495',NULL),('ab0ee28f-d8d2-44f6-92bb-12f3e5ca8e1c','Programa',NULL,'2021-01-07 06:59:14','2021-01-07 06:59:14','79ea5f79-327a-4fda-9616-c4919a77200c',NULL),('ad2d3eaf-f335-4860-a274-9aec3ef18d1e','Qual desses filmes O han Solo faz parte','1','2020-12-31 12:22:21','2021-01-09 11:16:51','46ac6834-b264-4b37-8134-444de30a1d2a',NULL),('af6553c9-8b2b-424c-ace6-d8578955d37b','Este curso/módulo correspondeu a sua expectativa, ou seja, contribuiu para consolidar e/ou adquirir novos conhecimentos e habilidades?',NULL,'2021-01-08 16:46:24','2021-01-08 16:46:24','a81b989b-e63f-49ba-ab70-31cc94d34245',NULL),('afb91e24-6884-41e2-b2f3-fbf2a7513bfc','Qué podemos hacer individualmente, como escuela y como comunidad para vivir una vida más sostenible y saludable','1','2021-01-16 05:54:46','2021-01-16 05:54:46',NULL,NULL),('afbf975e-32a7-4228-9f83-ad310f2c0ed0','2 - 1','5','2021-02-10 10:35:40','2021-02-10 10:35:40','1389d9b3-f15c-4d95-b053-b52f9f099c80',NULL),('b071850b-78b0-4d12-ab5a-d9fa839b5d41','2 x 1','5','2021-02-10 10:35:40','2021-02-10 10:35:40','1389d9b3-f15c-4d95-b053-b52f9f099c80',NULL),('b27282ed-2611-4aff-add6-4c7aa66ec75b','1 x 2','5','2021-02-10 10:34:58','2021-02-10 10:34:58','1389d9b3-f15c-4d95-b053-b52f9f099c80',NULL),('b36de53c-a177-4a06-b9dc-f62f6a378318','2 x 1','5','2021-02-10 10:40:55','2021-02-12 16:51:21','24df99e0-7200-4272-b708-d4b5df1d4495',NULL),('b4729250-7303-494c-b6e5-4d73d41535c0','Os conhecimentos e habilidades adquiridos serão úteis no seu dia-a-dia?',NULL,'2021-04-10 11:37:06','2021-04-10 11:37:06','b267270c-739c-412b-912e-ce9f7f89ffe5',NULL),('b712814c-d4fd-4f40-b3cb-3e68119d6df3','Este curso/módulo correspondeu a sua expectativa, ou seja, contribuiu para consolidar e/ou adquirir novos conhecimentos e habilidades?',NULL,'2021-01-15 14:55:58','2021-01-15 14:55:58','26c29263-6238-49e6-9ba1-6da8b0bf4424',NULL),('b8cff1c0-a7fd-48d5-a466-c3a11c88b807','Qual entre as seguintes naves pertence ao Han Solo','1','2020-12-31 12:22:21','2021-01-09 11:16:51','46ac6834-b264-4b37-8134-444de30a1d2a',NULL),('bb378227-7632-4882-b5c6-6211512d585a','Os conhecimentos e habilidades adquiridos serão úteis no seu dia-a-dia?',NULL,'2021-01-08 16:46:24','2021-01-08 16:46:24','a81b989b-e63f-49ba-ab70-31cc94d34245',NULL),('bbb038ac-a0b8-406a-8eab-b9351d7614ba','Ciencia básicadel cambio climático','1','2021-01-15 16:16:48','2021-01-15 16:16:48',NULL,NULL),('bdc38856-acae-470f-b6c6-13c650926932','Ciencia básicadel cambio climático','1','2021-01-15 15:46:00','2021-01-15 15:46:00',NULL,NULL),('bf53cd3a-3eb4-4f08-a4ed-6e822eb9d840','2-1','2','2021-02-12 18:28:01','2021-02-12 18:28:01','483f0186-3a6c-4518-a7f1-364ac0f41ef5',NULL),('c3fefb4c-a1f4-4d38-81b4-4642ae92fdbe','Os conhecimentos e habilidades adquiridos serão úteis no seu dia-a-dia?',NULL,'2021-02-09 20:34:52','2021-02-09 20:34:52','edbc7810-2bac-4edb-b680-aac484b61227',NULL),('c504d9f4-1813-4591-b629-22cd0354513f','How many episodes','2','2020-12-31 09:25:05','2021-01-09 11:17:23','db54da9a-a7f9-4b7c-a35d-1278995eac3f',NULL),('c6eade40-ea4b-4e50-bdd8-a53999c4f3e3','Ciencia básicadel cambio climático','1','2021-01-15 15:36:13','2021-01-15 15:36:13',NULL,NULL),('ca596571-3baf-450a-a81c-6b83f2fb78dd','Ciencia básicadel cambio climático','1','2021-01-15 16:26:24','2021-01-15 16:26:24',NULL,NULL),('cc186780-401a-4766-97d4-d35170671dd4','1+1','2','2021-02-12 18:28:01','2021-02-12 18:28:01','483f0186-3a6c-4518-a7f1-364ac0f41ef5',NULL),('cdb30aa4-0298-4162-bdfc-b064f6fbc47a','Ciencia básicadel cambio climático','1','2021-01-15 16:12:03','2021-01-15 16:12:03',NULL,NULL),('cdb34282-9cd7-4716-9f3c-5bd4b98e0434',NULL,NULL,'2021-01-06 16:28:58','2021-01-06 16:28:58','b75aac2a-57cc-4ca5-b607-9a5641ec9b69',NULL),('d0a6b6c8-ecec-494f-bdd3-4211093f92c6','1 + 3','5','2021-02-10 10:35:11','2021-02-10 10:35:11','1389d9b3-f15c-4d95-b053-b52f9f099c80',NULL),('d1175540-a415-4f89-96aa-661e78c789cc','Conteudo',NULL,'2021-01-07 06:59:13','2021-01-07 06:59:13','79ea5f79-327a-4fda-9616-c4919a77200c',NULL),('d357dd9b-4cdf-4805-b682-cb3b3a14e7ac','Ciencia básicadel cambio climático','1','2021-01-15 16:20:50','2021-01-15 16:20:50',NULL,NULL),('d3d8b0a6-c7ac-407e-8bdf-f305463116ae','2 - 1','5','2021-02-10 10:34:58','2021-02-10 10:34:58','1389d9b3-f15c-4d95-b053-b52f9f099c80',NULL),('d43f6924-cf2f-44fb-9759-d397f3a1cd22','Mañana voy a empezar a estudiar español',NULL,'2021-01-07 15:48:16','2021-01-07 15:48:16',NULL,NULL),('d5b50a52-13f9-4271-ab8d-291dfc5ef00a','Ciencia básicadel cambio climático','1','2021-01-15 16:06:36','2021-01-15 16:06:36',NULL,NULL),('d64d621a-5b12-4202-b912-15887e8a47db','4-4','2','2020-12-31 09:45:14','2021-01-09 00:07:32','2cc1726c-373a-47c1-b5cd-1e165e8f2149',NULL),('d813a175-f54a-487a-af17-15c2707b6bcc',NULL,'1','2021-01-15 15:46:41','2021-01-15 15:46:41',NULL,NULL),('da5d7226-631c-4c3e-829d-d958479dcdf4','Este curso/módulo correspondeu a sua expectativa, ou seja, contribuiu para consolidar e/ou adquirir novos conhecimentos e habilidades?',NULL,'2021-04-10 11:37:06','2021-04-10 11:37:06','b267270c-739c-412b-912e-ce9f7f89ffe5',NULL),('da697c7f-cdec-4609-95b3-ba85814ee637','2 - 1','5','2021-02-10 10:39:46','2021-02-12 16:51:21','24df99e0-7200-4272-b708-d4b5df1d4495',NULL),('dbc267b8-5697-4041-9086-2731ef2a8740','Este curso/módulo correspondeu a sua expectativa, ou seja, contribuiu para consolidar e/ou adquirir novos conhecimentos e habilidades?',NULL,'2021-01-15 15:06:46','2021-01-15 15:06:46','92f67845-99e4-4bc7-b03d-b6b91e045f07',NULL),('e0a552c1-8ea9-432a-aa12-9b0f58959f53','Conteudo',NULL,'2021-01-06 17:12:52','2021-01-06 17:12:52','c72dff5a-6077-49eb-ac1c-b332a9c7ea5b',NULL),('e278234b-f5e0-48b1-a146-5c5b25986e3c','1 + 3','5','2021-02-10 10:35:40','2021-02-10 10:35:40','1389d9b3-f15c-4d95-b053-b52f9f099c80',NULL),('e5813ac2-e817-46cc-af66-b99cb2574ecd','Plataforma',NULL,'2021-01-07 07:16:25','2021-01-07 07:16:25','bdf77bae-a4a2-4911-a9c3-deb9572b6c2f',NULL),('e7357c1e-a671-4ff2-be1f-a9d07625b628','Conteudo',NULL,'2021-01-07 06:58:08','2021-01-07 06:58:08','4a76ae85-85f6-4eff-a214-0c3c8d397bf1',NULL),('e93800cb-8fe7-4a99-9d48-696db81f0bc2','Programa',NULL,'2021-01-06 17:12:53','2021-01-06 17:12:53','c72dff5a-6077-49eb-ac1c-b332a9c7ea5b',NULL),('e9ba9868-ed2f-4746-bc29-4e9de26d6ad8','2 x 1','5','2021-02-10 10:34:58','2021-02-10 10:34:58','1389d9b3-f15c-4d95-b053-b52f9f099c80',NULL),('eadf748f-593b-4d34-93c4-fd77d15ef325','As actividades propostas (exercícios, casos práticos, estudos de caso, etc.) foram pertinentes?',NULL,'2021-02-09 20:29:57','2021-02-09 20:29:57','27da30c3-bf03-4a65-b423-a41e421295ab',NULL),('eb5b63fd-f6b9-4f5f-a13a-1e93b3958749','As actividades propostas (exercícios, casos práticos, estudos de caso, etc.) foram pertinentes?',NULL,'2021-02-09 20:34:52','2021-02-09 20:34:52','edbc7810-2bac-4edb-b680-aac484b61227',NULL),('ec44d0a0-75a3-424b-ac41-ec99892190ba','Os conhecimentos e habilidades adquiridos serão úteis no seu dia-a-dia?',NULL,'2021-02-09 20:29:57','2021-02-09 20:29:57','27da30c3-bf03-4a65-b423-a41e421295ab',NULL),('ece029ca-e52a-42b9-aa4b-66ae4909f7a8','Programa',NULL,'2021-01-07 06:48:25','2021-01-07 06:48:25','3c9a10b0-b15b-44a9-bea2-75a722f00f51',NULL),('ee9e11e2-4e83-4a45-9c31-e86caaa412ef','1 x 2','5','2021-02-10 10:37:44','2021-02-10 10:37:44','1389d9b3-f15c-4d95-b053-b52f9f099c80',NULL),('f4b5e16d-7a3d-4a83-b268-d8ba6684e04c','Plataforma',NULL,'2021-01-07 06:58:06','2021-01-07 06:58:06','4a76ae85-85f6-4eff-a214-0c3c8d397bf1',NULL),('f971e0f2-23e5-4824-bd7b-e3e3a0d711c3','A organização e a qualidade do conteúdo facilitaram a aprendizagem?',NULL,'2021-02-09 20:34:52','2021-02-09 20:34:52','edbc7810-2bac-4edb-b680-aac484b61227',NULL),('f9be24e3-dad2-4f8e-a9af-729307e39e8d','Ciencia básicadel cambio climático','1','2021-01-16 05:47:16','2021-01-16 05:47:16',NULL,NULL),('f9fcafbf-c389-4a2d-a7d6-b41b09030e89','Duração',NULL,'2021-01-06 17:07:15','2021-01-06 17:07:15','3edb8218-4c28-4301-a25d-2669c6f6b240',NULL),('fd588af7-fde4-4926-a5c3-6c9739e36d9b','Conteudo',NULL,'2021-01-06 17:07:17','2021-01-06 17:07:17','3edb8218-4c28-4301-a25d-2669c6f6b240',NULL);
/*!40000 ALTER TABLE `activity_tasks` ENABLE KEYS */;
UNLOCK TABLES;

--
-- Table structure for table `addresses`
--

DROP TABLE IF EXISTS `addresses`;
/*!40101 SET @saved_cs_client     = @@character_set_client */;
/*!50503 SET character_set_client = utf8mb4 */;
CREATE TABLE `addresses` (
  `id` char(36) CHARACTER SET utf8mb3 COLLATE utf8mb3_bin NOT NULL,
  `country` varchar(255) DEFAULT NULL,
  `postal_code` varchar(255) DEFAULT NULL,
  `city` varchar(255) DEFAULT NULL,
  `createdAt` datetime DEFAULT NULL,
  `updatedAt` datetime DEFAULT NULL,
  PRIMARY KEY (`id`)
) ENGINE=InnoDB DEFAULT CHARSET=utf8mb3;
/*!40101 SET character_set_client = @saved_cs_client */;

--
-- Dumping data for table `addresses`
--

LOCK TABLES `addresses` WRITE;
/*!40000 ALTER TABLE `addresses` DISABLE KEYS */;
INSERT INTO `addresses` VALUES ('075c32ff-37c4-4ea6-8afb-239969b689b3','United States',NULL,'Sarasota','2021-04-17 16:25:08','2021-04-17 16:25:08'),('169e2945-9f07-4654-9db4-b6d760d3604d','United States',NULL,'Sarasota','2021-04-17 16:34:23','2021-04-17 16:34:23'),('26d7a993-c4c9-4353-a68d-2f6c7a787800','United States',NULL,'Sarasota','2021-04-17 16:39:33','2021-04-17 16:39:33'),('34700f8c-c32f-47b2-914f-ce1d0e33a949','Angola',NULL,'Luanda','2021-04-17 07:38:00','2021-04-17 07:38:00'),('38b09dce-5010-4cb5-9f62-16586da63ffa','United States',NULL,'Sarasota','2021-04-17 16:31:29','2021-04-17 16:31:29'),('4642da29-3051-4d71-8b0b-e5de2aaf61db','United States',NULL,'Sarasota','2021-04-17 06:40:05','2021-04-17 06:40:05'),('52a4e936-30b1-4cc7-b346-c936a9dd2d7b','United States',NULL,'Sarasota','2021-04-17 16:36:48','2021-04-17 16:36:48'),('538f3dfd-51e9-47c1-b84c-5a7154d2828d','Angola',NULL,'Luanda','2021-04-16 21:19:45','2021-04-16 21:19:45'),('7c0101f9-bfa1-4dfb-9b29-6f987ed7dee1','Angola',NULL,'Luanda','2021-04-16 21:24:04','2021-04-16 21:24:04'),('82e742ff-6be6-4c29-a259-8f05f3acbb67','United States',NULL,'Sarasota','2021-04-17 07:45:48','2021-04-17 07:45:48'),('8c4cdb75-3a8e-428a-a619-c10ea2dad7a0','Canada',NULL,'Luanda','2021-04-17 07:34:49','2021-04-17 07:34:49'),('9bea6935-0caf-4737-92f1-a5641f6d4873','United States',NULL,'Sarasota','2021-04-17 07:41:25','2021-04-17 07:41:25'),('b2cff0c6-f470-4377-ac9e-30d690d0cf9e','United States',NULL,'Sarasota','2021-04-17 16:38:28','2021-04-17 16:38:28'),('b306b9a7-c0d8-4a6c-ab23-3869a2ca7ffb','Angola',NULL,'Luanda','2021-04-16 21:28:39','2021-04-16 21:28:39'),('bd8719b9-e549-427e-9c9f-65c29dda864d','Brazil',NULL,'Luanda','2021-04-17 07:31:32','2021-04-17 07:31:32'),('d6321d45-dcca-4e69-88f4-e40e63e25332','United States',NULL,'Sarasota','2021-04-17 10:32:28','2021-04-17 10:32:28'),('e439db7a-ef5d-451f-a68b-4e8a89e88af9','Angola',NULL,'Luanda','2021-04-16 21:17:14','2021-04-16 21:17:14'),('e6fe987e-ebcb-46b0-aaf3-e746b892c1af','United States',NULL,'Sarasota','2021-04-17 16:35:55','2021-04-17 16:35:55'),('f93336e1-bea1-4177-abde-e8cfa03c4c85','United States',NULL,'Sarasota','2021-04-17 16:42:15','2021-04-17 16:42:15');
/*!40000 ALTER TABLE `addresses` ENABLE KEYS */;
UNLOCK TABLES;

--
-- Table structure for table `answers`
--

DROP TABLE IF EXISTS `answers`;
/*!40101 SET @saved_cs_client     = @@character_set_client */;
/*!50503 SET character_set_client = utf8mb4 */;
CREATE TABLE `answers` (
  `id` char(36) CHARACTER SET utf8mb3 COLLATE utf8mb3_bin NOT NULL,
  `text` varchar(255) DEFAULT NULL,
  `correct` tinyint(1) DEFAULT NULL,
  `createdAt` datetime DEFAULT NULL,
  `updatedAt` datetime DEFAULT NULL,
  `quizId` char(36) CHARACTER SET utf8mb3 COLLATE utf8mb3_bin DEFAULT NULL,
  PRIMARY KEY (`id`),
  KEY `quizId` (`quizId`),
  KEY `answers_id_quiz_id` (`id`,`quizId`),
  CONSTRAINT `answers_ibfk_1` FOREIGN KEY (`quizId`) REFERENCES `quizes` (`id`) ON DELETE SET NULL ON UPDATE CASCADE
) ENGINE=InnoDB DEFAULT CHARSET=utf8mb3;
/*!40101 SET character_set_client = @saved_cs_client */;

--
-- Dumping data for table `answers`
--

LOCK TABLES `answers` WRITE;
/*!40000 ALTER TABLE `answers` DISABLE KEYS */;
INSERT INTO `answers` VALUES ('0c209b8d-c815-453c-ba16-544db96506e2','Luanda',1,'2020-12-29 19:49:04','2021-01-15 05:54:58','0eb5ccce-c208-40ef-a9d2-a8ec6eedd86f'),('27b558db-d298-46df-ae7a-c58c01820365','Cabinda',0,'2020-12-29 19:49:04','2021-01-15 05:54:58','0eb5ccce-c208-40ef-a9d2-a8ec6eedd86f'),('36c26679-a1dd-435c-aa89-1982127b2ce0','Benguela',0,'2020-12-29 19:49:04','2021-01-15 05:54:58','0eb5ccce-c208-40ef-a9d2-a8ec6eedd86f'),('3904f9d2-a3ad-46c3-959f-e2b6ebe86f1f','0',0,'2020-12-29 22:20:09','2020-12-29 22:20:09','26185343-b217-4fd4-b95e-6c7a3d8672e0'),('39336836-3ba1-4902-a8e3-46d11e127924','A',0,'2021-01-04 18:25:47','2021-01-04 18:25:47','3c0e6c62-5843-4b3c-bac7-1dcdc05e3941'),('4af5b6ba-fd9c-4786-84af-67050dd556b1','3',0,'2020-12-29 22:18:41','2020-12-29 22:20:09','26185343-b217-4fd4-b95e-6c7a3d8672e0'),('590febe3-3db6-498a-9758-acc62e66c44d','2',0,'2020-12-28 15:34:39','2020-12-30 20:58:02','551b5aee-bfba-4201-a5fd-5d43be029a78'),('6a4c0edc-bdeb-4751-982b-133be67a3399','2',0,'2020-12-29 22:18:41','2020-12-29 22:20:09','26185343-b217-4fd4-b95e-6c7a3d8672e0'),('95d3ed80-36c1-474e-b315-8390a3efd2db','16',1,'2020-12-29 20:27:10','2021-01-16 05:22:51','1b030b06-1f60-4aec-b46f-234be9fa120a'),('99e1cf8f-fe87-48a3-bd88-af1a1671b346','4',1,'2020-12-29 22:18:41','2020-12-29 22:20:09','26185343-b217-4fd4-b95e-6c7a3d8672e0'),('9b9e9b81-135c-472a-9db0-438cb753a222','1',0,'2020-12-29 22:18:41','2020-12-29 22:20:09','26185343-b217-4fd4-b95e-6c7a3d8672e0'),('9d0a6e5a-1765-409f-bdea-7133729b950f','C',0,'2021-01-04 18:25:47','2021-01-04 18:25:47','3c0e6c62-5843-4b3c-bac7-1dcdc05e3941'),('af6b9127-6da2-4127-b611-a6bdedcbd6ab','Sim',1,'2020-12-29 20:21:03','2021-01-16 05:23:11','e32f2156-4dd4-47f6-b2f9-e3ba75149c7b'),('b60521e6-51b1-49cc-a883-90f9eb308f2f','1',0,'2020-12-28 15:34:38','2020-12-30 20:58:02','551b5aee-bfba-4201-a5fd-5d43be029a78'),('d22947df-cc0c-4772-b6d2-d0cc3a54ac7b','Z',1,'2021-01-04 18:25:47','2021-01-04 18:25:47','3c0e6c62-5843-4b3c-bac7-1dcdc05e3941'),('d2559fed-63e1-4d48-aebd-28d115be9b94','Não',0,'2020-12-29 20:21:03','2021-01-16 05:23:11','e32f2156-4dd4-47f6-b2f9-e3ba75149c7b'),('d3fa61c5-5eaf-400d-976b-086c61faae32','Huila',0,'2020-12-29 19:49:04','2021-01-15 05:54:58','0eb5ccce-c208-40ef-a9d2-a8ec6eedd86f'),('dcd181b4-4189-4001-b14e-05348cff53a9','Uige',0,'2020-12-29 22:26:18','2021-01-15 05:54:58','0eb5ccce-c208-40ef-a9d2-a8ec6eedd86f'),('fb9700cb-138b-4e8e-9a3e-4f30eeabb239','8',0,'2020-12-29 20:27:10','2021-01-16 05:22:51','1b030b06-1f60-4aec-b46f-234be9fa120a'),('fe7795d7-1f2f-424b-8a06-a5798fdd8dc2','5',1,'2020-12-30 20:58:02','2020-12-30 20:58:02','551b5aee-bfba-4201-a5fd-5d43be029a78');
/*!40000 ALTER TABLE `answers` ENABLE KEYS */;
UNLOCK TABLES;

--
-- Table structure for table `budget_categories`
--

DROP TABLE IF EXISTS `budget_categories`;
/*!40101 SET @saved_cs_client     = @@character_set_client */;
/*!50503 SET character_set_client = utf8mb4 */;
CREATE TABLE `budget_categories` (
  `id` char(36) CHARACTER SET utf8mb3 COLLATE utf8mb3_bin NOT NULL,
  `code` varchar(255) DEFAULT NULL,
  `name` varchar(255) DEFAULT NULL,
  `direction` tinyint(1) DEFAULT NULL,
  `descriptions` varchar(255) DEFAULT NULL,
  `isActive` tinyint(1) DEFAULT NULL,
  `createdAt` datetime DEFAULT NULL,
  `updatedAt` datetime DEFAULT NULL,
  PRIMARY KEY (`id`),
  KEY `budget-categories_id` (`id`),
  KEY `budget_categories_id` (`id`)
) ENGINE=InnoDB DEFAULT CHARSET=utf8mb3;
/*!40101 SET character_set_client = @saved_cs_client */;

--
-- Dumping data for table `budget_categories`
--

LOCK TABLES `budget_categories` WRITE;
/*!40000 ALTER TABLE `budget_categories` DISABLE KEYS */;
INSERT INTO `budget_categories` VALUES ('0b219220-e1bf-4123-9d6c-fa06ce3d3433',NULL,'Reembolso',0,'Ação de pagar o valor que se devia: o cinema teve de providenciar o reembolso dos bilhetes ao público.',1,'2020-12-15 13:44:16','2020-12-18 18:34:51'),('2de552c3-db5a-4ad2-81fe-fe59c38071b0',NULL,'Transporte',0,NULL,NULL,'2020-12-15 13:44:44','2020-12-15 13:44:44'),('4975da65-949e-4967-89e4-00065460cef8',NULL,'Outras despesas',0,NULL,NULL,'2020-12-15 13:44:44','2020-12-15 13:44:44'),('6e3a61bf-4d4c-4932-8176-e138b06ebf0a',NULL,'Salário',1,NULL,NULL,'2020-12-15 13:44:44','2020-12-15 13:44:44'),('8cdbae09-4764-40e1-8a85-2f559c5f7fcb',NULL,'Educação',0,NULL,NULL,'2020-12-15 13:44:44','2020-12-15 13:44:44'),('bd322329-a424-44b2-8434-4a114f9b4233',NULL,'Casa',0,NULL,NULL,'2020-12-15 13:44:14','2020-12-15 13:44:14'),('cac9cfd4-62d8-490f-9851-0de309a8847e',NULL,'Lazer',0,NULL,NULL,'2020-12-15 13:44:44','2020-12-15 13:44:44'),('d0985f80-8de6-4b4e-ab79-440a75ca939e',NULL,'Telefone/televisão',0,NULL,NULL,'2020-12-15 13:44:44','2020-12-15 13:44:44'),('deaeb038-8a26-47e5-9a39-4230ed0788fd',NULL,'Rendimento de investimentos',1,NULL,NULL,'2020-12-15 13:44:18','2020-12-15 13:44:18'),('f0c9fd5e-03cf-4ecf-a20a-559859a47057',NULL,'Outros rendimentos',1,NULL,NULL,'2020-12-15 13:44:18','2020-12-18 18:23:34');
/*!40000 ALTER TABLE `budget_categories` ENABLE KEYS */;
UNLOCK TABLES;

--
-- Table structure for table `budgets`
--

DROP TABLE IF EXISTS `budgets`;
/*!40101 SET @saved_cs_client     = @@character_set_client */;
/*!50503 SET character_set_client = utf8mb4 */;
CREATE TABLE `budgets` (
  `id` char(36) CHARACTER SET utf8mb3 COLLATE utf8mb3_bin NOT NULL,
  `code` varchar(255) DEFAULT NULL,
  `value` decimal(32,2) DEFAULT NULL,
  `direction` tinyint(1) DEFAULT NULL,
  `descriptions` varchar(255) DEFAULT NULL,
  `isActive` tinyint(1) DEFAULT NULL,
  `updatedAt` datetime DEFAULT NULL,
  `categoryId` char(36) DEFAULT NULL,
  `taskId` char(36) CHARACTER SET utf8mb3 COLLATE utf8mb3_bin DEFAULT NULL,
  `createdAt` datetime DEFAULT NULL,
  PRIMARY KEY (`id`),
  KEY `taskId` (`taskId`),
  KEY `budgets_id_task_id` (`id`,`taskId`),
  KEY `budgets_id_task_id_category_id` (`id`,`taskId`,`categoryId`),
  CONSTRAINT `budgets_ibfk_1` FOREIGN KEY (`taskId`) REFERENCES `tasks` (`id`) ON DELETE SET NULL ON UPDATE CASCADE
) ENGINE=InnoDB DEFAULT CHARSET=utf8mb3;
/*!40101 SET character_set_client = @saved_cs_client */;

--
-- Dumping data for table `budgets`
--

LOCK TABLES `budgets` WRITE;
/*!40000 ALTER TABLE `budgets` DISABLE KEYS */;
INSERT INTO `budgets` VALUES ('092740b2-76ba-4b4b-b5d6-aa4c14c46145',NULL,28.00,1,NULL,NULL,'2020-12-15 16:15:29','deaeb038-8a26-47e5-9a39-4230ed0788fd','318f6358-6ca6-4798-97f4-822c96065e5f','2020-12-15 16:15:29'),('1c0aebd4-f8d2-468b-8049-3de0e11d2fca',NULL,100.00,1,NULL,NULL,'2020-12-15 14:29:05','f0c9fd5e-03cf-4ecf-a20a-559859a47057','318f6358-6ca6-4798-97f4-822c96065e5f','2020-12-15 14:29:05'),('26a5b829-6372-41f4-a735-2b0eeecf374b',NULL,100000.00,0,NULL,NULL,'2020-12-15 16:59:38','8cdbae09-4764-40e1-8a85-2f559c5f7fcb','07f195f6-e974-4ef3-a762-036333912c00','2020-12-15 16:59:38'),('2c57f82c-8989-4bed-b11e-4efe7d10a37d',NULL,35000.00,0,NULL,NULL,'2020-12-18 18:21:04','cac9cfd4-62d8-490f-9851-0de309a8847e','7339fe5a-f349-4d60-a4c9-33b749bfdfbb','2020-12-18 18:21:04'),('2e013ad9-e647-4ce1-b916-048b4dcfabba',NULL,10.00,1,NULL,NULL,'2020-12-19 16:39:19','6e3a61bf-4d4c-4932-8176-e138b06ebf0a','318f6358-6ca6-4798-97f4-822c96065e5f','2020-12-19 16:39:19'),('2f556420-53bd-4d64-a5fe-11a92745918f',NULL,200.00,1,NULL,NULL,'2020-12-15 16:13:10','deaeb038-8a26-47e5-9a39-4230ed0788fd','318f6358-6ca6-4798-97f4-822c96065e5f','2020-12-15 16:13:10'),('37cb31a1-afdf-4ae0-9fc3-216b0fd52c91',NULL,40000.00,0,NULL,NULL,'2021-04-12 17:46:56','2de552c3-db5a-4ad2-81fe-fe59c38071b0','6976cef3-23a4-4e6d-9bd9-422621cce227','2021-04-12 17:46:56'),('412b5c78-516c-4cd0-95db-e0a318d7c90e',NULL,22.00,1,NULL,NULL,'2020-12-15 16:14:41','deaeb038-8a26-47e5-9a39-4230ed0788fd','318f6358-6ca6-4798-97f4-822c96065e5f','2020-12-15 16:14:41'),('532cc006-4163-44a7-85a2-a3180ef065d9',NULL,100000.00,0,NULL,NULL,'2020-12-15 17:06:03','8cdbae09-4764-40e1-8a85-2f559c5f7fcb','07f195f6-e974-4ef3-a762-036333912c00','2020-12-15 17:06:03'),('844c67a0-4e3c-4bfb-8f3a-9c279804c1a1',NULL,31000.00,0,NULL,NULL,'2020-12-15 16:46:33','2de552c3-db5a-4ad2-81fe-fe59c38071b0','07f195f6-e974-4ef3-a762-036333912c00','2020-12-15 16:46:33'),('8cb622bc-1ce8-49e2-9f9e-03c989a0a10d',NULL,5.00,1,NULL,NULL,'2020-12-15 16:15:54','f0c9fd5e-03cf-4ecf-a20a-559859a47057','318f6358-6ca6-4798-97f4-822c96065e5f','2020-12-15 16:15:54'),('916a931f-fccb-4981-b74c-4ca190994068',NULL,150.00,1,NULL,NULL,'2020-12-15 16:13:55','deaeb038-8a26-47e5-9a39-4230ed0788fd','318f6358-6ca6-4798-97f4-822c96065e5f','2020-12-15 16:13:55'),('b3d3c577-dfa2-4688-85b2-2ffb18f9f740',NULL,100000.00,0,NULL,NULL,'2020-12-18 18:21:37','cac9cfd4-62d8-490f-9851-0de309a8847e','8b55ff79-89c2-4679-8b0a-ede34421cb78','2020-12-18 18:21:37'),('c9c7f675-3080-46d1-a8e2-d062fff6fb84',NULL,250.00,0,NULL,NULL,'2020-12-16 15:19:02','4975da65-949e-4967-89e4-00065460cef8','a59c1f6c-eea2-4fe7-801f-8c2e79f17f19','2020-12-16 15:19:02'),('f7bc9291-5baa-4131-b8cd-65098f5e3249',NULL,30.00,1,NULL,NULL,'2020-12-19 16:40:53','deaeb038-8a26-47e5-9a39-4230ed0788fd','e4c1df1d-24af-41b8-9fb7-23e38d253806','2020-12-19 16:40:53');
/*!40000 ALTER TABLE `budgets` ENABLE KEYS */;
UNLOCK TABLES;

--
-- Table structure for table `charges`
--

DROP TABLE IF EXISTS `charges`;
/*!40101 SET @saved_cs_client     = @@character_set_client */;
/*!50503 SET character_set_client = utf8mb4 */;
CREATE TABLE `charges` (
  `id` char(36) CHARACTER SET utf8mb3 COLLATE utf8mb3_bin NOT NULL,
  `description` varchar(255) DEFAULT NULL,
  `amount` decimal(10,0) DEFAULT NULL,
  `currency` varchar(255) DEFAULT NULL,
  `isActive` tinyint(1) DEFAULT NULL,
  `createdAt` datetime DEFAULT NULL,
  `updatedAt` datetime DEFAULT NULL,
  `customerId` char(36) CHARACTER SET utf8mb3 COLLATE utf8mb3_bin DEFAULT NULL,
  `type` int DEFAULT NULL,
  `reference` int DEFAULT NULL,
  `entity` int DEFAULT NULL,
  PRIMARY KEY (`id`),
  KEY `customerId` (`customerId`),
  CONSTRAINT `charges_ibfk_1` FOREIGN KEY (`customerId`) REFERENCES `customers` (`id`) ON DELETE SET NULL ON UPDATE CASCADE
) ENGINE=InnoDB DEFAULT CHARSET=utf8mb3;
/*!40101 SET character_set_client = @saved_cs_client */;

--
-- Dumping data for table `charges`
--

LOCK TABLES `charges` WRITE;
/*!40000 ALTER TABLE `charges` DISABLE KEYS */;
INSERT INTO `charges` VALUES ('3e1a3234-0f63-4102-977f-d8d775cb6d66',NULL,68000,'AOA',1,'2021-07-02 17:29:02','2021-07-02 17:29:02',NULL,NULL,40001,90004);
/*!40000 ALTER TABLE `charges` ENABLE KEYS */;
UNLOCK TABLES;

--
-- Table structure for table `chat_messages`
--

DROP TABLE IF EXISTS `chat_messages`;
/*!40101 SET @saved_cs_client     = @@character_set_client */;
/*!50503 SET character_set_client = utf8mb4 */;
CREATE TABLE `chat_messages` (
  `id` char(36) CHARACTER SET utf8mb3 COLLATE utf8mb3_bin NOT NULL,
  `message` text,
  `isActive` tinyint(1) DEFAULT NULL,
  `createdAt` datetime DEFAULT NULL,
  `updatedAt` datetime DEFAULT NULL,
  `chatId` char(36) CHARACTER SET utf8mb3 COLLATE utf8mb3_bin DEFAULT NULL,
  `chat_id` char(36) CHARACTER SET utf8mb3 COLLATE utf8mb3_bin DEFAULT NULL,
  `from_user_id` char(36) CHARACTER SET utf8mb3 COLLATE utf8mb3_bin DEFAULT NULL,
  `to_user_id` char(36) CHARACTER SET utf8mb3 COLLATE utf8mb3_bin DEFAULT NULL,
  `referer_id` char(36) CHARACTER SET utf8mb3 COLLATE utf8mb3_bin DEFAULT NULL,
  PRIMARY KEY (`id`),
  KEY `chatId` (`chatId`),
  KEY `chat_id` (`chat_id`),
  KEY `from_user_id` (`from_user_id`),
  KEY `to_user_id` (`to_user_id`),
  KEY `referer_id` (`referer_id`),
  CONSTRAINT `chat_messages_ibfk_1` FOREIGN KEY (`chatId`) REFERENCES `chats` (`id`) ON DELETE SET NULL ON UPDATE CASCADE,
  CONSTRAINT `chat_messages_ibfk_2` FOREIGN KEY (`chat_id`) REFERENCES `chats` (`id`) ON DELETE SET NULL ON UPDATE CASCADE,
  CONSTRAINT `chat_messages_ibfk_3` FOREIGN KEY (`from_user_id`) REFERENCES `users` (`id`) ON DELETE SET NULL ON UPDATE CASCADE,
  CONSTRAINT `chat_messages_ibfk_4` FOREIGN KEY (`to_user_id`) REFERENCES `users` (`id`) ON DELETE SET NULL ON UPDATE CASCADE,
  CONSTRAINT `chat_messages_ibfk_5` FOREIGN KEY (`referer_id`) REFERENCES `chat_messages` (`id`) ON DELETE SET NULL ON UPDATE CASCADE
) ENGINE=InnoDB DEFAULT CHARSET=utf8mb3;
/*!40101 SET character_set_client = @saved_cs_client */;

--
-- Dumping data for table `chat_messages`
--

LOCK TABLES `chat_messages` WRITE;
/*!40000 ALTER TABLE `chat_messages` DISABLE KEYS */;
INSERT INTO `chat_messages` VALUES ('075fa90f-9352-4a54-be00-b545698346b0','folk',NULL,'2021-03-27 07:32:13','2021-03-27 07:33:12',NULL,NULL,'e2046104-7b22-490c-9a17-b1882f91cefd','d761c981-3502-49e4-a425-ef189f97e5bf',NULL),('32bcdd24-7091-451e-9d64-a577c206e5f4','on',NULL,'2021-03-27 07:40:40','2021-03-27 07:59:05',NULL,NULL,'d761c981-3502-49e4-a425-ef189f97e5bf','c33cda14-38c3-4670-9643-7d71c23fb098',NULL),('42a6f741-a0c1-4fe2-ace8-11f33a442072','Bom dia Carissima!',NULL,'2021-04-17 10:51:08','2021-04-17 10:53:27',NULL,NULL,'c33cda14-38c3-4670-9643-7d71c23fb098','d761c981-3502-49e4-a425-ef189f97e5bf',NULL),('4caa5096-6b84-4525-a1ec-6ce5e490aeba','nova ',NULL,'2021-03-27 05:17:56','2021-03-27 05:18:51',NULL,NULL,'d761c981-3502-49e4-a425-ef189f97e5bf','c33cda14-38c3-4670-9643-7d71c23fb098',NULL),('4e870569-dcea-4812-956e-ebb246ae725c','podes enviar?',NULL,'2021-03-27 05:25:21','2021-03-27 05:26:27',NULL,NULL,'c33cda14-38c3-4670-9643-7d71c23fb098','d761c981-3502-49e4-a425-ef189f97e5bf',NULL),('53ca0996-31e5-43ad-ba88-6667d9dc42bb','Ola',NULL,'2021-07-02 17:45:52','2021-07-02 17:47:00','f1492d22-4687-474f-8781-e55924d059bb',NULL,'c33cda14-38c3-4670-9643-7d71c23fb098','d761c981-3502-49e4-a425-ef189f97e5bf',NULL),('59a61d0d-bc63-4439-8292-e6e57bcc4a61','yes',NULL,'2021-03-27 05:42:13','2021-03-27 05:43:00',NULL,NULL,'d761c981-3502-49e4-a425-ef189f97e5bf','c33cda14-38c3-4670-9643-7d71c23fb098',NULL),('692f12e3-6ecb-483a-89f6-139705d6f62b','try it\n',NULL,'2021-03-27 07:26:43','2021-03-27 07:29:16',NULL,NULL,'e2046104-7b22-490c-9a17-b1882f91cefd','d761c981-3502-49e4-a425-ef189f97e5bf',NULL),('6be85104-7f39-4c28-8b15-884e8bdd2e99','como?',NULL,'2021-03-27 07:37:38','2021-03-27 07:38:02',NULL,NULL,'d761c981-3502-49e4-a425-ef189f97e5bf','c33cda14-38c3-4670-9643-7d71c23fb098',NULL),('6c8bd58e-5723-404e-93dd-c5e180699172','zone',NULL,'2021-03-27 05:25:19','2021-03-27 05:29:34',NULL,NULL,'d761c981-3502-49e4-a425-ef189f97e5bf','c33cda14-38c3-4670-9643-7d71c23fb098',NULL),('79071d74-765b-4bf4-b3e0-840ed25eafd5','zone',NULL,'2021-03-27 05:25:19','2021-03-27 05:30:06',NULL,NULL,'d761c981-3502-49e4-a425-ef189f97e5bf','c33cda14-38c3-4670-9643-7d71c23fb098',NULL),('80b54e5b-5bca-402a-81e2-428521c09619','Olo\n',NULL,'2021-07-02 17:46:42','2021-07-02 17:46:54','f1492d22-4687-474f-8781-e55924d059bb',NULL,'d761c981-3502-49e4-a425-ef189f97e5bf','c33cda14-38c3-4670-9643-7d71c23fb098',NULL),('81563d87-d833-4cab-9f42-908cbefd453e','and',NULL,'2021-03-27 07:32:17','2021-03-27 07:34:03',NULL,NULL,'c33cda14-38c3-4670-9643-7d71c23fb098','d761c981-3502-49e4-a425-ef189f97e5bf',NULL),('9a603df3-0061-4d23-8313-c701232ee008','Saudações',NULL,'2021-03-27 07:21:58','2021-03-27 07:24:15',NULL,NULL,'d761c981-3502-49e4-a425-ef189f97e5bf','e2046104-7b22-490c-9a17-b1882f91cefd',NULL),('a01ebf48-45ac-4f30-9e63-fa517f04f7bc','mais uma',NULL,'2021-03-27 07:37:30','2021-03-27 07:40:55',NULL,NULL,'c33cda14-38c3-4670-9643-7d71c23fb098','d761c981-3502-49e4-a425-ef189f97e5bf',NULL),('a982a70f-699a-4cde-9a15-50f95fa1d90d','ups',NULL,'2021-03-27 07:40:20','2021-03-27 07:58:14',NULL,NULL,'e2046104-7b22-490c-9a17-b1882f91cefd','d761c981-3502-49e4-a425-ef189f97e5bf',NULL),('ae6dd664-a0be-4f98-aca9-cbf764ff12b4','ola como vai',NULL,'2021-04-17 10:52:06','2021-04-17 10:53:46',NULL,NULL,'d761c981-3502-49e4-a425-ef189f97e5bf','c33cda14-38c3-4670-9643-7d71c23fb098',NULL),('b6fdcc34-f17b-4288-8e35-bd7e8253338c','and',NULL,'2021-03-27 07:40:40','2021-03-27 07:58:43',NULL,NULL,'d761c981-3502-49e4-a425-ef189f97e5bf','e2046104-7b22-490c-9a17-b1882f91cefd',NULL),('bd018249-a6c2-48f7-b991-ec4cb8af9423','e?',NULL,'2021-03-27 07:37:38','2021-03-27 07:38:14',NULL,NULL,'d761c981-3502-49e4-a425-ef189f97e5bf','e2046104-7b22-490c-9a17-b1882f91cefd',NULL),('c5ef9020-0c59-44f4-a8be-22f2956351a0','zone',NULL,'2021-03-27 05:25:19','2021-03-27 05:31:18',NULL,NULL,'d761c981-3502-49e4-a425-ef189f97e5bf','c33cda14-38c3-4670-9643-7d71c23fb098',NULL),('cb644183-b3f8-46e4-a1f5-bcfc6de5e4ab','quewed',NULL,'2021-03-27 05:20:04','2021-03-27 05:23:01',NULL,NULL,'d761c981-3502-49e4-a425-ef189f97e5bf','c33cda14-38c3-4670-9643-7d71c23fb098',NULL),('cec1b79c-1fad-49e1-a27f-902d908bdb93','ola\n',NULL,'2021-04-17 08:24:38','2021-04-17 08:24:52',NULL,NULL,'d761c981-3502-49e4-a425-ef189f97e5bf','c33cda14-38c3-4670-9643-7d71c23fb098',NULL),('d1a4ab50-b2ec-46d9-af2e-1f8f2688027f','vi?',NULL,'2021-03-27 07:37:35','2021-03-27 07:38:43',NULL,NULL,'e2046104-7b22-490c-9a17-b1882f91cefd','d761c981-3502-49e4-a425-ef189f97e5bf',NULL),('d923af8d-a87a-4019-a916-e69beca172f2','First\n',NULL,'2021-03-27 07:26:43','2021-03-27 07:27:44',NULL,NULL,'e2046104-7b22-490c-9a17-b1882f91cefd','d761c981-3502-49e4-a425-ef189f97e5bf',NULL),('dcaec4bd-d81c-4e5b-be32-cd2653af79bb','and',NULL,'2021-03-27 05:20:04','2021-03-27 05:20:38',NULL,NULL,'d761c981-3502-49e4-a425-ef189f97e5bf','c33cda14-38c3-4670-9643-7d71c23fb098',NULL),('df5884eb-df40-4c93-9f4d-1e6615d6be49','ok',NULL,'2021-03-27 07:40:40','2021-03-27 07:58:18',NULL,NULL,'d761c981-3502-49e4-a425-ef189f97e5bf','e2046104-7b22-490c-9a17-b1882f91cefd',NULL),('e21f78f4-e25d-42ea-ba44-8fc9db1bf066','fold',NULL,'2021-03-27 07:32:13','2021-03-27 07:32:50',NULL,NULL,'e2046104-7b22-490c-9a17-b1882f91cefd','d761c981-3502-49e4-a425-ef189f97e5bf',NULL);
/*!40000 ALTER TABLE `chat_messages` ENABLE KEYS */;
UNLOCK TABLES;

--
-- Table structure for table `chats`
--

DROP TABLE IF EXISTS `chats`;
/*!40101 SET @saved_cs_client     = @@character_set_client */;
/*!50503 SET character_set_client = utf8mb4 */;
CREATE TABLE `chats` (
  `id` char(36) CHARACTER SET utf8mb3 COLLATE utf8mb3_bin NOT NULL,
  `descriptions` text,
  `isActive` tinyint(1) DEFAULT NULL,
  `isOnline` tinyint(1) DEFAULT NULL,
  `createdAt` datetime DEFAULT NULL,
  `updatedAt` datetime DEFAULT NULL,
  `to_user_id` char(36) DEFAULT NULL,
  `from_user_id` char(36) DEFAULT NULL,
  PRIMARY KEY (`id`)
) ENGINE=InnoDB DEFAULT CHARSET=utf8mb3;
/*!40101 SET character_set_client = @saved_cs_client */;

--
-- Dumping data for table `chats`
--

LOCK TABLES `chats` WRITE;
/*!40000 ALTER TABLE `chats` DISABLE KEYS */;
INSERT INTO `chats` VALUES ('f1492d22-4687-474f-8781-e55924d059bb',NULL,NULL,NULL,'2021-07-02 17:37:46','2021-07-02 17:37:46','c33cda14-38c3-4670-9643-7d71c23fb098','d761c981-3502-49e4-a425-ef189f97e5bf');
/*!40000 ALTER TABLE `chats` ENABLE KEYS */;
UNLOCK TABLES;

--
-- Table structure for table `coaching_durations`
--

DROP TABLE IF EXISTS `coaching_durations`;
/*!40101 SET @saved_cs_client     = @@character_set_client */;
/*!50503 SET character_set_client = utf8mb4 */;
CREATE TABLE `coaching_durations` (
  `id` char(36) CHARACTER SET utf8mb3 COLLATE utf8mb3_bin NOT NULL,
  `months` int DEFAULT NULL,
  `description` varchar(255) DEFAULT NULL,
  `isActive` tinyint(1) DEFAULT NULL,
  `createdAt` datetime DEFAULT NULL,
  `updatedAt` datetime DEFAULT NULL,
  PRIMARY KEY (`id`),
  KEY `coaching_durations_id` (`id`)
) ENGINE=InnoDB DEFAULT CHARSET=utf8mb3;
/*!40101 SET character_set_client = @saved_cs_client */;

--
-- Dumping data for table `coaching_durations`
--

LOCK TABLES `coaching_durations` WRITE;
/*!40000 ALTER TABLE `coaching_durations` DISABLE KEYS */;
INSERT INTO `coaching_durations` VALUES ('d2046104-7b22-490c-9a17-b1882f91cefd',1,'',1,'2021-03-14 00:00:00','2021-03-14 00:00:00'),('d3046104-7b22-490c-9a17-b1882f91cefd',3,NULL,1,'2021-03-14 00:00:00','2021-03-14 00:00:00'),('d4046104-7b22-490c-9a17-b1882f91cefd',6,NULL,1,'2021-03-14 00:00:00','2021-03-14 00:00:00'),('d6046104-7b22-490c-9a17-b1882f91cefd',12,NULL,1,'2021-03-14 00:00:00','2021-03-14 00:00:00');
/*!40000 ALTER TABLE `coaching_durations` ENABLE KEYS */;
UNLOCK TABLES;

--
-- Table structure for table `coaching_goals`
--

DROP TABLE IF EXISTS `coaching_goals`;
/*!40101 SET @saved_cs_client     = @@character_set_client */;
/*!50503 SET character_set_client = utf8mb4 */;
CREATE TABLE `coaching_goals` (
  `id` char(36) CHARACTER SET utf8mb3 COLLATE utf8mb3_bin NOT NULL,
  `title` varchar(255) DEFAULT NULL,
  `description` text,
  `isActive` tinyint(1) DEFAULT NULL,
  `createdAt` datetime DEFAULT NULL,
  `updatedAt` datetime DEFAULT NULL,
  PRIMARY KEY (`id`),
  KEY `coaching_goals_id` (`id`)
) ENGINE=InnoDB DEFAULT CHARSET=utf8mb3;
/*!40101 SET character_set_client = @saved_cs_client */;

--
-- Dumping data for table `coaching_goals`
--

LOCK TABLES `coaching_goals` WRITE;
/*!40000 ALTER TABLE `coaching_goals` DISABLE KEYS */;
INSERT INTO `coaching_goals` VALUES ('d0046104-7b22-490c-9a17-b1882f91cefd','Liderança de equipa',NULL,1,'2021-03-14 00:00:00','2021-03-14 00:00:00'),('d2046104-7b22-490c-9a17-b1882f91cefd','Evolução na carreira','',1,'2021-03-14 00:00:00','2021-03-14 00:00:00'),('d6046104-7b22-490c-9a17-b1882f91cefd','Mudança de emprego',NULL,1,'2021-03-14 00:00:00','2021-03-14 00:00:00');
/*!40000 ALTER TABLE `coaching_goals` ENABLE KEYS */;
UNLOCK TABLES;

--
-- Table structure for table `coaching_subscriptions`
--

DROP TABLE IF EXISTS `coaching_subscriptions`;
/*!40101 SET @saved_cs_client     = @@character_set_client */;
/*!50503 SET character_set_client = utf8mb4 */;
CREATE TABLE `coaching_subscriptions` (
  `id` char(36) CHARACTER SET utf8mb3 COLLATE utf8mb3_bin NOT NULL,
  `description` varchar(255) DEFAULT NULL,
  `isActive` tinyint(1) DEFAULT NULL,
  `activatedAt` datetime DEFAULT NULL,
  `createdAt` datetime DEFAULT NULL,
  `updatedAt` datetime DEFAULT NULL,
  `durationId` char(36) CHARACTER SET utf8mb3 COLLATE utf8mb3_bin DEFAULT NULL,
  `goalId` char(36) CHARACTER SET utf8mb3 COLLATE utf8mb3_bin DEFAULT NULL,
  `userId` char(36) CHARACTER SET utf8mb3 COLLATE utf8mb3_bin DEFAULT NULL,
  `coachId` char(36) CHARACTER SET utf8mb3 COLLATE utf8mb3_bin DEFAULT NULL,
  `chatId` char(36) CHARACTER SET utf8mb3 COLLATE utf8mb3_bin DEFAULT NULL,
  `enrollmentId` char(36) DEFAULT NULL,
  `paymentId` char(36) DEFAULT NULL,
  PRIMARY KEY (`id`),
  KEY `durationId` (`durationId`),
  KEY `goalId` (`goalId`),
  KEY `userId` (`userId`),
  KEY `coachId` (`coachId`),
  KEY `chatId` (`chatId`),
  KEY `coaching_subscriptions_id_user_id` (`id`,`userId`),
  CONSTRAINT `coaching_subscriptions_ibfk_1` FOREIGN KEY (`durationId`) REFERENCES `coaching_durations` (`id`) ON DELETE SET NULL ON UPDATE CASCADE,
  CONSTRAINT `coaching_subscriptions_ibfk_2` FOREIGN KEY (`goalId`) REFERENCES `coaching_goals` (`id`) ON DELETE SET NULL ON UPDATE CASCADE,
  CONSTRAINT `coaching_subscriptions_ibfk_3` FOREIGN KEY (`userId`) REFERENCES `users` (`id`) ON DELETE SET NULL ON UPDATE CASCADE,
  CONSTRAINT `coaching_subscriptions_ibfk_4` FOREIGN KEY (`coachId`) REFERENCES `users` (`id`) ON DELETE SET NULL ON UPDATE CASCADE,
  CONSTRAINT `coaching_subscriptions_ibfk_5` FOREIGN KEY (`chatId`) REFERENCES `chats` (`id`) ON DELETE SET NULL ON UPDATE CASCADE
) ENGINE=InnoDB DEFAULT CHARSET=utf8mb3;
/*!40101 SET character_set_client = @saved_cs_client */;

--
-- Dumping data for table `coaching_subscriptions`
--

LOCK TABLES `coaching_subscriptions` WRITE;
/*!40000 ALTER TABLE `coaching_subscriptions` DISABLE KEYS */;
INSERT INTO `coaching_subscriptions` VALUES ('1b54a215-79c8-4ad6-8c61-8b5012f3541f',NULL,1,NULL,'2021-07-02 17:29:02','2021-07-02 17:44:25','d2046104-7b22-490c-9a17-b1882f91cefd',NULL,'c33cda14-38c3-4670-9643-7d71c23fb098','d761c981-3502-49e4-a425-ef189f97e5bf','f1492d22-4687-474f-8781-e55924d059bb','ac3a6152-9d36-492c-9a93-06b38901032b','3e1a3234-0f63-4102-977f-d8d775cb6d66');
/*!40000 ALTER TABLE `coaching_subscriptions` ENABLE KEYS */;
UNLOCK TABLES;

--
-- Table structure for table `coaching_subscriptions_todos`
--

DROP TABLE IF EXISTS `coaching_subscriptions_todos`;
/*!40101 SET @saved_cs_client     = @@character_set_client */;
/*!50503 SET character_set_client = utf8mb4 */;
CREATE TABLE `coaching_subscriptions_todos` (
  `createdAt` datetime NOT NULL,
  `updatedAt` datetime NOT NULL,
  `coachingSubscriptionId` char(36) CHARACTER SET utf8mb3 COLLATE utf8mb3_bin NOT NULL,
  `todoId` char(36) CHARACTER SET utf8mb3 COLLATE utf8mb3_bin NOT NULL,
  PRIMARY KEY (`coachingSubscriptionId`,`todoId`),
  KEY `todoId` (`todoId`),
  CONSTRAINT `coaching_subscriptions_todos_ibfk_1` FOREIGN KEY (`coachingSubscriptionId`) REFERENCES `coaching_subscriptions` (`id`) ON DELETE CASCADE ON UPDATE CASCADE,
  CONSTRAINT `coaching_subscriptions_todos_ibfk_2` FOREIGN KEY (`todoId`) REFERENCES `todos` (`id`) ON DELETE CASCADE ON UPDATE CASCADE
) ENGINE=InnoDB DEFAULT CHARSET=utf8mb3;
/*!40101 SET character_set_client = @saved_cs_client */;

--
-- Dumping data for table `coaching_subscriptions_todos`
--

LOCK TABLES `coaching_subscriptions_todos` WRITE;
/*!40000 ALTER TABLE `coaching_subscriptions_todos` DISABLE KEYS */;
/*!40000 ALTER TABLE `coaching_subscriptions_todos` ENABLE KEYS */;
UNLOCK TABLES;

--
-- Table structure for table `course_evaluations`
--

DROP TABLE IF EXISTS `course_evaluations`;
/*!40101 SET @saved_cs_client     = @@character_set_client */;
/*!50503 SET character_set_client = utf8mb4 */;
CREATE TABLE `course_evaluations` (
  `createdAt` datetime NOT NULL,
  `updatedAt` datetime NOT NULL,
  `courseId` char(36) CHARACTER SET utf8mb3 COLLATE utf8mb3_bin NOT NULL,
  `evaluationId` char(36) CHARACTER SET utf8mb3 COLLATE utf8mb3_bin NOT NULL,
  PRIMARY KEY (`courseId`,`evaluationId`),
  KEY `evaluationId` (`evaluationId`),
  CONSTRAINT `course_evaluations_ibfk_1` FOREIGN KEY (`courseId`) REFERENCES `evaluations` (`id`) ON DELETE CASCADE ON UPDATE CASCADE,
  CONSTRAINT `course_evaluations_ibfk_2` FOREIGN KEY (`evaluationId`) REFERENCES `courses` (`id`) ON DELETE CASCADE ON UPDATE CASCADE
) ENGINE=InnoDB DEFAULT CHARSET=utf8mb3;
/*!40101 SET character_set_client = @saved_cs_client */;

--
-- Dumping data for table `course_evaluations`
--

LOCK TABLES `course_evaluations` WRITE;
/*!40000 ALTER TABLE `course_evaluations` DISABLE KEYS */;
INSERT INTO `course_evaluations` VALUES ('2021-02-09 20:30:01','2021-02-09 20:30:01','1c37b67f-886c-40ed-af01-8934130d61f4','10eb73ec-860e-4faf-a335-9a861e08184c'),('2021-01-15 14:40:48','2021-01-15 14:40:48','1c37b67f-886c-40ed-af01-8934130d61f4','54a87ecf-180f-4d20-a9f6-2b318ada8dfb'),('2021-02-09 20:35:01','2021-02-09 20:35:01','1c37b67f-886c-40ed-af01-8934130d61f4','aad96895-b6ac-4f88-bc0a-dccecfb621cb'),('2021-02-09 20:30:01','2021-02-09 20:30:01','6295a5b1-421b-442b-afd4-d5cce44e822a','10eb73ec-860e-4faf-a335-9a861e08184c'),('2020-12-23 17:23:04','2020-12-23 17:23:04','6295a5b1-421b-442b-afd4-d5cce44e822a','35098d67-d0fa-46a0-8aed-8185c60cdc91'),('2020-12-26 17:31:29','2020-12-26 17:31:29','6295a5b1-421b-442b-afd4-d5cce44e822a','9bdee9ce-ae0d-4eba-aba6-2157b8c42c9c'),('2021-01-06 08:58:28','2021-01-06 08:58:28','716d5af5-1638-45d3-bf33-10d93ebafae7','03ba2b27-e0e2-4a71-a42b-8be14bec33c8'),('2021-01-06 16:28:58','2021-01-06 16:28:58','716d5af5-1638-45d3-bf33-10d93ebafae7','16e50c11-82cf-42d6-a591-0c75acd22990'),('2020-12-23 18:55:02','2020-12-23 18:55:02','716d5af5-1638-45d3-bf33-10d93ebafae7','4458c0b3-06ee-478d-a24a-694d3b0ec5c6'),('2021-01-15 14:56:13','2021-01-15 14:56:13','716d5af5-1638-45d3-bf33-10d93ebafae7','4b1edc61-a925-47eb-b73f-8cd75442c1f6'),('2021-01-15 14:40:48','2021-01-15 14:40:48','716d5af5-1638-45d3-bf33-10d93ebafae7','54a87ecf-180f-4d20-a9f6-2b318ada8dfb'),('2021-01-08 16:46:24','2021-01-08 16:46:24','716d5af5-1638-45d3-bf33-10d93ebafae7','714f9c84-2315-4a4c-bf81-7e837b082b95'),('2021-01-06 17:07:34','2021-01-06 17:07:34','716d5af5-1638-45d3-bf33-10d93ebafae7','75a63709-a054-4db6-afc1-0e4481908acb'),('2021-02-12 18:21:06','2021-02-12 18:21:06','716d5af5-1638-45d3-bf33-10d93ebafae7','e8289e80-0def-4f32-b129-343f70373405'),('2021-01-06 08:58:28','2021-01-06 08:58:28','f243900c-2c10-4670-8717-058cb3e9715f','03ba2b27-e0e2-4a71-a42b-8be14bec33c8'),('2021-01-07 06:48:28','2021-01-07 06:48:28','f243900c-2c10-4670-8717-058cb3e9715f','0def5d88-b174-4726-b64c-f94c01dafba1'),('2021-01-06 16:28:58','2021-01-06 16:28:58','f243900c-2c10-4670-8717-058cb3e9715f','16e50c11-82cf-42d6-a591-0c75acd22990'),('2020-12-23 17:05:44','2020-12-23 17:05:44','f243900c-2c10-4670-8717-058cb3e9715f','35098d67-d0fa-46a0-8aed-8185c60cdc91'),('2021-04-10 11:37:20','2021-04-10 11:37:20','f243900c-2c10-4670-8717-058cb3e9715f','62e3b342-7ee0-4056-8c71-b27b86f3b531'),('2021-01-08 16:46:24','2021-01-08 16:46:24','f243900c-2c10-4670-8717-058cb3e9715f','714f9c84-2315-4a4c-bf81-7e837b082b95'),('2021-01-06 17:07:34','2021-01-06 17:07:34','f243900c-2c10-4670-8717-058cb3e9715f','75a63709-a054-4db6-afc1-0e4481908acb'),('2021-02-12 18:21:06','2021-02-12 18:21:06','f243900c-2c10-4670-8717-058cb3e9715f','e8289e80-0def-4f32-b129-343f70373405'),('2021-01-07 06:48:29','2021-01-07 06:48:29','f243900c-2c11-4670-8717-058cb3e9715f','0def5d88-b174-4726-b64c-f94c01dafba1'),('2020-12-23 17:20:20','2020-12-23 17:20:20','f243900c-2c11-4670-8717-058cb3e9715f','35098d67-d0fa-46a0-8aed-8185c60cdc91'),('2020-12-24 03:24:48','2020-12-24 03:24:48','f243900c-2c11-4670-8717-058cb3e9715f','71d128a2-8b39-470f-aac8-b39150146202'),('2020-12-26 17:31:29','2020-12-26 17:31:29','f243900c-2c11-4670-8717-058cb3e9715f','9bdee9ce-ae0d-4eba-aba6-2157b8c42c9c'),('2021-02-12 18:21:06','2021-02-12 18:21:06','f243900c-2c11-4670-8717-058cb3e9715f','e8289e80-0def-4f32-b129-343f70373405'),('2020-12-23 18:55:02','2020-12-23 18:55:02','f243900c-2c12-4670-8717-058cb3e9715f','4458c0b3-06ee-478d-a24a-694d3b0ec5c6'),('2021-01-15 14:56:13','2021-01-15 14:56:13','f243900c-2c12-4670-8717-058cb3e9715f','4b1edc61-a925-47eb-b73f-8cd75442c1f6'),('2021-01-15 14:40:48','2021-01-15 14:40:48','f243900c-2c12-4670-8717-058cb3e9715f','54a87ecf-180f-4d20-a9f6-2b318ada8dfb'),('2020-12-24 03:24:48','2020-12-24 03:24:48','f243900c-2c12-4670-8717-058cb3e9715f','71d128a2-8b39-470f-aac8-b39150146202'),('2021-01-06 17:07:34','2021-01-06 17:07:34','f243900c-2c12-4670-8717-058cb3e9715f','75a63709-a054-4db6-afc1-0e4481908acb'),('2021-01-15 15:06:55','2021-01-15 15:06:55','f243900c-2c13-4670-8717-058cb3e9715f','2f9ed600-2cb5-4b0a-8766-38a0faf5aff3'),('2020-12-23 17:10:05','2020-12-23 17:10:05','f243900c-2c13-4670-8717-058cb3e9715f','35098d67-d0fa-46a0-8aed-8185c60cdc91'),('2021-01-08 16:46:24','2021-01-08 16:46:24','f243900c-2c13-4670-8717-058cb3e9715f','714f9c84-2315-4a4c-bf81-7e837b082b95'),('2020-12-26 17:31:29','2020-12-26 17:31:29','f243900c-2c13-4670-8717-058cb3e9715f','9bdee9ce-ae0d-4eba-aba6-2157b8c42c9c'),('2021-01-15 15:06:55','2021-01-15 15:06:55','f243900c-2c14-4670-8717-058cb3e9715f','2f9ed600-2cb5-4b0a-8766-38a0faf5aff3'),('2021-01-15 14:56:13','2021-01-15 14:56:13','f243900c-2c14-4670-8717-058cb3e9715f','4b1edc61-a925-47eb-b73f-8cd75442c1f6'),('2021-01-15 15:06:55','2021-01-15 15:06:55','f243900c-2c15-4670-8717-058cb3e9715f','2f9ed600-2cb5-4b0a-8766-38a0faf5aff3');
/*!40000 ALTER TABLE `course_evaluations` ENABLE KEYS */;
UNLOCK TABLES;

--
-- Table structure for table `courses`
--

DROP TABLE IF EXISTS `courses`;
/*!40101 SET @saved_cs_client     = @@character_set_client */;
/*!50503 SET character_set_client = utf8mb4 */;
CREATE TABLE `courses` (
  `id` char(36) CHARACTER SET utf8mb3 COLLATE utf8mb3_bin NOT NULL,
  `code` varchar(255) DEFAULT NULL,
  `title` varchar(255) DEFAULT NULL,
  `descriptions` text,
  `duration` int DEFAULT NULL,
  `isActive` tinyint(1) DEFAULT NULL,
  `language` varchar(255) DEFAULT NULL,
  `level` int DEFAULT '0',
  `cover` text,
  `roles` varchar(500) DEFAULT NULL,
  `updatedAt` datetime DEFAULT NULL,
  `userId` char(36) DEFAULT NULL,
  `createdAt` datetime DEFAULT NULL,
  `privacity` int DEFAULT '0',
  PRIMARY KEY (`id`),
  KEY `courses_id_user_id` (`id`,`userId`)
) ENGINE=InnoDB DEFAULT CHARSET=utf8mb3;
/*!40101 SET character_set_client = @saved_cs_client */;

--
-- Dumping data for table `courses`
--

LOCK TABLES `courses` WRITE;
/*!40000 ALTER TABLE `courses` DISABLE KEYS */;
INSERT INTO `courses` VALUES ('03ba2b27-e0e2-4a71-a42b-8be14bec33c8','015','Using Email for Networking in English','Skip About this course\nEffective writing is an important business skill, especially for networking, and most communication takes place using email.\n\nIn this course, you’ll learnimportant vocabulary and strategies for writing effective emails, starting with the subject line. You\'ll learn how to write messages for different audiences and understand when tobe formal or direct.You’llalso learn how your choice of words can change the way people view your message.You\'ll practice writing emails to follow up with people in your network.',NULL,NULL,'EN',0,'/courses/015/cover-03ba2b27.png','PROFESSIONAL','2021-01-06 09:27:56',NULL,'2021-01-06 06:40:21',0),('0c2b75f8-1c39-416d-9a85-2c12a4885e60','017','Spanish 2: One Step Further','Bienvenidos y bienvenidas! (Welcome!) In this Spanish course, you will learn basic vocabulary to talk about yourself and your everyday life, in the present and in the past, in simple and brief communication situations, as well as about plans for an immediate future. At the end of the course you will be able to communicate in everyday situations according to the A1 proficiency level as described in the Common European Framework of Reference for Languages (CEFRL, Council of Europe).\n\nThe course, which is designed for English speakers, offers a variety of exercises after going through the stages of content presentation, comprehension and production. You have videos, small texts and audios to improve your pronunciation, glossaries, activities for oral practice with other course students, quizzes, grammar cards and recommendations on external Internet resources to continue learning more and more Spanish.\n\nThe topics on which the activities revolve are work life, family life, city life and outdoor life. As you can see, a bit of everything to be able talk about yourself and to engage in everyday communication.\n\nWe hope you like our menu. ¡Buen provecho! (Bon appétit!)',NULL,NULL,'EN',1,NULL,'BASIC_PROFESSIONAL','2021-01-06 16:53:52',NULL,'2021-01-06 16:53:52',0),('0def5d88-b174-4726-b64c-f94c01dafba1','021','Spanish 4: Upper pass','¡Bienvenidos y bienvenidas! (Welcome!)\n\nIn this Spanish course, you will learn basic vocabulary to talk about yourself and your everyday life, in the present, in the future and in the past, in simple and brief communication situations. You will learn expressions of time, how to express things that will happen in the future, vocabulary related to the shopping list, how to express an opinion, talking about your health, and about experiences and activities that happened in the past. At the end of the course you will be able to communicate in everyday situations according to the A2 proficiency level (elementary) as described in the Common European Framework of Reference for Languages ​​(CEFRL, Council of Europe).\n\nThe course, which is designed for English speakers, offers a variety of exercises after going through the stages of content presentation, comprehension and production. You have videos, small texts and audios to improve your pronunciation, glossaries, activities for oral practice with other course students, quizzes, grammar cards and recommendations on external Internet resources to continue learning more and more Spanish.\n\nThe topics on which the activities revolve are work life, family life, city life and outdoor life. As you can see, a bit of everything to be able talk about yourself and to engage in everyday communication.\n\nWe hope you like our menu. ¡Buen provecho! (Bon appétit!)',NULL,NULL,'EN',2,NULL,'PROFESSIONAL','2021-01-07 06:48:11',NULL,'2021-01-07 06:48:11',0),('10eb73ec-860e-4faf-a335-9a861e08184c','030','StartUp course','Modern Asynchronous JavaScript with Async and Await\nJavaScript Loops and Scope\nThe Map JavaScript Data Structure\nThe Set JavaScript Data Structure\nA guide to JavaScript Template Literals\nRoadmap to Learn JavaScript',NULL,1,NULL,0,'/courses/030/cover-10eb73ec.jpeg','FREE','2021-02-12 18:15:57',NULL,'2021-02-09 20:29:45',0),('16e50c11-82cf-42d6-a591-0c75acd22990','016','Basic Spanish','Learn Spanish and explore Spanish culture in this introductory language course, designed for English speakers.\n\nThis 7-week Spanish language course is aimed at students who would like to learn conversational Spanish starting with Spanish basics. The course introduces everyday language and includes activities to practice all four language skills: reading comprehension, writing, listening comprehension and speaking.',NULL,NULL,'EN',0,'/courses/016/cover-16e50c11.jpeg','BASIC_FREE_PROFESSIONAL','2021-01-06 16:28:58',NULL,'2021-01-06 16:28:58',0),('1baa0dfb-4b2a-4f5f-8f50-f073070ab511','025','Basic Spanish','Basic vocabulary to be able to use and understand information related to:\n\ndaily routine and work\n\ndaily activities at home and with the family\n\nleisure activities\n\nlife in the city\n\nBasic grammatical structures such as articles and nouns, adjectives, present, future and past tenses of regular and irregular verbs.',NULL,NULL,'EN',0,'/courses/025/cover-1baa0dfb.jpeg','FREE_BASIC_PROFESSIONAL','2021-01-07 11:23:44',NULL,'2021-01-07 07:15:13',0),('2f9ed600-2cb5-4b0a-8766-38a0faf5aff3','029','Educación sobre el cambio climático','ABC',NULL,NULL,'ES',0,'/courses/029/cover-2f9ed600.jpeg','FREE','2021-01-15 15:06:55',NULL,'2021-01-15 15:06:43',0),('35098d67-d0fa-46a0-8aed-8185c60cdc91','005','Découvrir la responsabilité sociétale des entreprises (RSE)','Revisitez la finalité des entreprises et explorez avec nous ce qu’est leur responsabilité sociétale. Passez au leadership responsable ! Apprenez à mettre en place une stratégie crédible de RSE dans une entreprise, quelle que soit sa taille.\n\nVous serez confrontés à différents cas d’entreprises, qui vous permettront de comprendre les défis auxquels font face les managers qui cherchent à développer une stratégie responsable. Vous serez également amenés à interagir entre vous sur les forums de discussion.\n\nCe cours vise à vous aider à gérer la RSE avec différentes parties prenantes internes et externes. Il vise en particulier à soutenir les managers actuel.les et futur.es dans leurs efforts pour positionner un leadership responsable, une production et une consommation durable au centre de leur vision stratégique.',NULL,NULL,'FR',1,'/courses/005/cover-35098d67.png','PRO','2021-01-05 15:30:26',NULL,'2020-12-23 15:22:02',0),('4458c0b3-06ee-478d-a24a-694d3b0ec5c6','002','Inclusive Leadership Training','What separates a successful leader from a mediocre one? In this course, you will learn what successful 21st-century leaders look like and how you can adopt their inclusive leadership style. Using research and best practices, as well as stories from great leaders and everyday people, you will practice empowerment, accountability, courage, and humility—key leadership skills linked to inclusive, successful teams. Throughout the course, you will meet people like yourself, who want to be the best leaders they possibly can by incorporating inclusive leadership into their everyday lives. With short quizzes and compelling case studies, you will refine your skills each section. Most importantly, you will apply your new leadership skills through exciting real-life exercises. At the end of the course, you will create a Personal Leadership Plan that will help you continue to develop your skills, knowledge, and awareness in your quest to become a successful, inclusive leader.',NULL,NULL,'EN',0,'/courses/002/cover-4458c0b3.jpeg',NULL,'2020-12-23 18:55:02',NULL,'2020-12-23 11:35:01',0),('4b1edc61-a925-47eb-b73f-8cd75442c1f6','028','How New Ideas Take Root','Conceptual Change: How New Ideas Take Root — explores the ways students learn and develop new conceptual understandings, and shows how student misconceptions can be uncovered and addressed as a part of effective learning.\n\n',NULL,1,NULL,0,'/courses/028/cover-4b1edc61.jpeg','PROFESSIONAL','2021-02-09 18:58:11',NULL,'2021-01-15 14:55:51',0),('54a87ecf-180f-4d20-a9f6-2b318ada8dfb','027','Strategies for Online Teaching and Learning','In this course, you’ll receive useful tips and case studies to improve your online teaching, with specific resources and activities tailored to primary, secondary and adult/higher education. As with the other courses in this certificate, you’ll have the opportunity to learn amongst a vibrant community of international educators, and can feel confident knowing that you will be acquiring skills backed by sound pedagogical methodologies. ****',NULL,NULL,NULL,1,'/courses/027/cover-54a87ecf.png','FREE','2021-01-15 14:40:48',NULL,'2021-01-15 14:40:47',0),('62e3b342-7ee0-4056-8c71-b27b86f3b531','034','Strip DOCs','Payments infrastructure for the internet\nMillions of companies of all sizes—from startups to Fortune 500s—use Stripe’s software and APIs to accept payments, send payouts, and manage their businesses online.\nAdd payment methods\nIntegrate digital wallets like Alipay, Apple Pay, and Google Pay, or let customers pay with other payment methods like bank debits or transfers. Payment methods help boost conversion.',NULL,NULL,'EN',0,'/courses/034/cover-62e3b342.jpeg','FREE','2021-04-10 11:37:19',NULL,'2021-04-10 11:36:50',1),('6b6a1381-1a2c-466d-ab41-d0b72241f8e2','003','Becoming a Successful Leader','who want to be the best leaders they possibly can by incorporating inclusive leadership into their everyday lives. With short quizzes and compelling case studies, you will refine your skills each section. Most importantly, you will apply your new leadership skills through exciting real-life exercises. At the end of the course, you will create a Personal Leadership Plan that will help you continue to develop your skills, knowledge, and awareness in your quest to become a successful, inclusive leader.',NULL,NULL,NULL,0,'/courses/003/cover-6b6a1381.jpeg',NULL,'2020-12-23 11:36:23',NULL,'2020-12-23 11:36:23',0),('714f9c84-2315-4a4c-bf81-7e837b082b95','026','Introduction to Investments','The investment landscape can be extremely dynamic and ever-evolving. But those who take the time to understand the basic principles and the different asset classes stand to gain significantly over the long haul. The first step is learning to distinguish different types of investments and what rung each occupies on the \"risk ladder.',NULL,NULL,'EN',0,'/courses/026/cover-714f9c84.jpeg','PROFESSIONAL','2021-01-08 16:46:24',NULL,'2021-01-08 16:46:23',0),('71d128a2-8b39-470f-aac8-b39150146202','001','Computer Forensics','The course team is available to answer questions in the discussion topic titled \"Questions About the Course.\" You can also check the FAQs by clicking on the link in the top toolbar. In addition, we will send occasional email updates that highlight themes generated in the activities and discussion areas.\n\nHere’s how to get started…',NULL,NULL,'EN',0,'/courses/001/cover-71d128a2.jpeg',NULL,'2020-12-24 03:24:43',NULL,'2020-12-23 11:28:32',0),('75a63709-a054-4db6-afc1-0e4481908acb','018','Spanish 2: One Step Further','Bienvenidos y bienvenidas! (Welcome!) In this Spanish course, you will learn basic vocabulary to talk about yourself and your everyday life, in the present and in the past, in simple and brief communication situations, as well as about plans for an immediate future. At the end of the course you will be able to communicate in everyday situations according to the A1 proficiency level as described in the Common European Framework of Reference for Languages (CEFRL, Council of Europe).\n\nThe course, which is designed for English speakers, offers a variety of exercises after going through the stages of content presentation, comprehension and production. You have videos, small texts and audios to improve your pronunciation, glossaries, activities for oral practice with other course students, quizzes, grammar cards and recommendations on external Internet resources to continue learning more and more Spanish.\n\nThe topics on which the activities revolve are work life, family life, city life and outdoor life. As you can see, a bit of everything to be able talk about yourself and to engage in everyday communication.\n\nWe hope you like our menu. ¡Buen provecho! (Bon appétit!)',NULL,NULL,'EN',1,'/courses/018/cover-75a63709.png','BASIC_PROFESSIONAL','2021-01-06 17:07:27',NULL,'2021-01-06 17:07:00',0),('9bdee9ce-ae0d-4eba-aba6-2157b8c42c9c','006','Marketing Analytics: Marketing Measurement Strategy','Begin your journey in a new career in marketing analytics. Learn about powerful strategies and methodology, starting with identifying market trends and metrics used to measure marketing success.\n\nIn this marketing course, you will learn how to execute market sizing, identify market trends, and predict future conditions.\n\nThis course is taught by Stephan Sorger who has held leadership roles in marketing and product development at companies such as Oracle, 3Com and NASA. He has also taught for over a decade at UC Berkeley Extension and is the author of two widely adopted marketing textbooks. This course will equip you with the knowledge and skills necessary to immediately see practical benefits in the workplace.',NULL,NULL,'EN',1,'/courses/006/cover-9bdee9ce.jpeg','','2021-01-11 08:28:29',NULL,'2020-12-26 17:31:28',0),('a093120f-b0f0-4f8c-89ff-d60e1556fe00','004','Cómo educar teniendo en cuenta la muerte','Los educadores nos formamos para poder educar para la vida. Pero, sin incluir la muerte de una manera consciente, esta acción siempre estará incompleta y mal enfocada, por lo que la educación plena no será posible.',NULL,NULL,'ES',1,'/courses/004/cover-a093120f.jpeg',NULL,'2020-12-23 15:09:29',NULL,'2020-12-23 15:08:58',0),('aad96895-b6ac-4f88-bc0a-dccecfb621cb','032','StartUp course',NULL,NULL,NULL,NULL,0,'/courses/032/cover-aad96895.jpeg','FREE','2021-02-09 20:35:01',NULL,'2021-02-09 20:34:31',0),('cf41da32-e324-4c2a-bad0-c3906703b87a','017','Spanish 2: One Step Further','Bienvenidos y bienvenidas! (Welcome!) In this Spanish course, you will learn basic vocabulary to talk about yourself and your everyday life, in the present and in the past, in simple and brief communication situations, as well as about plans for an immediate future. At the end of the course you will be able to communicate in everyday situations according to the A1 proficiency level as described in the Common European Framework of Reference for Languages (CEFRL, Council of Europe).\n\nThe course, which is designed for English speakers, offers a variety of exercises after going through the stages of content presentation, comprehension and production. You have videos, small texts and audios to improve your pronunciation, glossaries, activities for oral practice with other course students, quizzes, grammar cards and recommendations on external Internet resources to continue learning more and more Spanish.\n\nThe topics on which the activities revolve are work life, family life, city life and outdoor life. As you can see, a bit of everything to be able talk about yourself and to engage in everyday communication.\n\nWe hope you like our menu. ¡Buen provecho! (Bon appétit!)',NULL,NULL,'EN',1,NULL,'BASIC_PROFESSIONAL','2021-01-06 16:55:44',NULL,'2021-01-06 16:55:44',0),('e8289e80-0def-4f32-b129-343f70373405','033','Data Science','Fundamental R programming skills\nStatistical concepts such as probability, inference, and modeling and how to apply them in practice\nGain experience with the tidyverse, including data visualization with ggplot2 and data wrangling with dplyr',NULL,1,NULL,1,'/courses/033/cover-e8289e80.jpeg','BASIC_PROFESSIONAL','2021-02-12 18:36:35',NULL,'2021-02-12 18:21:05',0);
/*!40000 ALTER TABLE `courses` ENABLE KEYS */;
UNLOCK TABLES;

--
-- Table structure for table `customers`
--

DROP TABLE IF EXISTS `customers`;
/*!40101 SET @saved_cs_client     = @@character_set_client */;
/*!50503 SET character_set_client = utf8mb4 */;
CREATE TABLE `customers` (
  `id` char(36) CHARACTER SET utf8mb3 COLLATE utf8mb3_bin NOT NULL,
  `name` varchar(255) DEFAULT NULL,
  `email` varchar(255) DEFAULT NULL,
  `description` varchar(255) DEFAULT NULL,
  `isActive` tinyint(1) DEFAULT NULL,
  `createdAt` datetime DEFAULT NULL,
  `updatedAt` datetime DEFAULT NULL,
  `userId` char(36) CHARACTER SET utf8mb3 COLLATE utf8mb3_bin DEFAULT NULL,
  `addressId` char(36) CHARACTER SET utf8mb3 COLLATE utf8mb3_bin DEFAULT NULL,
  PRIMARY KEY (`id`),
  KEY `userId` (`userId`),
  KEY `addressId` (`addressId`),
  CONSTRAINT `customers_ibfk_1` FOREIGN KEY (`userId`) REFERENCES `users` (`id`) ON DELETE SET NULL ON UPDATE CASCADE,
  CONSTRAINT `customers_ibfk_2` FOREIGN KEY (`addressId`) REFERENCES `addresses` (`id`) ON DELETE SET NULL ON UPDATE CASCADE
) ENGINE=InnoDB DEFAULT CHARSET=utf8mb3;
/*!40101 SET character_set_client = @saved_cs_client */;

--
-- Dumping data for table `customers`
--

LOCK TABLES `customers` WRITE;
/*!40000 ALTER TABLE `customers` DISABLE KEYS */;
/*!40000 ALTER TABLE `customers` ENABLE KEYS */;
UNLOCK TABLES;

--
-- Table structure for table `data_room_files`
--

DROP TABLE IF EXISTS `data_room_files`;
/*!40101 SET @saved_cs_client     = @@character_set_client */;
/*!50503 SET character_set_client = utf8mb4 */;
CREATE TABLE `data_room_files` (
  `createdAt` datetime NOT NULL,
  `updatedAt` datetime NOT NULL,
  `dataRoomId` char(36) CHARACTER SET utf8mb3 COLLATE utf8mb3_bin NOT NULL,
  `fileId` varchar(255) NOT NULL,
  PRIMARY KEY (`dataRoomId`,`fileId`),
  KEY `fileId` (`fileId`),
  CONSTRAINT `data_room_files_ibfk_1` FOREIGN KEY (`dataRoomId`) REFERENCES `data_rooms` (`id`) ON DELETE CASCADE ON UPDATE CASCADE,
  CONSTRAINT `data_room_files_ibfk_2` FOREIGN KEY (`fileId`) REFERENCES `files` (`id`) ON DELETE CASCADE ON UPDATE CASCADE
) ENGINE=InnoDB DEFAULT CHARSET=utf8mb3;
/*!40101 SET character_set_client = @saved_cs_client */;

--
-- Dumping data for table `data_room_files`
--

LOCK TABLES `data_room_files` WRITE;
/*!40000 ALTER TABLE `data_room_files` DISABLE KEYS */;
INSERT INTO `data_room_files` VALUES ('2021-04-09 18:55:25','2021-04-09 18:55:25','19a23dd2-89a1-4089-a6ce-d17eb9e5073c','2e8660ce-141e-4bca-9277-c25895e9ed54'),('2021-04-17 06:31:20','2021-04-17 06:31:20','26e09a2b-c53a-48e0-af74-9aa7d6598ac0','cfe00a5d-05ce-4a1c-926a-1a00a4166317'),('2021-04-17 06:31:20','2021-04-17 06:31:20','26e09a2b-c53a-48e0-af74-9aa7d6598ac0','eaae4696-2ded-4ac6-bb35-65477e5e1b34'),('2021-04-17 10:19:33','2021-04-17 10:19:33','274bf102-003c-4ee9-ac53-42b466de7ec5','31e7633b-a0f4-4767-a6ab-989cb8b9bef9'),('2021-04-17 10:19:33','2021-04-17 10:19:33','274bf102-003c-4ee9-ac53-42b466de7ec5','975c965d-7563-4681-aa9e-98008cd40122'),('2021-04-17 10:19:32','2021-04-17 10:19:32','274bf102-003c-4ee9-ac53-42b466de7ec5','a5f25268-9d87-4309-9047-18408f5298d5'),('2021-04-17 10:19:33','2021-04-17 10:19:33','274bf102-003c-4ee9-ac53-42b466de7ec5','cca5c087-61c8-4260-b01d-4c9a693a097b'),('2021-04-17 10:19:32','2021-04-17 10:19:32','274bf102-003c-4ee9-ac53-42b466de7ec5','fa0acea3-fe17-488e-ba79-20adef5ad2cb'),('2021-04-10 07:57:33','2021-04-10 07:57:33','70c8cfba-f516-40ef-b520-fbf14fdeea10','2dd95b44-eb52-4fa3-821d-984cf84bef82'),('2021-04-10 07:57:33','2021-04-10 07:57:33','70c8cfba-f516-40ef-b520-fbf14fdeea10','7c63fcb1-b3d9-4ce9-b86b-b413c9382631'),('2021-04-09 19:01:31','2021-04-09 19:01:31','c5479c34-1717-4b07-a5d5-1aa31bfc6acc','1d63c48c-5a32-44bc-8bc9-903d0bbf3ba8'),('2021-04-09 19:01:32','2021-04-09 19:01:32','c5479c34-1717-4b07-a5d5-1aa31bfc6acc','acd360af-c03a-4da8-a49c-e799a79f2c99'),('2021-04-09 19:01:31','2021-04-09 19:01:31','c5479c34-1717-4b07-a5d5-1aa31bfc6acc','d3467a4c-9397-463a-bc1e-c199e8895c3a'),('2021-04-09 18:56:52','2021-04-09 18:56:52','c606e0ae-85aa-4d60-bda1-2c6c021ee8b1','2e2ef56c-9e84-4f19-b7b9-99724f0a031a'),('2021-04-09 18:56:52','2021-04-09 18:56:52','c606e0ae-85aa-4d60-bda1-2c6c021ee8b1','6488e2f3-cdba-4551-92a0-ab428edb487f'),('2021-04-09 18:56:52','2021-04-09 18:56:52','c606e0ae-85aa-4d60-bda1-2c6c021ee8b1','86d21e3b-f625-4cc0-9427-817865c6e3e7');
/*!40000 ALTER TABLE `data_room_files` ENABLE KEYS */;
UNLOCK TABLES;

--
-- Table structure for table `data_rooms`
--

DROP TABLE IF EXISTS `data_rooms`;
/*!40101 SET @saved_cs_client     = @@character_set_client */;
/*!50503 SET character_set_client = utf8mb4 */;
CREATE TABLE `data_rooms` (
  `id` char(36) CHARACTER SET utf8mb3 COLLATE utf8mb3_bin NOT NULL,
  `code` varchar(255) DEFAULT NULL,
  `descriptions` text,
  `title` varchar(255) DEFAULT NULL,
  `type` varchar(255) DEFAULT NULL,
  `isActive` tinyint(1) DEFAULT NULL,
  `createdAt` datetime DEFAULT NULL,
  `updatedAt` datetime DEFAULT NULL,
  `userId` char(36) CHARACTER SET utf8mb3 COLLATE utf8mb3_bin DEFAULT NULL,
  PRIMARY KEY (`id`),
  KEY `userId` (`userId`),
  CONSTRAINT `data_rooms_ibfk_1` FOREIGN KEY (`userId`) REFERENCES `users` (`id`) ON DELETE SET NULL ON UPDATE CASCADE
) ENGINE=InnoDB DEFAULT CHARSET=utf8mb3;
/*!40101 SET character_set_client = @saved_cs_client */;

--
-- Dumping data for table `data_rooms`
--

LOCK TABLES `data_rooms` WRITE;
/*!40000 ALTER TABLE `data_rooms` DISABLE KEYS */;
INSERT INTO `data_rooms` VALUES ('19a23dd2-89a1-4089-a6ce-d17eb9e5073c','011','oka','Reset  and Send it again',NULL,NULL,'2021-04-09 18:54:44','2021-04-09 18:54:44','d761c981-3502-49e4-a425-ef189f97e5bf'),('26e09a2b-c53a-48e0-af74-9aa7d6598ac0','018','What is a curriculum vitae? A curriculum vitae (CV), Latin for \"course of life,\" is a detailed professional document highlighting a person\'s education, experience and accomplishments. A CV may also include professional references, as well as coursework, fieldwork, hobbies and interests relevant to your profession.','Modelo de Curriculum',NULL,NULL,'2021-04-17 06:31:13','2021-04-17 06:31:13','d761c981-3502-49e4-a425-ef189f97e5bf'),('274bf102-003c-4ee9-ac53-42b466de7ec5','019','I have input file (without submit - typicall input file). I\'d like to call some function when chose file. Example: I click on \"Choose file\" -> choose file -> now system detects change and call some function which prints all these file information (for example image name).','Milenium Falcon',NULL,NULL,'2021-04-17 10:19:32','2021-04-17 10:19:32','d761c981-3502-49e4-a425-ef189f97e5bf'),('4e569373-35c0-4909-bf02-77813d3943fd','010','oka','Reset  and Send it again',NULL,NULL,'2021-04-09 18:48:37','2021-04-09 18:48:37','d761c981-3502-49e4-a425-ef189f97e5bf'),('53c68aa9-3253-4e6b-a907-94444a07299b','016','Are you a Senior Software Engineer living outside the U.S.? Interested in top remote U.S. Software jobs? Sign up for Turing if:\n1) You can work full time (40 hours/week) with a U.S. software company.\n2) You can spend 5 hours in the next week on our programming tests, challenges, and our video interviews.\n3) You can adjust work hours to overlap at least 4 hours a day with a company in San Francisco/New York.\n4) You are a very talented software engineer, likely in the top 1% of the world’s software engineers. Three years of industry experience preferable, but we relax this requirement if you are exceptionally skilled.\n5) You will be able to communicate effectively in english over daily video calls with engineering managers at U.S. Software companies we match you with.\n---------------------------------------------------------\nBenefits of signing up for Turing:\n1) No US visa needed since you’ll be working remotely.\n2) Higher Salary than local jobs in most countries.\n3) Full time, long term jobs.\n4) Jobs across a variety of software skills including Front-end, UIUX, back-end, Full stack, Mobile, DevOps, AI etc.\n5) Jobs across various levels - Software engineer (SWE), senior SWE, tech lead and eng manager.\n---------------------------------------------------------\nAbout Turing:\n1) Based in Palo Alto, California founded by Jonathan Siddharth and Vijay Krishnan.\n2) Founders Jonathan and Vijay originally moved to the U.S from India when they got accepted into the Computer Science program at Stanford University. Being software engineers themselves, they realized how much their software career prospects improved merely as a result of relocating to the Silicon Valley. Turing’s mission is to make the same opportunities available to Silicon Valley engineers accessible to exceptional engineers all over the world.\n3) Today, we have matched Turing software engineers from 50+ countries in all continents to remote jobs with our partner companies in the US.\n----------------------------------------------------------\nReady to start?\n1) Sign Up.\n2) Upload your resume and create your profile.\n3) Pass Turing\'s tests and interviews\n4) Get matched to U.S. software roles!','About Turing',NULL,NULL,'2021-04-10 07:09:55','2021-04-10 07:09:55','d761c981-3502-49e4-a425-ef189f97e5bf'),('57c88b10-1816-44d1-9319-1d635dade4d3','003','oka','oka',NULL,NULL,'2021-04-09 17:13:33','2021-04-09 17:13:33','d761c981-3502-49e4-a425-ef189f97e5bf'),('70c8cfba-f516-40ef-b520-fbf14fdeea10','017',NULL,'Everest',NULL,NULL,'2021-04-10 07:57:26','2021-04-10 07:57:26','d761c981-3502-49e4-a425-ef189f97e5bf'),('711e5255-7d5f-4e2b-bf80-078d0f8a6a3b','001','Many desktop publishing packages and web page editors now use Lorem Ipsum as their default model text, and a search for \'lorem ipsum\' will uncover many web sites still in their infancy. Many desktop publishing packages and web page editors now use Lorem Ipsum as their default model text, and a search for \'lorem ipsum\' will uncover many web sites still in their infancy.\n\nMany desktop publishing packages and web page editors now use Lorem Ipsum as their default model text, and a search for \'lorem ipsum\' will uncover many web sites still in their infancy. Many desktop publishing packages and web page editors now use Lorem Ipsum as their default model text, and a search','Mili Raoulin',NULL,NULL,'2021-03-29 14:45:50','2021-03-29 14:45:50','d761c981-3502-49e4-a425-ef189f97e5bf'),('79f07c53-da0a-47ba-96f2-26a8108fb5ce','002','Socibook is a Multipurpose Social Network HTML5 Template designed to build any kinds of Social Networking Website. It’s an HTML5 template based on Bootstrap 3.3.7. Anyone can easily update/edit this plugin to follow our Well Sorted Documentation.','Socibook | Multipurpose Social Network HTML5',NULL,NULL,'2021-03-29 15:08:44','2021-03-29 15:08:44','d761c981-3502-49e4-a425-ef189f97e5bf'),('7f489f4b-e5ca-4597-ba4d-112f3b2e9e15','009','oka','Reset  and Send it again',NULL,NULL,'2021-04-09 18:45:50','2021-04-09 18:45:50','d761c981-3502-49e4-a425-ef189f97e5bf'),('86283779-5cf4-434f-b352-a0321ed19852','008','oka','Reset  and Send it again',NULL,NULL,'2021-04-09 18:39:40','2021-04-09 18:39:40','d761c981-3502-49e4-a425-ef189f97e5bf'),('8bf69a27-b6d4-44fb-a5bc-04e8dc1beba5','004','oka','New Data',NULL,NULL,'2021-04-09 17:14:30','2021-04-09 17:14:30','d761c981-3502-49e4-a425-ef189f97e5bf'),('c5479c34-1717-4b07-a5d5-1aa31bfc6acc','013','I was having a similar issue in my Angular 9 code and this answer did the trick for me. Though @Emil Reña Enriquez answer also worked for me but I find this to be more accurate and simple answer for this problem. – omostan May 8 \'20 at 13:37','Uzumaki Naruto',NULL,NULL,'2021-04-09 19:00:53','2021-04-09 19:00:53','d761c981-3502-49e4-a425-ef189f97e5bf'),('c606e0ae-85aa-4d60-bda1-2c6c021ee8b1','012','oka','Try to add Files on Reset  and Send it again',NULL,NULL,'2021-04-09 18:56:29','2021-04-09 18:56:29','d761c981-3502-49e4-a425-ef189f97e5bf'),('c9075a7b-01bb-4376-adb9-cb723477c2d6','006','oka','Send it again',NULL,NULL,'2021-04-09 18:30:21','2021-04-09 18:30:21','d761c981-3502-49e4-a425-ef189f97e5bf'),('d574f0a2-d0d3-4208-b2ad-859dbb0dd463','005','oka','New Data',NULL,NULL,'2021-04-09 18:27:57','2021-04-09 18:27:57','d761c981-3502-49e4-a425-ef189f97e5bf'),('e9da2d28-be3e-4214-8b95-16d8b7a53c37','007','oka','Send it again',NULL,NULL,'2021-04-09 18:35:46','2021-04-09 18:35:46','d761c981-3502-49e4-a425-ef189f97e5bf'),('fe3ef756-ca6a-46ef-9964-883124d79174','014','Are you a Senior Software Engineer living outside the U.S.? Interested in top remote U.S. Software jobs? Sign up for Turing if:\n1) You can work full time (40 hours/week) with a U.S. software company.\n2) You can spend 5 hours in the next week on our programming tests, challenges, and our video interviews.\n3) You can adjust work hours to overlap at least 4 hours a day with a company in San Francisco/New York.\n4) You are a very talented software engineer, likely in the top 1% of the world’s software engineers. Three years of industry experience preferable, but we relax this requirement if you are exceptionally skilled.\n5) You will be able to communicate effectively in english over daily video calls with engineering managers at U.S. Software companies we match you with.\n---------------------------------------------------------\nBenefits of signing up for Turing:\n1) No US visa needed since you’ll be working remotely.\n2) Higher Salary than local jobs in most countries.\n3) Full time, long term jobs.\n4) Jobs across a variety of software skills including Front-end, UIUX, back-end, Full stack, Mobile, DevOps, AI etc.\n5) Jobs across various levels - Software engineer (SWE), senior SWE, tech lead and eng manager.\n---------------------------------------------------------\nAbout Turing:\n1) Based in Palo Alto, California founded by Jonathan Siddharth and Vijay Krishnan.\n2) Founders Jonathan and Vijay originally moved to the U.S from India when they got accepted into the Computer Science program at Stanford University. Being software engineers themselves, they realized how much their software career prospects improved merely as a result of relocating to the Silicon Valley. Turing’s mission is to make the same opportunities available to Silicon Valley engineers accessible to exceptional engineers all over the world.\n3) Today, we have matched Turing software engineers from 50+ countries in all continents to remote jobs with our partner companies in the US.\n----------------------------------------------------------\nReady to start?\n1) Sign Up.\n2) Upload your resume and create your profile.\n3) Pass Turing\'s tests and interviews\n4) Get matched to U.S. software roles!','Benefits of signing up for Turing:',NULL,NULL,'2021-04-10 07:07:45','2021-04-10 07:07:45','d761c981-3502-49e4-a425-ef189f97e5bf'),('ff143494-f571-4220-9410-80bc105d45c5','015','Are you a Senior Software Engineer living outside the U.S.? Interested in top remote U.S. Software jobs? Sign up for Turing if:\n1) You can work full time (40 hours/week) with a U.S. software company.\n2) You can spend 5 hours in the next week on our programming tests, challenges, and our video interviews.\n3) You can adjust work hours to overlap at least 4 hours a day with a company in San Francisco/New York.\n4) You are a very talented software engineer, likely in the top 1% of the world’s software engineers. Three years of industry experience preferable, but we relax this requirement if you are exceptionally skilled.\n5) You will be able to communicate effectively in english over daily video calls with engineering managers at U.S. Software companies we match you with.\n---------------------------------------------------------\nBenefits of signing up for Turing:\n1) No US visa needed since you’ll be working remotely.\n2) Higher Salary than local jobs in most countries.\n3) Full time, long term jobs.\n4) Jobs across a variety of software skills including Front-end, UIUX, back-end, Full stack, Mobile, DevOps, AI etc.\n5) Jobs across various levels - Software engineer (SWE), senior SWE, tech lead and eng manager.\n---------------------------------------------------------\nAbout Turing:\n1) Based in Palo Alto, California founded by Jonathan Siddharth and Vijay Krishnan.\n2) Founders Jonathan and Vijay originally moved to the U.S from India when they got accepted into the Computer Science program at Stanford University. Being software engineers themselves, they realized how much their software career prospects improved merely as a result of relocating to the Silicon Valley. Turing’s mission is to make the same opportunities available to Silicon Valley engineers accessible to exceptional engineers all over the world.\n3) Today, we have matched Turing software engineers from 50+ countries in all continents to remote jobs with our partner companies in the US.\n----------------------------------------------------------\nReady to start?\n1) Sign Up.\n2) Upload your resume and create your profile.\n3) Pass Turing\'s tests and interviews\n4) Get matched to U.S. software roles!','About Turing',NULL,NULL,'2021-04-10 07:08:23','2021-04-10 07:08:23','d761c981-3502-49e4-a425-ef189f97e5bf');
/*!40000 ALTER TABLE `data_rooms` ENABLE KEYS */;
UNLOCK TABLES;

--
-- Table structure for table `enrollments`
--

DROP TABLE IF EXISTS `enrollments`;
/*!40101 SET @saved_cs_client     = @@character_set_client */;
/*!50503 SET character_set_client = utf8mb4 */;
CREATE TABLE `enrollments` (
  `id` char(36) CHARACTER SET utf8mb3 COLLATE utf8mb3_bin NOT NULL,
  `code` varchar(255) DEFAULT NULL,
  `descriptions` varchar(255) DEFAULT NULL,
  `isActive` tinyint(1) DEFAULT NULL,
  `createdAt` datetime DEFAULT NULL,
  `updatedAt` datetime DEFAULT NULL,
  `userId` char(36) CHARACTER SET utf8mb3 COLLATE utf8mb3_bin DEFAULT NULL,
  `courseId` char(36) CHARACTER SET utf8mb3 COLLATE utf8mb3_bin DEFAULT NULL,
  `activityId` char(36) CHARACTER SET utf8mb3 COLLATE utf8mb3_bin DEFAULT NULL,
  PRIMARY KEY (`id`),
  KEY `userId` (`userId`),
  KEY `courseId` (`courseId`),
  KEY `enrollments_id_user_id_course_id_activity_id` (`id`,`userId`,`courseId`,`activityId`),
  KEY `enrollments_ibfk_3` (`activityId`),
  CONSTRAINT `enrollments_ibfk_1` FOREIGN KEY (`userId`) REFERENCES `users` (`id`) ON DELETE SET NULL ON UPDATE CASCADE,
  CONSTRAINT `enrollments_ibfk_2` FOREIGN KEY (`courseId`) REFERENCES `courses` (`id`) ON DELETE SET NULL ON UPDATE CASCADE,
  CONSTRAINT `enrollments_ibfk_3` FOREIGN KEY (`activityId`) REFERENCES `activities` (`id`) ON DELETE SET NULL ON UPDATE CASCADE
) ENGINE=InnoDB DEFAULT CHARSET=utf8mb3;
/*!40101 SET character_set_client = @saved_cs_client */;

--
-- Dumping data for table `enrollments`
--

LOCK TABLES `enrollments` WRITE;
/*!40000 ALTER TABLE `enrollments` DISABLE KEYS */;
INSERT INTO `enrollments` VALUES ('119a442c-6967-44d2-acf4-98e92308749a','011',NULL,NULL,'2021-02-12 18:37:07','2021-02-12 18:54:40','c33cda14-38c3-4670-9643-7d71c23fb098','e8289e80-0def-4f32-b129-343f70373405','b7fd619e-4596-44c1-a373-41a325a0e837'),('153630c8-ff3f-4f12-97ed-82b6f74d44b7','002',NULL,NULL,'2020-12-24 07:22:54','2020-12-24 07:22:54','c33cda14-38c3-4670-9643-7d71c23fb098','6b6a1381-1a2c-466d-ab41-d0b72241f8e2','0da30199-b261-4cf1-bc82-3c28328f61be'),('3e7a5f4b-c05a-47af-91c5-244cf3bc6569','003',NULL,NULL,'2020-12-26 11:38:38','2020-12-26 11:38:38','e2046104-7b22-490c-9a17-b1882f91cefd','35098d67-d0fa-46a0-8aed-8185c60cdc91','0da30199-b261-4cf1-bc82-3c28328f61be'),('423a2489-98d1-4094-9964-d1b45849ae10','005',NULL,NULL,'2021-02-06 18:47:34','2021-02-06 18:47:34','c33cda14-38c3-4670-9643-7d71c23fb098','714f9c84-2315-4a4c-bf81-7e837b082b95',NULL),('457232b5-51e1-48bc-88d4-13906414ce63','016',NULL,NULL,'2021-04-12 15:08:00','2021-04-12 15:08:00','d761c981-3502-49e4-a425-ef189f97e5bf','e8289e80-0def-4f32-b129-343f70373405',NULL),('69bf2183-70ee-4bba-aa26-eb7898db66ec','004',NULL,NULL,'2020-12-26 17:58:28','2020-12-26 17:58:28','c33cda14-38c3-4670-9643-7d71c23fb098','9bdee9ce-ae0d-4eba-aba6-2157b8c42c9c','0da30199-b261-4cf1-bc82-3c28328f61be'),('735f42f0-99ed-4da5-8f34-75f6359ab180','014',NULL,NULL,'2021-04-11 09:48:43','2021-04-11 09:48:43','d761c981-3502-49e4-a425-ef189f97e5bf','e8289e80-0def-4f32-b129-343f70373405',NULL),('7fa254f6-f29b-413b-93e8-a11c698ce4d4','001',NULL,NULL,'2020-12-23 21:59:58','2021-01-09 15:11:25','c33cda14-38c3-4670-9643-7d71c23fb098','35098d67-d0fa-46a0-8aed-8185c60cdc91','9827d41d-9042-4520-a629-553921702f29'),('885e0765-1d2e-4c81-9f99-a5d5016f2297','015',NULL,NULL,'2021-04-11 09:50:14','2021-04-11 09:50:14','d761c981-3502-49e4-a425-ef189f97e5bf','10eb73ec-860e-4faf-a335-9a861e08184c',NULL),('92e60624-7678-4e51-be68-5f488c9c85db','009',NULL,NULL,'2021-02-09 20:43:13','2021-02-10 10:32:57','c33cda14-38c3-4670-9643-7d71c23fb098','10eb73ec-860e-4faf-a335-9a861e08184c','24df99e0-7200-4272-b708-d4b5df1d4495'),('a09e16d1-c558-49dc-993a-991c68b5c5f0','018',NULL,NULL,'2021-04-17 10:39:49','2021-04-17 10:39:49','d761c981-3502-49e4-a425-ef189f97e5bf','10eb73ec-860e-4faf-a335-9a861e08184c',NULL),('a299b9c3-2eaa-4801-bc1d-c2298f8331fa','013',NULL,NULL,'2021-04-11 09:47:19','2021-04-11 09:47:19','d761c981-3502-49e4-a425-ef189f97e5bf','e8289e80-0def-4f32-b129-343f70373405',NULL),('aac9b75d-1acb-4613-863e-217315be08c3','010',NULL,NULL,'2021-02-09 20:45:11','2021-02-09 20:46:08','c33cda14-38c3-4670-9643-7d71c23fb098','10eb73ec-860e-4faf-a335-9a861e08184c','3ba4c08b-8c17-4e6b-be49-ac21974b0de8'),('ac3a6152-9d36-492c-9a93-06b38901032b','019',NULL,NULL,'2021-07-02 17:44:25','2021-07-02 17:44:25','d761c981-3502-49e4-a425-ef189f97e5bf','e8289e80-0def-4f32-b129-343f70373405',NULL),('b595ec67-0259-49d5-a541-9ec849b2f147','008',NULL,NULL,'2021-02-09 20:41:32','2021-02-12 17:57:54','c33cda14-38c3-4670-9643-7d71c23fb098','10eb73ec-860e-4faf-a335-9a861e08184c','187bcb57-dcb4-4ca5-b703-fb8a31c0f96f'),('d5105198-5ce0-42b2-a95a-b159ab8323fd','017',NULL,NULL,'2021-04-17 06:43:00','2021-04-17 06:43:00','d761c981-3502-49e4-a425-ef189f97e5bf','10eb73ec-860e-4faf-a335-9a861e08184c',NULL),('d7da6927-106a-4e7a-ae4d-4c23c9f51157','007',NULL,NULL,'2021-02-06 19:13:46','2021-02-06 19:13:46','c33cda14-38c3-4670-9643-7d71c23fb098','1baa0dfb-4b2a-4f5f-8f50-f073070ab511',NULL),('e607bb3e-e06f-4913-8b01-1ac7e0f8b3bd','012',NULL,NULL,'2021-04-11 09:44:11','2021-04-11 09:44:11','d761c981-3502-49e4-a425-ef189f97e5bf','e8289e80-0def-4f32-b129-343f70373405',NULL),('f5d3a37b-c7f5-4930-b836-6f0c3e097f93','006',NULL,NULL,'2021-02-06 19:12:01','2021-02-06 19:12:58','c33cda14-38c3-4670-9643-7d71c23fb098','4b1edc61-a925-47eb-b73f-8cd75442c1f6','c07eadce-4494-40d0-8031-89a9d61bb448');
/*!40000 ALTER TABLE `enrollments` ENABLE KEYS */;
UNLOCK TABLES;

--
-- Table structure for table `evaluation_requests`
--

DROP TABLE IF EXISTS `evaluation_requests`;
/*!40101 SET @saved_cs_client     = @@character_set_client */;
/*!50503 SET character_set_client = utf8mb4 */;
CREATE TABLE `evaluation_requests` (
  `id` char(36) CHARACTER SET utf8mb3 COLLATE utf8mb3_bin NOT NULL,
  `code` varchar(255) DEFAULT NULL,
  `isActive` tinyint(1) DEFAULT NULL,
  `relationId` int DEFAULT NULL,
  `createdAt` datetime DEFAULT NULL,
  `updatedAt` datetime DEFAULT NULL,
  `requestedId` char(36) CHARACTER SET utf8mb3 COLLATE utf8mb3_bin DEFAULT NULL,
  `requesterId` char(36) CHARACTER SET utf8mb3 COLLATE utf8mb3_bin DEFAULT NULL,
  `descriptions` varchar(500) DEFAULT NULL,
  PRIMARY KEY (`id`),
  UNIQUE KEY `code` (`code`),
  KEY `requestedId` (`requestedId`),
  KEY `evaluation_requests_requester_id_requested_id` (`requesterId`,`requestedId`),
  CONSTRAINT `evaluation_requests_ibfk_1` FOREIGN KEY (`requestedId`) REFERENCES `users` (`id`) ON DELETE SET NULL ON UPDATE CASCADE,
  CONSTRAINT `evaluation_requests_ibfk_2` FOREIGN KEY (`requesterId`) REFERENCES `users` (`id`) ON DELETE SET NULL ON UPDATE CASCADE
) ENGINE=InnoDB DEFAULT CHARSET=utf8mb3;
/*!40101 SET character_set_client = @saved_cs_client */;

--
-- Dumping data for table `evaluation_requests`
--

LOCK TABLES `evaluation_requests` WRITE;
/*!40000 ALTER TABLE `evaluation_requests` DISABLE KEYS */;
INSERT INTO `evaluation_requests` VALUES ('1db932a4-c4be-47fe-b6c5-92de01283dfa',NULL,NULL,3,'2020-12-13 11:46:43','2020-12-18 12:52:17','c33cda14-38c3-4670-9643-7d71c23fb098','44eb445f-78e9-4632-ae53-32ac0d3206a9','okapikopa'),('bffaf73c-4f4f-4243-bbf8-bf25ebe4f2a2',NULL,NULL,3,'2021-07-02 17:06:48','2021-07-02 17:06:48',NULL,'c33cda14-38c3-4670-9643-7d71c23fb098',NULL),('eceb2ea8-6bd1-44a2-89c5-5f5b95fbb4b8',NULL,NULL,2,'2020-12-18 12:51:39','2020-12-18 13:55:14','e2046104-7b22-490c-9a17-b1882f91cefd','c33cda14-38c3-4670-9643-7d71c23fb098','You deserve');
/*!40000 ALTER TABLE `evaluation_requests` ENABLE KEYS */;
UNLOCK TABLES;

--
-- Table structure for table `evaluations`
--

DROP TABLE IF EXISTS `evaluations`;
/*!40101 SET @saved_cs_client     = @@character_set_client */;
/*!50503 SET character_set_client = utf8mb4 */;
CREATE TABLE `evaluations` (
  `id` char(36) CHARACTER SET utf8mb3 COLLATE utf8mb3_bin NOT NULL,
  `code` varchar(255) DEFAULT NULL,
  `name` varchar(255) DEFAULT NULL,
  `descriptions` text,
  `group` varchar(255) DEFAULT NULL,
  `isActive` tinyint(1) DEFAULT NULL,
  `createdAt` datetime DEFAULT NULL,
  `updatedAt` datetime DEFAULT NULL,
  PRIMARY KEY (`id`),
  UNIQUE KEY `code` (`code`),
  UNIQUE KEY `name` (`name`)
) ENGINE=InnoDB DEFAULT CHARSET=utf8mb3;
/*!40101 SET character_set_client = @saved_cs_client */;

--
-- Dumping data for table `evaluations`
--

LOCK TABLES `evaluations` WRITE;
/*!40000 ALTER TABLE `evaluations` DISABLE KEYS */;
INSERT INTO `evaluations` VALUES ('1c37b67f-886c-40ed-af01-8934130d61f4',NULL,'Família','Avalia a harmonia que existe entre os membros da família, a capacidade de perdoar e conviver amorosamente, apesar das diferenças pessoais. Avalia também a harmonia e o amor existente entre um casal, a quantidade e a qualidade do sexo e a capacidade de fazer o outro feliz---','Pessoal',1,'2020-11-08 09:24:17','2020-12-17 13:17:44'),('6295a5b1-421b-442b-afd4-d5cce44e822a',NULL,'Saúde','Avalia a vitalidade e disposição física , o preparo físico, energia, flexibilidade e ausência de dores, nível de obesidade e de limitações físicas','Pessoal',1,'2020-11-08 09:24:17','2020-11-08 09:24:17'),('716d5af5-1638-45d3-bf33-10d93ebafae7',NULL,'Evolução na carreira','Avalia a sua carreira profissional, em termos de crescimento e desempenho na empresa, com fornecedores e clientes.','Profissional',1,'2020-11-08 09:24:17','2020-12-17 13:16:32'),('f243900c-2c10-4670-8717-058cb3e9715f',NULL,'Desempenho','Avalia o grau de concretização dos objectivos profissionais, ou seja, capacidade de alcance dos objectivos estabelecidos pela sua chefia/ organização.','Profissional',1,NULL,NULL),('f243900c-2c11-4670-8717-058cb3e9715f',NULL,'Relacionamentos','valia a qualidade dos relacionamentos que mantém no local de trabalho com colegas, subordinados e chefias.','Profissional',1,NULL,NULL),('f243900c-2c12-4670-8717-058cb3e9715f',NULL,'Rendimentos','Avalia o quanto seus ganhos regulares são suficientes para cobrir as suas despesas.','Financeiro',1,NULL,NULL),('f243900c-2c13-4670-8717-058cb3e9715f',NULL,'Poupanças','Avalia se efectua ou não poupanças mensais e o quanto essas poupanças são ou não suficientes para face aos imprevistos e necessidades de investimentos.','Financeiro',1,NULL,NULL),('f243900c-2c14-4670-8717-058cb3e9715f',NULL,'Investimentos','Avalia se tem ou não investimentos (activos que geram receitas) e o quanto esses investimentos produzem ou não as receitas esperadas.','Financeiro',1,NULL,NULL),('f243900c-2c15-4670-8717-058cb3e9715f',NULL,'Social','Avalia a qualidade e a quantidade das amizades e iterações sociais, a prática de um hobby, ou seja, uma actividade com objectivo de descontrair e descarregar as tensões do dia a dia.','Pessoal',1,'2020-11-08 09:24:17','2020-11-08 09:24:17');
/*!40000 ALTER TABLE `evaluations` ENABLE KEYS */;
UNLOCK TABLES;

--
-- Table structure for table `feedback_comments`
--

DROP TABLE IF EXISTS `feedback_comments`;
/*!40101 SET @saved_cs_client     = @@character_set_client */;
/*!50503 SET character_set_client = utf8mb4 */;
CREATE TABLE `feedback_comments` (
  `id` char(36) CHARACTER SET utf8mb3 COLLATE utf8mb3_bin NOT NULL,
  `descriptions` text,
  `isActive` tinyint(1) DEFAULT NULL,
  `createdAt` datetime DEFAULT NULL,
  `updatedAt` datetime DEFAULT NULL,
  `feedbackId` char(36) CHARACTER SET utf8mb3 COLLATE utf8mb3_bin DEFAULT NULL,
  `userId` char(36) CHARACTER SET utf8mb3 COLLATE utf8mb3_bin DEFAULT NULL,
  `text` text,
  PRIMARY KEY (`id`),
  KEY `feedbackId` (`feedbackId`),
  KEY `userId` (`userId`),
  CONSTRAINT `feedback_comments_ibfk_1` FOREIGN KEY (`feedbackId`) REFERENCES `feedbacks` (`id`) ON DELETE SET NULL ON UPDATE CASCADE,
  CONSTRAINT `feedback_comments_ibfk_2` FOREIGN KEY (`userId`) REFERENCES `users` (`id`) ON DELETE SET NULL ON UPDATE CASCADE
) ENGINE=InnoDB DEFAULT CHARSET=utf8mb3;
/*!40101 SET character_set_client = @saved_cs_client */;

--
-- Dumping data for table `feedback_comments`
--

LOCK TABLES `feedback_comments` WRITE;
/*!40000 ALTER TABLE `feedback_comments` DISABLE KEYS */;
INSERT INTO `feedback_comments` VALUES ('125c8a36-39f9-432f-81a9-dc877bc6e8cf',NULL,NULL,'2021-03-21 20:56:23','2021-03-21 20:56:23',NULL,'c33cda14-38c3-4670-9643-7d71c23fb098','r u ok?'),('16356548-1451-4733-89a4-851ec42c52df',NULL,NULL,'2021-07-02 18:08:20','2021-07-02 18:08:20','89eb9d01-a3f6-48a3-acbd-853ebf7ebd6b','c33cda14-38c3-4670-9643-7d71c23fb098','repudiandae'),('17ed9d67-5168-4b2c-89b2-c7030bb36eb8',NULL,NULL,'2021-04-17 10:48:12','2021-04-17 10:48:12',NULL,'c33cda14-38c3-4670-9643-7d71c23fb098','Nada bom'),('2dccb35b-0d8d-4533-955d-cbd8f968a7f2',NULL,NULL,'2021-03-21 21:12:38','2021-03-21 21:12:38',NULL,'d761c981-3502-49e4-a425-ef189f97e5bf','Então camaradas,oque que achou?'),('3b01fc7f-3218-458a-b013-4f62938a1b91',NULL,NULL,'2021-03-21 21:01:48','2021-03-21 21:01:48',NULL,'d761c981-3502-49e4-a425-ef189f97e5bf','off course I\'m'),('52254aa6-e5be-4f9c-acd6-ed2054cba451',NULL,NULL,'2021-03-26 17:57:28','2021-03-26 17:57:28',NULL,'d761c981-3502-49e4-a425-ef189f97e5bf','Achas'),('54487d8d-f9c9-4c6b-91c7-4dfe99c3aaa2',NULL,NULL,'2021-03-21 08:13:56','2021-03-21 08:13:56',NULL,'d761c981-3502-49e4-a425-ef189f97e5bf','okapa'),('54c3bd64-ae87-4b93-8fec-d53a95986a40',NULL,NULL,'2021-03-21 20:53:06','2021-03-21 20:53:06',NULL,'d761c981-3502-49e4-a425-ef189f97e5bf','It\'s me'),('82397101-22d0-44e7-90e1-f6f6111fad47',NULL,NULL,'2021-03-21 20:53:53','2021-03-21 20:53:53',NULL,'c33cda14-38c3-4670-9643-7d71c23fb098','Oh, how r u?'),('ad366235-711a-4f6e-853d-7308cc40501f',NULL,NULL,'2021-03-26 14:50:42','2021-03-26 14:50:42',NULL,'d761c981-3502-49e4-a425-ef189f97e5bf','Absolutamente'),('b753bafe-ddb5-49d1-9b9c-c85ed97bc202',NULL,NULL,'2021-03-26 14:50:23','2021-03-26 14:50:23',NULL,'e2046104-7b22-490c-9a17-b1882f91cefd','Serio?'),('ceaaf4fb-e372-409d-9145-23dae7f66898',NULL,NULL,'2021-03-21 20:27:58','2021-03-21 20:27:58',NULL,'c33cda14-38c3-4670-9643-7d71c23fb098','Who is?'),('d265c7f8-583d-4427-8ede-2f34907b003d',NULL,NULL,'2021-03-21 21:12:57','2021-03-21 21:12:57',NULL,'c33cda14-38c3-4670-9643-7d71c23fb098','Achei nada bom'),('e80be8b5-f561-4a92-be51-af2348b7d670',NULL,NULL,'2021-04-17 10:47:46','2021-04-17 10:47:46',NULL,'d761c981-3502-49e4-a425-ef189f97e5bf','Oque que ahas?'),('eac62094-686b-4987-9859-0532459ac19b',NULL,NULL,'2021-03-26 17:56:56','2021-03-26 17:56:56',NULL,'c33cda14-38c3-4670-9643-7d71c23fb098','So bad'),('fb341690-cf5f-4813-ae2f-3098f10da393',NULL,NULL,'2021-03-21 08:17:43','2021-03-21 08:17:43',NULL,'d761c981-3502-49e4-a425-ef189f97e5bf','okapa');
/*!40000 ALTER TABLE `feedback_comments` ENABLE KEYS */;
UNLOCK TABLES;

--
-- Table structure for table `feedback_items`
--

DROP TABLE IF EXISTS `feedback_items`;
/*!40101 SET @saved_cs_client     = @@character_set_client */;
/*!50503 SET character_set_client = utf8mb4 */;
CREATE TABLE `feedback_items` (
  `id` char(36) CHARACTER SET utf8mb3 COLLATE utf8mb3_bin NOT NULL,
  `descriptions` text,
  `title` varchar(255) DEFAULT NULL,
  `isActive` tinyint(1) DEFAULT NULL,
  `createdAt` datetime DEFAULT NULL,
  `updatedAt` datetime DEFAULT NULL,
  PRIMARY KEY (`id`)
) ENGINE=InnoDB DEFAULT CHARSET=utf8mb3;
/*!40101 SET character_set_client = @saved_cs_client */;

--
-- Dumping data for table `feedback_items`
--

LOCK TABLES `feedback_items` WRITE;
/*!40000 ALTER TABLE `feedback_items` DISABLE KEYS */;
INSERT INTO `feedback_items` VALUES ('d761c981-3502-49e4-a425-ef189f97e0bf',NULL,'Resilência',NULL,NULL,NULL),('d761c981-3502-49e4-a425-ef189f97e1bf',NULL,'Relação Iter Pessoais',NULL,NULL,NULL),('d761c981-3502-49e4-a425-ef189f97e2bf',NULL,'Autoconhecimento',NULL,NULL,NULL),('d761c981-3502-49e4-a425-ef189f97e3bf',NULL,'Cumprimento de objectivos e tarefas',NULL,NULL,NULL),('d761c981-3502-49e4-a425-ef189f97e4bf',NULL,'Comunicação',NULL,NULL,NULL),('d761c981-3502-49e4-a425-ef189f97e5bf',NULL,'Itentidade Pessoal',NULL,NULL,NULL);
/*!40000 ALTER TABLE `feedback_items` ENABLE KEYS */;
UNLOCK TABLES;

--
-- Table structure for table `feedback_points`
--

DROP TABLE IF EXISTS `feedback_points`;
/*!40101 SET @saved_cs_client     = @@character_set_client */;
/*!50503 SET character_set_client = utf8mb4 */;
CREATE TABLE `feedback_points` (
  `id` char(36) CHARACTER SET utf8mb3 COLLATE utf8mb3_bin NOT NULL,
  `descriptions` text,
  `point` int DEFAULT NULL,
  `isActive` tinyint(1) DEFAULT NULL,
  `createdAt` datetime DEFAULT NULL,
  `updatedAt` datetime DEFAULT NULL,
  `feedbackId` char(36) CHARACTER SET utf8mb3 COLLATE utf8mb3_bin DEFAULT NULL,
  `itemId` char(36) CHARACTER SET utf8mb3 COLLATE utf8mb3_bin DEFAULT NULL,
  PRIMARY KEY (`id`),
  KEY `feedbackId` (`feedbackId`),
  KEY `itemId` (`itemId`),
  CONSTRAINT `feedback_points_ibfk_1` FOREIGN KEY (`feedbackId`) REFERENCES `feedbacks` (`id`) ON DELETE SET NULL ON UPDATE CASCADE,
  CONSTRAINT `feedback_points_ibfk_2` FOREIGN KEY (`itemId`) REFERENCES `feedback_items` (`id`) ON DELETE SET NULL ON UPDATE CASCADE
) ENGINE=InnoDB DEFAULT CHARSET=utf8mb3;
/*!40101 SET character_set_client = @saved_cs_client */;

--
-- Dumping data for table `feedback_points`
--

LOCK TABLES `feedback_points` WRITE;
/*!40000 ALTER TABLE `feedback_points` DISABLE KEYS */;
INSERT INTO `feedback_points` VALUES ('00949453-42e4-4d5b-ab4d-5904d2039bb6',NULL,1,NULL,'2021-03-26 14:51:35','2021-03-26 14:51:35',NULL,'d761c981-3502-49e4-a425-ef189f97e2bf'),('01d81cbe-fe6a-43f8-9b74-531b3e39ab8e',NULL,0,NULL,'2021-03-26 14:49:43','2021-03-26 14:49:43',NULL,'d761c981-3502-49e4-a425-ef189f97e5bf'),('050ce208-c81c-4fd2-908e-46ac57178029',NULL,0,NULL,'2021-03-26 17:38:57','2021-03-26 17:38:57',NULL,'d761c981-3502-49e4-a425-ef189f97e3bf'),('0576fe96-b88c-419a-b392-1e2e2492903a',NULL,1,NULL,'2021-04-17 06:43:42','2021-04-17 06:43:42',NULL,'d761c981-3502-49e4-a425-ef189f97e3bf'),('07e7ab2b-e9da-4c44-800a-0c026e641315',NULL,1,NULL,'2021-04-17 10:45:19','2021-04-17 10:45:19',NULL,'d761c981-3502-49e4-a425-ef189f97e1bf'),('08d95150-7464-4193-a94b-58d35a6ab4d6',NULL,3,NULL,'2021-04-17 06:47:56','2021-04-17 06:47:56',NULL,'d761c981-3502-49e4-a425-ef189f97e1bf'),('0b6b5ad4-474c-497c-b371-599c45945a53',NULL,5,NULL,'2021-03-20 22:31:05','2021-03-20 22:31:05',NULL,'d761c981-3502-49e4-a425-ef189f97e4bf'),('0d93dab3-0cdf-4ed5-813a-28e2c04cec94',NULL,0,NULL,'2021-03-20 22:34:45','2021-03-20 22:34:45',NULL,'d761c981-3502-49e4-a425-ef189f97e1bf'),('0d94ab2e-13d0-49a6-b8ce-5d0c30ae1f30',NULL,5,NULL,'2021-04-17 06:52:12','2021-04-17 06:52:12',NULL,'d761c981-3502-49e4-a425-ef189f97e5bf'),('0f516b6a-2aea-4008-b4aa-7b3a64821c0e',NULL,1,NULL,'2021-04-17 10:44:54','2021-04-17 10:44:54',NULL,'d761c981-3502-49e4-a425-ef189f97e3bf'),('111f556b-23fd-43b0-85ea-df869838aa54',NULL,5,NULL,'2021-03-20 21:47:10','2021-03-20 21:47:10',NULL,'d761c981-3502-49e4-a425-ef189f97e2bf'),('1135b322-7bbc-4b4c-a0e0-e5c0386eb4a9',NULL,1,NULL,'2021-03-26 17:38:57','2021-03-26 17:38:57',NULL,'d761c981-3502-49e4-a425-ef189f97e0bf'),('123dd027-0f81-4277-ba61-9fb4a0c2fa48',NULL,3,NULL,'2021-04-17 10:46:12','2021-04-17 10:46:12',NULL,'d761c981-3502-49e4-a425-ef189f97e3bf'),('127b62ca-b14f-40e6-aea1-8a938a6b5ae7',NULL,1,NULL,'2021-03-26 17:38:06','2021-03-26 17:38:06',NULL,'d761c981-3502-49e4-a425-ef189f97e3bf'),('134f4ce6-0b43-492f-bac6-6bf9c77e1cd3',NULL,1,NULL,'2021-04-17 10:45:19','2021-04-17 10:45:19',NULL,'d761c981-3502-49e4-a425-ef189f97e5bf'),('15b9b415-feb3-49dc-bab3-90cb2cb9effb',NULL,0,NULL,'2021-04-17 10:46:57','2021-04-17 10:46:57',NULL,'d761c981-3502-49e4-a425-ef189f97e5bf'),('1672362f-8676-42a5-96c7-03f4f7bcb6c1',NULL,3,NULL,'2021-03-20 22:31:05','2021-03-20 22:31:05',NULL,'d761c981-3502-49e4-a425-ef189f97e2bf'),('1785e7a2-46ff-460f-8b21-02522716e434',NULL,3,NULL,'2021-03-20 21:51:38','2021-03-20 21:51:38',NULL,'d761c981-3502-49e4-a425-ef189f97e0bf'),('185e9493-bd4b-4d38-b990-4f6806fa4d1e',NULL,0,NULL,'2021-03-20 22:31:05','2021-03-20 22:31:05',NULL,'d761c981-3502-49e4-a425-ef189f97e1bf'),('190853e7-1f1f-461e-b159-d586cb903a69',NULL,2,NULL,'2021-03-20 21:47:12','2021-03-20 21:47:12',NULL,'d761c981-3502-49e4-a425-ef189f97e5bf'),('1e0ad64b-0a6c-4eef-8494-336c6097d09f',NULL,2,NULL,'2021-03-26 17:42:33','2021-03-26 17:42:33',NULL,'d761c981-3502-49e4-a425-ef189f97e5bf'),('1e675112-5278-440e-8e41-08495f0a197c',NULL,5,NULL,'2021-04-17 10:46:12','2021-04-17 10:46:12',NULL,'d761c981-3502-49e4-a425-ef189f97e0bf'),('1f458853-f94b-4cf4-984b-38df2db1f1f5',NULL,0,NULL,'2021-07-02 17:45:34','2021-07-02 17:45:34','89eb9d01-a3f6-48a3-acbd-853ebf7ebd6b','d761c981-3502-49e4-a425-ef189f97e1bf'),('27ddf29a-6413-4c74-8976-7217280d0496',NULL,2,NULL,'2021-03-20 21:47:09','2021-03-20 21:47:09',NULL,'d761c981-3502-49e4-a425-ef189f97e1bf'),('285b0d31-c4ba-4f6a-a49e-4544efe2c651',NULL,0,NULL,'2021-07-02 17:45:34','2021-07-02 17:45:34','89eb9d01-a3f6-48a3-acbd-853ebf7ebd6b','d761c981-3502-49e4-a425-ef189f97e3bf'),('2b465878-3f05-40e3-ace5-2758e57c0e0a',NULL,3,NULL,'2021-04-17 10:46:57','2021-04-17 10:46:57',NULL,'d761c981-3502-49e4-a425-ef189f97e2bf'),('2b763b00-0409-42c5-87a2-bf943e0786d0',NULL,4,NULL,'2021-03-26 14:49:43','2021-03-26 14:49:43',NULL,'d761c981-3502-49e4-a425-ef189f97e3bf'),('2fce06ea-2773-45fa-ae7a-fdc15d9925ea',NULL,2,NULL,'2021-03-20 22:34:45','2021-03-20 22:34:45',NULL,'d761c981-3502-49e4-a425-ef189f97e5bf'),('30dc1b47-a553-4d12-8720-34984053a514',NULL,1,NULL,'2021-03-26 17:38:57','2021-03-26 17:38:57',NULL,'d761c981-3502-49e4-a425-ef189f97e2bf'),('31546325-2a65-46fd-9f24-8faaa5507467',NULL,0,NULL,'2021-03-20 22:31:54','2021-03-20 22:31:54',NULL,'d761c981-3502-49e4-a425-ef189f97e4bf'),('3193d2b1-c07e-40e7-9dc3-19d207d39a60',NULL,3,NULL,'2021-03-26 17:43:04','2021-03-26 17:43:04',NULL,'d761c981-3502-49e4-a425-ef189f97e4bf'),('33169959-60dc-45bd-a051-a6fd71740b44',NULL,3,NULL,'2021-03-26 17:43:04','2021-03-26 17:43:04',NULL,'d761c981-3502-49e4-a425-ef189f97e2bf'),('35af1528-d5c5-4955-aae9-9c2576cacb1c',NULL,0,NULL,'2021-04-17 10:45:36','2021-04-17 10:45:36',NULL,'d761c981-3502-49e4-a425-ef189f97e5bf'),('36af68e0-1ef9-44e1-ac31-7397a06e4df3',NULL,3,NULL,'2021-07-02 17:45:17','2021-07-02 17:45:17','fc3e9a6e-afde-43c1-99a1-823a995cb919','d761c981-3502-49e4-a425-ef189f97e5bf'),('39b9b75e-7ca4-4581-9f40-cd7a82bf995e',NULL,5,NULL,'2021-03-26 17:42:33','2021-03-26 17:42:33',NULL,'d761c981-3502-49e4-a425-ef189f97e2bf'),('39f30974-b7a2-436b-8da5-55edbb1156aa',NULL,1,NULL,'2021-04-17 06:43:42','2021-04-17 06:43:42',NULL,'d761c981-3502-49e4-a425-ef189f97e1bf'),('3ebe9735-30f1-4d83-a5a4-65ab7f004712',NULL,5,NULL,'2021-07-02 17:45:26','2021-07-02 17:45:26','2c485921-941f-4c72-9479-1995e92c9763','d761c981-3502-49e4-a425-ef189f97e1bf'),('3f108e9a-c73f-44fe-b8ab-3e8a47cf7287',NULL,5,NULL,'2021-07-02 17:45:34','2021-07-02 17:45:34','89eb9d01-a3f6-48a3-acbd-853ebf7ebd6b','d761c981-3502-49e4-a425-ef189f97e0bf'),('4297867a-0cbd-4f57-9ab7-b99c7c09120d',NULL,2,NULL,'2021-04-17 06:43:42','2021-04-17 06:43:42',NULL,'d761c981-3502-49e4-a425-ef189f97e0bf'),('435555c9-9cd3-4a7f-bfaf-a8961df71a8d',NULL,0,NULL,'2021-04-17 10:44:54','2021-04-17 10:44:54',NULL,'d761c981-3502-49e4-a425-ef189f97e2bf'),('436fdb91-3c57-44cc-bc35-678766b92fdd',NULL,4,NULL,'2021-03-26 17:38:06','2021-03-26 17:38:06',NULL,'d761c981-3502-49e4-a425-ef189f97e1bf'),('4547ed00-f342-4b6c-926d-4e2fd238faa1',NULL,4,NULL,'2021-03-20 21:51:38','2021-03-20 21:51:38',NULL,'d761c981-3502-49e4-a425-ef189f97e2bf'),('4aa53a6a-f86e-4406-a56b-dacf6a79ff78',NULL,2,NULL,'2021-04-17 06:47:54','2021-04-17 06:47:54',NULL,'d761c981-3502-49e4-a425-ef189f97e0bf'),('4b004b45-3494-483e-8acf-98de518c6559',NULL,0,NULL,'2021-03-26 17:38:06','2021-03-26 17:38:06',NULL,'d761c981-3502-49e4-a425-ef189f97e4bf'),('4f14ec52-20fb-468d-b017-efd9cb0e2922',NULL,1,NULL,'2021-04-17 10:44:54','2021-04-17 10:44:54',NULL,'d761c981-3502-49e4-a425-ef189f97e1bf'),('4fc2f659-40d9-48a0-9097-6f9b225a921e',NULL,5,NULL,'2021-04-17 06:57:53','2021-04-17 06:57:53',NULL,'d761c981-3502-49e4-a425-ef189f97e3bf'),('4fdba555-2e6f-43f6-ac4f-8b055c616b67',NULL,5,NULL,'2021-04-17 06:57:55','2021-04-17 06:57:55',NULL,'d761c981-3502-49e4-a425-ef189f97e5bf'),('513cf22b-375d-4847-bced-8b20710488bc',NULL,4,NULL,'2021-03-20 21:47:11','2021-03-20 21:47:11',NULL,'d761c981-3502-49e4-a425-ef189f97e4bf'),('51532f41-9930-41da-8d21-0151185a0eba',NULL,3,NULL,'2021-04-17 10:46:57','2021-04-17 10:46:57',NULL,'d761c981-3502-49e4-a425-ef189f97e1bf'),('55950612-f61f-4fef-a44c-6230a047dfd1',NULL,4,NULL,'2021-03-26 17:42:33','2021-03-26 17:42:33',NULL,'d761c981-3502-49e4-a425-ef189f97e3bf'),('5670f67c-04df-4a18-b502-c98f5a442b26',NULL,1,NULL,'2021-03-26 17:38:06','2021-03-26 17:38:06',NULL,'d761c981-3502-49e4-a425-ef189f97e2bf'),('57b10f34-1ca4-46ad-8f5d-a9b7c559549e',NULL,1,NULL,'2021-04-17 10:45:19','2021-04-17 10:45:19',NULL,'d761c981-3502-49e4-a425-ef189f97e4bf'),('58a925da-2ec3-4eb8-8e0f-ce902dc8a3ff',NULL,4,NULL,'2021-04-17 10:46:12','2021-04-17 10:46:12',NULL,'d761c981-3502-49e4-a425-ef189f97e4bf'),('5b7db216-7c9d-4978-adb8-8cec90d76fca',NULL,4,NULL,'2021-04-17 08:38:38','2021-04-17 08:38:38',NULL,'d761c981-3502-49e4-a425-ef189f97e0bf'),('5cf36d07-98b8-4d90-bb4e-b7726fa7c182',NULL,5,NULL,'2021-04-17 06:57:52','2021-04-17 06:57:52',NULL,'d761c981-3502-49e4-a425-ef189f97e2bf'),('5ecc9600-aea3-4bd5-a610-ed3b0710fa6d',NULL,5,NULL,'2021-07-02 17:45:17','2021-07-02 17:45:17','fc3e9a6e-afde-43c1-99a1-823a995cb919','d761c981-3502-49e4-a425-ef189f97e0bf'),('60556156-c6a8-4341-a38c-313345b9c4b5',NULL,4,NULL,'2021-03-26 17:43:34','2021-03-26 17:43:34',NULL,'d761c981-3502-49e4-a425-ef189f97e3bf'),('612d6992-4170-4c46-ab8b-196d12ef7761',NULL,4,NULL,'2021-03-26 14:49:43','2021-03-26 14:49:43',NULL,'d761c981-3502-49e4-a425-ef189f97e4bf'),('632c5ef9-f996-4bbe-8423-874d63c639bb',NULL,4,NULL,'2021-04-17 10:45:36','2021-04-17 10:45:36',NULL,'d761c981-3502-49e4-a425-ef189f97e0bf'),('64a999cd-8d00-4f84-a776-40f2d4d7bae7',NULL,5,NULL,'2021-03-26 17:43:34','2021-03-26 17:43:34',NULL,'d761c981-3502-49e4-a425-ef189f97e1bf'),('66e46355-9734-4a4c-89a8-792cb2c7e492',NULL,0,NULL,'2021-03-20 22:31:05','2021-03-20 22:31:05',NULL,'d761c981-3502-49e4-a425-ef189f97e3bf'),('67f962de-fc62-47d5-a18b-faca5ca9eac6',NULL,5,NULL,'2021-03-26 17:43:34','2021-03-26 17:43:34',NULL,'d761c981-3502-49e4-a425-ef189f97e2bf'),('69d4f0e6-fdcd-47da-9eea-602bcfcc3a73',NULL,3,NULL,'2021-03-26 14:49:43','2021-03-26 14:49:43',NULL,'d761c981-3502-49e4-a425-ef189f97e0bf'),('6dcae8cc-2a0c-488e-ae27-b67e18f68433',NULL,5,NULL,'2021-03-20 22:31:05','2021-03-20 22:31:05',NULL,'d761c981-3502-49e4-a425-ef189f97e0bf'),('6f25a833-2c56-4656-820f-33f80d3f2663',NULL,4,NULL,'2021-04-17 08:38:38','2021-04-17 08:38:38',NULL,'d761c981-3502-49e4-a425-ef189f97e4bf'),('6f513e69-c768-4039-915c-81400353e3ea',NULL,0,NULL,'2021-04-17 10:46:57','2021-04-17 10:46:57',NULL,'d761c981-3502-49e4-a425-ef189f97e4bf'),('71308829-cb2b-4544-b08d-b1881c830a91',NULL,2,NULL,'2021-03-26 17:43:04','2021-03-26 17:43:04',NULL,'d761c981-3502-49e4-a425-ef189f97e5bf'),('7436bc78-15f0-4769-8b34-7a935997a06c',NULL,4,NULL,'2021-07-02 17:45:17','2021-07-02 17:45:17','fc3e9a6e-afde-43c1-99a1-823a995cb919','d761c981-3502-49e4-a425-ef189f97e4bf'),('77851c00-0a6d-4c01-be17-6ce81aee8779',NULL,2,NULL,'2021-03-26 17:43:04','2021-03-26 17:43:04',NULL,'d761c981-3502-49e4-a425-ef189f97e0bf'),('7b9b9b68-c184-4708-be23-5b35e1e5c685',NULL,2,NULL,'2021-03-20 22:34:45','2021-03-20 22:34:45',NULL,'d761c981-3502-49e4-a425-ef189f97e4bf'),('7c62a79e-78f8-4a77-84b4-f5b0cf50bd13',NULL,4,NULL,'2021-04-17 08:38:38','2021-04-17 08:38:38',NULL,'d761c981-3502-49e4-a425-ef189f97e2bf'),('7fb6b104-6bae-4873-a684-0e7d0a694750',NULL,5,NULL,'2021-03-26 17:43:34','2021-03-26 17:43:34',NULL,'d761c981-3502-49e4-a425-ef189f97e0bf'),('8016d080-6b4b-4fec-8989-63ebae516066',NULL,1,NULL,'2021-03-26 14:51:35','2021-03-26 14:51:35',NULL,'d761c981-3502-49e4-a425-ef189f97e4bf'),('8131ed71-d935-442e-a72b-fa58bd0f6c2e',NULL,5,NULL,'2021-03-26 17:43:34','2021-03-26 17:43:34',NULL,'d761c981-3502-49e4-a425-ef189f97e4bf'),('8146d942-6cf6-4228-a439-6cb2c3e38d3a',NULL,0,NULL,'2021-07-02 17:45:26','2021-07-02 17:45:26','2c485921-941f-4c72-9479-1995e92c9763','d761c981-3502-49e4-a425-ef189f97e0bf'),('8271d1f9-a1fa-4c34-84dd-826cd047f28e',NULL,0,NULL,'2021-04-17 06:48:18','2021-04-17 06:48:18',NULL,'d761c981-3502-49e4-a425-ef189f97e4bf'),('82a78716-7f9b-4521-98bd-cb20434f9577',NULL,4,NULL,'2021-03-26 17:42:33','2021-03-26 17:42:33',NULL,'d761c981-3502-49e4-a425-ef189f97e1bf'),('837fda3b-60c2-4209-a63a-2cefc183cd5d',NULL,2,NULL,'2021-04-17 06:48:19','2021-04-17 06:48:19',NULL,'d761c981-3502-49e4-a425-ef189f97e5bf'),('86c000d0-5a8e-45dc-ae59-595b6715a6e9',NULL,5,NULL,'2021-03-20 22:34:45','2021-03-20 22:34:45',NULL,'d761c981-3502-49e4-a425-ef189f97e0bf'),('8ad67574-7cc2-4e2a-ada6-32d44f89218d',NULL,4,NULL,'2021-04-17 10:46:12','2021-04-17 10:46:12',NULL,'d761c981-3502-49e4-a425-ef189f97e2bf'),('8adbda4f-0037-4c44-b9f3-e7c1fceb5074',NULL,3,NULL,'2021-07-02 17:45:34','2021-07-02 17:45:34','89eb9d01-a3f6-48a3-acbd-853ebf7ebd6b','d761c981-3502-49e4-a425-ef189f97e5bf'),('8b96bd1e-6a55-4a22-9d2a-3b9f0b033397',NULL,5,NULL,'2021-03-20 22:34:45','2021-03-20 22:34:45',NULL,'d761c981-3502-49e4-a425-ef189f97e3bf'),('8bfcf5dc-25e8-4d5e-a5a5-3f329c47ba5b',NULL,4,NULL,'2021-04-17 08:38:38','2021-04-17 08:38:38',NULL,'d761c981-3502-49e4-a425-ef189f97e1bf'),('8f97eb7c-e6ab-44c4-8f3d-1cd3db5864af',NULL,4,NULL,'2021-03-20 21:47:09','2021-03-20 21:47:09',NULL,'d761c981-3502-49e4-a425-ef189f97e0bf'),('91fd70ef-218e-4554-8b82-dedf74856c0a',NULL,4,NULL,'2021-04-17 10:45:36','2021-04-17 10:45:36',NULL,'d761c981-3502-49e4-a425-ef189f97e2bf'),('93e565b7-c8fd-4337-b891-93495e9030b3',NULL,5,NULL,'2021-03-26 14:49:43','2021-03-26 14:49:43',NULL,'d761c981-3502-49e4-a425-ef189f97e2bf'),('941d2b5a-1b45-4559-a633-4893ed6a85b9',NULL,0,NULL,'2021-03-26 17:38:06','2021-03-26 17:38:06',NULL,'d761c981-3502-49e4-a425-ef189f97e5bf'),('944c05bb-7b50-446e-a85a-a779cacac046',NULL,0,NULL,'2021-04-17 06:57:54','2021-04-17 06:57:54',NULL,'d761c981-3502-49e4-a425-ef189f97e4bf'),('9508a9b9-93ad-4f77-a747-4d693cf61b6f',NULL,4,NULL,'2021-04-17 08:38:38','2021-04-17 08:38:38',NULL,'d761c981-3502-49e4-a425-ef189f97e3bf'),('97b13afe-28ab-4b39-a1c6-830e93d6ec3e',NULL,5,NULL,'2021-03-26 14:49:43','2021-03-26 14:49:43',NULL,'d761c981-3502-49e4-a425-ef189f97e1bf'),('98b2bc65-1845-48ee-8ca4-cf6f0de01b52',NULL,3,NULL,'2021-04-17 10:46:57','2021-04-17 10:46:57',NULL,'d761c981-3502-49e4-a425-ef189f97e0bf'),('99ff1570-b4d2-41d7-870a-608e641659d4',NULL,5,NULL,'2021-03-26 17:38:57','2021-03-26 17:38:57',NULL,'d761c981-3502-49e4-a425-ef189f97e5bf'),('9a1092bc-0ce4-4156-aff4-e6bd59056707',NULL,0,NULL,'2021-04-17 06:48:15','2021-04-17 06:48:15',NULL,'d761c981-3502-49e4-a425-ef189f97e3bf'),('9a613c31-c51c-4b3b-8e98-fe5863fa0e2e',NULL,5,NULL,'2021-03-20 21:51:38','2021-03-20 21:51:38',NULL,'d761c981-3502-49e4-a425-ef189f97e5bf'),('9a958685-1352-4994-a723-1387e6a03d48',NULL,5,NULL,'2021-04-17 06:52:12','2021-04-17 06:52:12',NULL,'d761c981-3502-49e4-a425-ef189f97e0bf'),('9f5953c6-a81d-4cd5-a76e-6c11114d00e6',NULL,0,NULL,'2021-03-20 22:31:54','2021-03-20 22:31:54',NULL,'d761c981-3502-49e4-a425-ef189f97e2bf'),('a0059124-bea6-4451-ba60-57d54bb8259c',NULL,0,NULL,'2021-03-20 22:31:54','2021-03-20 22:31:54',NULL,'d761c981-3502-49e4-a425-ef189f97e0bf'),('a478336c-f45d-443a-9d3b-850405970ad0',NULL,5,NULL,'2021-03-26 14:51:35','2021-03-26 14:51:35',NULL,'d761c981-3502-49e4-a425-ef189f97e5bf'),('a90450e5-be9b-40ff-a585-ac58d90ff33d',NULL,0,NULL,'2021-07-02 17:45:26','2021-07-02 17:45:26','2c485921-941f-4c72-9479-1995e92c9763','d761c981-3502-49e4-a425-ef189f97e2bf'),('aa00dc06-4078-43ba-a6cb-85b2bbbf6995',NULL,4,NULL,'2021-03-26 17:38:57','2021-03-26 17:38:57',NULL,'d761c981-3502-49e4-a425-ef189f97e4bf'),('aaf06dd3-9d8c-4e92-9b98-a970059e5cd3',NULL,3,NULL,'2021-04-17 06:52:12','2021-04-17 06:52:12',NULL,'d761c981-3502-49e4-a425-ef189f97e3bf'),('ab18d7c8-0fcd-4d02-8c37-57b137bd7d5e',NULL,5,NULL,'2021-03-26 17:42:33','2021-03-26 17:42:33',NULL,'d761c981-3502-49e4-a425-ef189f97e0bf'),('ab6b659c-f167-499d-9d46-fbb617a0d34a',NULL,2,NULL,'2021-04-17 06:43:42','2021-04-17 06:43:42',NULL,'d761c981-3502-49e4-a425-ef189f97e5bf'),('abcc2a4e-140f-40d6-a52d-14eb81a9a068',NULL,0,NULL,'2021-03-20 22:31:54','2021-03-20 22:31:54',NULL,'d761c981-3502-49e4-a425-ef189f97e5bf'),('ae73f95b-c36d-4235-a226-8324c3d4a5da',NULL,0,NULL,'2021-04-17 10:44:54','2021-04-17 10:44:54',NULL,'d761c981-3502-49e4-a425-ef189f97e4bf'),('b1893914-1483-422c-bc6d-023d4814b738',NULL,5,NULL,'2021-03-26 17:38:06','2021-03-26 17:38:06',NULL,'d761c981-3502-49e4-a425-ef189f97e0bf'),('b232d3f8-06b1-4743-9cc4-dd1f3432b2b5',NULL,2,NULL,'2021-04-17 10:45:36','2021-04-17 10:45:36',NULL,'d761c981-3502-49e4-a425-ef189f97e4bf'),('b3bc6ff7-1277-4175-88b4-b3ebafce6412',NULL,5,NULL,'2021-03-20 21:51:38','2021-03-20 21:51:38',NULL,'d761c981-3502-49e4-a425-ef189f97e3bf'),('b4215f70-94da-4ec6-a3b3-5f79683f5fc6',NULL,0,NULL,'2021-04-17 10:44:54','2021-04-17 10:44:54',NULL,'d761c981-3502-49e4-a425-ef189f97e5bf'),('b7847d7a-cfea-485c-bfa4-bd9489790376',NULL,4,NULL,'2021-03-20 21:51:38','2021-03-20 21:51:38',NULL,'d761c981-3502-49e4-a425-ef189f97e4bf'),('b836488c-1dd7-4605-8a7c-99d6f5f5b096',NULL,0,NULL,'2021-03-20 22:34:45','2021-03-20 22:34:45',NULL,'d761c981-3502-49e4-a425-ef189f97e2bf'),('bf273182-ad9e-44c0-a2da-a20ea4dc4ae9',NULL,2,NULL,'2021-04-17 06:43:42','2021-04-17 06:43:42',NULL,'d761c981-3502-49e4-a425-ef189f97e2bf'),('bf7ccc37-bfa0-4d15-821b-c3cbdd0f624f',NULL,0,NULL,'2021-03-26 14:51:35','2021-03-26 14:51:35',NULL,'d761c981-3502-49e4-a425-ef189f97e3bf'),('c17e6a98-04cc-405d-9d1e-68d0da277730',NULL,3,NULL,'2021-03-26 17:43:34','2021-03-26 17:43:34',NULL,'d761c981-3502-49e4-a425-ef189f97e5bf'),('c27e5adf-8797-440f-a954-102b39b24910',NULL,1,NULL,'2021-04-17 10:45:19','2021-04-17 10:45:19',NULL,'d761c981-3502-49e4-a425-ef189f97e0bf'),('c3805be5-f74e-4221-9004-ecb98d839f8a',NULL,0,NULL,'2021-07-02 17:45:34','2021-07-02 17:45:34','89eb9d01-a3f6-48a3-acbd-853ebf7ebd6b','d761c981-3502-49e4-a425-ef189f97e4bf'),('c3c256f6-9579-4101-bd3c-802d2108d2fc',NULL,4,NULL,'2021-07-02 17:45:34','2021-07-02 17:45:34','89eb9d01-a3f6-48a3-acbd-853ebf7ebd6b','d761c981-3502-49e4-a425-ef189f97e2bf'),('c4d39d09-b454-44bf-8f6e-2e98a5833b1b',NULL,4,NULL,'2021-04-17 10:46:12','2021-04-17 10:46:12',NULL,'d761c981-3502-49e4-a425-ef189f97e5bf'),('c4f79810-0e1a-48e9-b422-dca0497e1803',NULL,1,NULL,'2021-04-17 10:45:19','2021-04-17 10:45:19',NULL,'d761c981-3502-49e4-a425-ef189f97e3bf'),('cac63e2d-fd69-4433-b13f-414bb28c8d36',NULL,1,NULL,'2021-04-17 10:44:54','2021-04-17 10:44:54',NULL,'d761c981-3502-49e4-a425-ef189f97e0bf'),('d0e7630d-ab42-45a6-8154-e9200a395a44',NULL,0,NULL,'2021-04-17 10:45:36','2021-04-17 10:45:36',NULL,'d761c981-3502-49e4-a425-ef189f97e3bf'),('d3d3d58e-9b19-4d41-a7a8-93b56e8ac63b',NULL,2,NULL,'2021-04-17 06:48:13','2021-04-17 06:48:13',NULL,'d761c981-3502-49e4-a425-ef189f97e2bf'),('d3dba47a-df6d-42cd-a615-e454b897f50c',NULL,3,NULL,'2021-03-20 21:47:11','2021-03-20 21:47:11',NULL,'d761c981-3502-49e4-a425-ef189f97e3bf'),('d52326d1-31f4-4f96-a02e-1bb3113d0277',NULL,5,NULL,'2021-03-26 17:43:04','2021-03-26 17:43:04',NULL,'d761c981-3502-49e4-a425-ef189f97e3bf'),('d64f48a4-9297-4b95-9f76-e65aa06315ea',NULL,0,NULL,'2021-04-17 06:43:42','2021-04-17 06:43:42',NULL,'d761c981-3502-49e4-a425-ef189f97e4bf'),('d830322e-efbb-4c33-8a3f-36c80dc2c196',NULL,1,NULL,'2021-04-17 10:45:19','2021-04-17 10:45:19',NULL,'d761c981-3502-49e4-a425-ef189f97e2bf'),('d90e3b05-52d1-4fbe-83d6-f86ffd9ea49a',NULL,3,NULL,'2021-07-02 17:45:26','2021-07-02 17:45:26','2c485921-941f-4c72-9479-1995e92c9763','d761c981-3502-49e4-a425-ef189f97e3bf'),('d9b9d894-3f86-4450-84df-a18ff607712e',NULL,3,NULL,'2021-04-17 10:46:57','2021-04-17 10:46:57',NULL,'d761c981-3502-49e4-a425-ef189f97e3bf'),('dc73dfa0-0135-4534-b4ab-efca8c5be5c6',NULL,5,NULL,'2021-04-17 10:46:12','2021-04-17 10:46:12',NULL,'d761c981-3502-49e4-a425-ef189f97e1bf'),('ddcda721-914c-4bc1-a103-b354d5e417e0',NULL,5,NULL,'2021-04-17 06:57:52','2021-04-17 06:57:52',NULL,'d761c981-3502-49e4-a425-ef189f97e1bf'),('defa8087-0244-4e99-a712-2ec40fb9f7e1',NULL,0,NULL,'2021-03-20 22:31:05','2021-03-20 22:31:05',NULL,'d761c981-3502-49e4-a425-ef189f97e5bf'),('df08f4dd-741d-4dcc-8140-f0b89bbd5b64',NULL,0,NULL,'2021-03-20 22:31:54','2021-03-20 22:31:54',NULL,'d761c981-3502-49e4-a425-ef189f97e3bf'),('dfffcff7-b7a3-4180-9774-b68466f39c60',NULL,4,NULL,'2021-07-02 17:45:17','2021-07-02 17:45:17','fc3e9a6e-afde-43c1-99a1-823a995cb919','d761c981-3502-49e4-a425-ef189f97e3bf'),('e0aeb126-b11f-4d66-80cc-e588e62c0997',NULL,4,NULL,'2021-04-17 08:38:38','2021-04-17 08:38:38',NULL,'d761c981-3502-49e4-a425-ef189f97e5bf'),('e2af78eb-9e01-40bc-b162-96db462e46cd',NULL,5,NULL,'2021-03-20 21:51:38','2021-03-20 21:51:38',NULL,'d761c981-3502-49e4-a425-ef189f97e1bf'),('e6e04465-b542-4fdf-90cf-86697b1590d0',NULL,3,NULL,'2021-07-02 17:45:26','2021-07-02 17:45:26','2c485921-941f-4c72-9479-1995e92c9763','d761c981-3502-49e4-a425-ef189f97e4bf'),('e7f725ac-0587-4ead-8410-0e42caf054ab',NULL,1,NULL,'2021-03-26 14:51:35','2021-03-26 14:51:35',NULL,'d761c981-3502-49e4-a425-ef189f97e1bf'),('e80ad52e-afa1-4579-a89e-34728ad69482',NULL,3,NULL,'2021-07-02 17:45:17','2021-07-02 17:45:17','fc3e9a6e-afde-43c1-99a1-823a995cb919','d761c981-3502-49e4-a425-ef189f97e2bf'),('ea200c29-73bb-4c0c-8d48-6065d2367ecf',NULL,4,NULL,'2021-04-17 10:45:36','2021-04-17 10:45:36',NULL,'d761c981-3502-49e4-a425-ef189f97e1bf'),('eb3eebf6-1374-473f-8ee3-98782edad5b1',NULL,4,NULL,'2021-04-17 06:52:12','2021-04-17 06:52:12',NULL,'d761c981-3502-49e4-a425-ef189f97e2bf'),('eb8cd545-c6c3-4369-b11a-72ad014be791',NULL,1,NULL,'2021-03-26 17:38:57','2021-03-26 17:38:57',NULL,'d761c981-3502-49e4-a425-ef189f97e1bf'),('ed9dae3a-888a-472e-9412-8a4cb5e2804c',NULL,5,NULL,'2021-03-26 17:42:33','2021-03-26 17:42:33',NULL,'d761c981-3502-49e4-a425-ef189f97e4bf'),('efa85a2b-05ec-4e60-85af-1b19bc4294f4',NULL,0,NULL,'2021-07-02 17:45:26','2021-07-02 17:45:26','2c485921-941f-4c72-9479-1995e92c9763','d761c981-3502-49e4-a425-ef189f97e5bf'),('f26996eb-92cb-40ad-b80d-82cf2fab06d5',NULL,5,NULL,'2021-04-17 06:57:51','2021-04-17 06:57:51',NULL,'d761c981-3502-49e4-a425-ef189f97e0bf'),('f379f80b-02c7-46a9-9e99-a9dbd8f884a6',NULL,3,NULL,'2021-03-26 17:43:04','2021-03-26 17:43:04',NULL,'d761c981-3502-49e4-a425-ef189f97e1bf'),('f74b2732-0883-4ddc-8287-617b3e4698dd',NULL,5,NULL,'2021-04-17 06:52:12','2021-04-17 06:52:12',NULL,'d761c981-3502-49e4-a425-ef189f97e4bf'),('fb2c26b0-4edd-4ea0-b267-b38506c70b85',NULL,0,NULL,'2021-03-26 14:51:35','2021-03-26 14:51:35',NULL,'d761c981-3502-49e4-a425-ef189f97e0bf'),('fd3f5b1b-7a3c-488f-9a26-9615c4813ba9',NULL,0,NULL,'2021-03-20 22:31:54','2021-03-20 22:31:54',NULL,'d761c981-3502-49e4-a425-ef189f97e1bf'),('fe3cb272-7ba0-48ca-8511-f83128ed3992',NULL,5,NULL,'2021-04-17 06:52:12','2021-04-17 06:52:12',NULL,'d761c981-3502-49e4-a425-ef189f97e1bf'),('ff936a12-e138-4b49-88f0-eef20b381986',NULL,4,NULL,'2021-07-02 17:45:17','2021-07-02 17:45:17','fc3e9a6e-afde-43c1-99a1-823a995cb919','d761c981-3502-49e4-a425-ef189f97e1bf');
/*!40000 ALTER TABLE `feedback_points` ENABLE KEYS */;
UNLOCK TABLES;

--
-- Table structure for table `feedbacks`
--

DROP TABLE IF EXISTS `feedbacks`;
/*!40101 SET @saved_cs_client     = @@character_set_client */;
/*!50503 SET character_set_client = utf8mb4 */;
CREATE TABLE `feedbacks` (
  `id` char(36) CHARACTER SET utf8mb3 COLLATE utf8mb3_bin NOT NULL,
  `descriptions` text,
  `orderNo` int DEFAULT NULL,
  `isActive` tinyint(1) DEFAULT NULL,
  `createdAt` datetime DEFAULT NULL,
  `updatedAt` datetime DEFAULT NULL,
  `subscriptionId` char(36) CHARACTER SET utf8mb3 COLLATE utf8mb3_bin DEFAULT NULL,
  `userId` char(36) DEFAULT NULL,
  PRIMARY KEY (`id`),
  KEY `subscriptionId` (`subscriptionId`),
  CONSTRAINT `feedbacks_ibfk_1` FOREIGN KEY (`subscriptionId`) REFERENCES `coaching_subscriptions` (`id`) ON DELETE SET NULL ON UPDATE CASCADE
) ENGINE=InnoDB DEFAULT CHARSET=utf8mb3;
/*!40101 SET character_set_client = @saved_cs_client */;

--
-- Dumping data for table `feedbacks`
--

LOCK TABLES `feedbacks` WRITE;
/*!40000 ALTER TABLE `feedbacks` DISABLE KEYS */;
INSERT INTO `feedbacks` VALUES ('2c485921-941f-4c72-9479-1995e92c9763','Lorem ipsum, dolor sit amet consectetur adipisicing elit. Quod id magnam blanditiis, ut repudiandae debitis! Labore',0,NULL,'2021-07-02 17:45:26','2021-07-02 17:45:26','1b54a215-79c8-4ad6-8c61-8b5012f3541f','d761c981-3502-49e4-a425-ef189f97e5bf'),('89eb9d01-a3f6-48a3-acbd-853ebf7ebd6b','Lorem ipsum, dolor sit amet consectetur adipisicing elit. Quod id magnam blanditiis, ut repudiandae debitis! Labore',0,NULL,'2021-07-02 17:45:34','2021-07-02 17:45:34','1b54a215-79c8-4ad6-8c61-8b5012f3541f','d761c981-3502-49e4-a425-ef189f97e5bf'),('fc3e9a6e-afde-43c1-99a1-823a995cb919','Lorem ipsum, dolor sit amet consectetur adipisicing elit. Quod id magnam blanditiis, ut repudiandae debitis! Labore',0,NULL,'2021-07-02 17:45:17','2021-07-02 17:45:17','1b54a215-79c8-4ad6-8c61-8b5012f3541f','d761c981-3502-49e4-a425-ef189f97e5bf');
/*!40000 ALTER TABLE `feedbacks` ENABLE KEYS */;
UNLOCK TABLES;

--
-- Table structure for table `files`
--

DROP TABLE IF EXISTS `files`;
/*!40101 SET @saved_cs_client     = @@character_set_client */;
/*!50503 SET character_set_client = utf8mb4 */;
CREATE TABLE `files` (
  `id` varchar(255) NOT NULL,
  `name` varchar(255) DEFAULT NULL,
  `type` varchar(255) DEFAULT NULL,
  `path` varchar(255) DEFAULT NULL,
  `isActive` tinyint(1) DEFAULT NULL,
  `createdAt` datetime DEFAULT NULL,
  `updatedAt` datetime DEFAULT NULL,
  `userId` char(36) CHARACTER SET utf8mb3 COLLATE utf8mb3_bin DEFAULT NULL,
  PRIMARY KEY (`id`),
  KEY `userId` (`userId`),
  CONSTRAINT `files_ibfk_1` FOREIGN KEY (`userId`) REFERENCES `users` (`id`) ON DELETE SET NULL ON UPDATE CASCADE
) ENGINE=InnoDB DEFAULT CHARSET=utf8mb3;
/*!40101 SET character_set_client = @saved_cs_client */;

--
-- Dumping data for table `files`
--

LOCK TABLES `files` WRITE;
/*!40000 ALTER TABLE `files` DISABLE KEYS */;
INSERT INTO `files` VALUES ('174caeb5-de02-4e85-b447-9f9b8e09c5bc','1-ba5e0f34.jpeg','jpeg','/virtual_data_room/files/009/1-ba5e0f34.jpeg',NULL,'2021-04-09 18:46:04','2021-04-09 18:46:04',NULL),('1a2f7232-7532-40e8-9005-15e77768876e','1-cd4fbcd1.jpeg','jpeg','/virtual_data_room/files/011/1-cd4fbcd1.jpeg',NULL,'2021-04-09 18:54:49','2021-04-09 18:54:49',NULL),('1d63c48c-5a32-44bc-8bc9-903d0bbf3ba8','1-a4eccfdd.jpeg','jpeg','/virtual_data_room/files/013/1-a4eccfdd.jpeg',NULL,'2021-04-09 19:01:06','2021-04-09 19:01:06',NULL),('229458b7-5006-4745-a978-238600ffbc73','0-4a73c81c.jpeg','jpeg','/virtual_data_room/files/009/0-4a73c81c.jpeg',NULL,'2021-04-09 18:45:57','2021-04-09 18:45:57',NULL),('2dd95b44-eb52-4fa3-821d-984cf84bef82','1-f3c44e36.jpeg','jpeg','/virtual_data_room/files/017/1-f3c44e36.jpeg',NULL,'2021-04-10 07:57:26','2021-04-10 07:57:26',NULL),('2e2ef56c-9e84-4f19-b7b9-99724f0a031a','1-ef2a75a6.jpeg','jpeg','/virtual_data_room/files/012/1-ef2a75a6.jpeg',NULL,'2021-04-09 18:56:35','2021-04-09 18:56:35',NULL),('2e8660ce-141e-4bca-9277-c25895e9ed54','0-0461565e.jpeg','jpeg','/virtual_data_room/files/011/0-0461565e.jpeg',NULL,'2021-04-09 18:54:48','2021-04-09 18:54:48',NULL),('31e7633b-a0f4-4767-a6ab-989cb8b9bef9','2-1f02e93e.jpeg','jpeg','/virtual_data_room/files/019/2-1f02e93e.jpeg',NULL,'2021-04-17 10:19:32','2021-04-17 10:19:32',NULL),('6488e2f3-cdba-4551-92a0-ab428edb487f','2-9e280900.jpeg','jpeg','/virtual_data_room/files/012/2-9e280900.jpeg',NULL,'2021-04-09 18:56:37','2021-04-09 18:56:37',NULL),('7c63fcb1-b3d9-4ce9-b86b-b413c9382631','0-18b184f9.jpeg','jpeg','/virtual_data_room/files/017/0-18b184f9.jpeg',NULL,'2021-04-10 07:57:26','2021-04-10 07:57:26',NULL),('81a45bbb-d14e-49e1-a11a-107dc4196cab','1-93aacdc6.jpeg','jpeg','/virtual_data_room/files/010/1-93aacdc6.jpeg',NULL,'2021-04-09 18:49:05','2021-04-09 18:49:05',NULL),('86d21e3b-f625-4cc0-9427-817865c6e3e7','0-f1309c70.jpeg','jpeg','/virtual_data_room/files/012/0-f1309c70.jpeg',NULL,'2021-04-09 18:56:32','2021-04-09 18:56:32',NULL),('975c965d-7563-4681-aa9e-98008cd40122','3-90204e9d.jpeg','jpeg','/virtual_data_room/files/019/3-90204e9d.jpeg',NULL,'2021-04-17 10:19:32','2021-04-17 10:19:32',NULL),('9a0f1adc-02f2-41a1-a912-242d850d6739','0-877519a1.jpeg','jpeg','/virtual_data_room/files/010/0-877519a1.jpeg',NULL,'2021-04-09 18:49:01','2021-04-09 18:49:01',NULL),('a5f25268-9d87-4309-9047-18408f5298d5','0-41d23ed7.jpeg','jpeg','/virtual_data_room/files/019/0-41d23ed7.jpeg',NULL,'2021-04-17 10:19:32','2021-04-17 10:19:32',NULL),('acd360af-c03a-4da8-a49c-e799a79f2c99','2-3d93d16f.jpeg','jpeg','/virtual_data_room/files/013/2-3d93d16f.jpeg',NULL,'2021-04-09 19:01:07','2021-04-09 19:01:07',NULL),('cca5c087-61c8-4260-b01d-4c9a693a097b','4-3485b377.jpeg','jpeg','/virtual_data_room/files/019/4-3485b377.jpeg',NULL,'2021-04-17 10:19:32','2021-04-17 10:19:32',NULL),('cfe00a5d-05ce-4a1c-926a-1a00a4166317','0-5126552c.png','png','/virtual_data_room/files/018/0-5126552c.png',NULL,'2021-04-17 06:31:13','2021-04-17 06:31:13',NULL),('d3467a4c-9397-463a-bc1e-c199e8895c3a','0-2e8c4b33.jpeg','jpeg','/virtual_data_room/files/013/0-2e8c4b33.jpeg',NULL,'2021-04-09 19:01:05','2021-04-09 19:01:05',NULL),('eaae4696-2ded-4ac6-bb35-65477e5e1b34','1-eecd9472.png','png','/virtual_data_room/files/018/1-eecd9472.png',NULL,'2021-04-17 06:31:13','2021-04-17 06:31:13',NULL),('fa0acea3-fe17-488e-ba79-20adef5ad2cb','1-c1f4940d.jpeg','jpeg','/virtual_data_room/files/019/1-c1f4940d.jpeg',NULL,'2021-04-17 10:19:32','2021-04-17 10:19:32',NULL);
/*!40000 ALTER TABLE `files` ENABLE KEYS */;
UNLOCK TABLES;

--
-- Table structure for table `goals`
--

DROP TABLE IF EXISTS `goals`;
/*!40101 SET @saved_cs_client     = @@character_set_client */;
/*!50503 SET character_set_client = utf8mb4 */;
CREATE TABLE `goals` (
  `id` char(36) CHARACTER SET utf8mb3 COLLATE utf8mb3_bin NOT NULL,
  `code` varchar(255) DEFAULT NULL,
  `group` varchar(255) DEFAULT NULL,
  `objectives` varchar(255) DEFAULT NULL,
  `kpi` varchar(255) DEFAULT NULL,
  `descriptions` varchar(255) DEFAULT NULL,
  `isActive` tinyint(1) DEFAULT NULL,
  `createdAt` datetime DEFAULT NULL,
  `updatedAt` datetime DEFAULT NULL,
  `userId` char(36) CHARACTER SET utf8mb3 COLLATE utf8mb3_bin DEFAULT NULL,
  PRIMARY KEY (`id`),
  KEY `userId` (`userId`),
  KEY `goals_id_user_id` (`id`,`userId`),
  CONSTRAINT `goals_ibfk_1` FOREIGN KEY (`userId`) REFERENCES `users` (`id`) ON DELETE SET NULL ON UPDATE CASCADE
) ENGINE=InnoDB DEFAULT CHARSET=utf8mb3;
/*!40101 SET character_set_client = @saved_cs_client */;

--
-- Dumping data for table `goals`
--

LOCK TABLES `goals` WRITE;
/*!40000 ALTER TABLE `goals` DISABLE KEYS */;
INSERT INTO `goals` VALUES ('0107fce9-9224-4d72-86c2-4e0b8d69e66a',NULL,'Profissional','Fazer certificações',NULL,NULL,NULL,'2020-12-15 11:49:22','2020-12-15 11:49:22','c33cda14-38c3-4670-9643-7d71c23fb098'),('10c28b90-dd36-4890-ab4f-0d89c2d9985f',NULL,'Pessoal','Caminhar',NULL,NULL,NULL,'2020-12-16 15:17:18','2020-12-16 15:17:18','c33cda14-38c3-4670-9643-7d71c23fb098'),('c62ad171-161b-47d8-afa7-e1ab83debd70',NULL,'Financeiro','fazer Mais  kilapis',NULL,NULL,NULL,'2020-12-19 17:13:57','2020-12-19 17:13:57','c33cda14-38c3-4670-9643-7d71c23fb098'),('c752bc01-ae6f-4e8e-ae71-32156427d6bf',NULL,'Pessoal','Fazer vaigens',NULL,NULL,NULL,'2020-12-16 14:11:08','2020-12-16 14:11:08','c33cda14-38c3-4670-9643-7d71c23fb098');
/*!40000 ALTER TABLE `goals` ENABLE KEYS */;
UNLOCK TABLES;

--
-- Table structure for table `modules`
--

DROP TABLE IF EXISTS `modules`;
/*!40101 SET @saved_cs_client     = @@character_set_client */;
/*!50503 SET character_set_client = utf8mb4 */;
CREATE TABLE `modules` (
  `id` char(36) CHARACTER SET utf8mb3 COLLATE utf8mb3_bin NOT NULL,
  `code` varchar(255) DEFAULT NULL,
  `title` varchar(255) DEFAULT NULL,
  `descriptions` text,
  `duration` int DEFAULT NULL,
  `isActive` tinyint(1) DEFAULT NULL,
  `createdAt` datetime DEFAULT NULL,
  `updatedAt` datetime DEFAULT NULL,
  `courseId` char(36) CHARACTER SET utf8mb3 COLLATE utf8mb3_bin DEFAULT NULL,
  `order_no` int DEFAULT NULL,
  PRIMARY KEY (`id`),
  KEY `courseId` (`courseId`),
  KEY `modules_id_course_id` (`id`,`courseId`),
  KEY `modules_id` (`id`),
  CONSTRAINT `modules_ibfk_1` FOREIGN KEY (`courseId`) REFERENCES `courses` (`id`) ON DELETE SET NULL ON UPDATE CASCADE
) ENGINE=InnoDB DEFAULT CHARSET=utf8mb3;
/*!40101 SET character_set_client = @saved_cs_client */;

--
-- Dumping data for table `modules`
--

LOCK TABLES `modules` WRITE;
/*!40000 ALTER TABLE `modules` DISABLE KEYS */;
INSERT INTO `modules` VALUES ('01531230-4e55-41ce-8ac5-8cab07f173fc','013','Week 1:Subject Lines & Openings','This week you’ll learn the parts of an effective subject line and know what common mistakes to avoid. You’ll also know how to using greetings like “Dear” and when to use titles or first names.',NULL,NULL,'2021-01-06 09:00:27','2021-01-06 09:27:56','03ba2b27-e0e2-4a71-a42b-8be14bec33c8',NULL),('018ea747-7835-4598-8372-22f19686e18a','012','Conclusão','',NULL,NULL,'2021-01-06 06:40:22','2021-01-06 06:40:22','03ba2b27-e0e2-4a71-a42b-8be14bec33c8',100),('031892d2-6501-41b4-9ced-003d2e800492','054','Introdução','',NULL,NULL,'2021-02-12 18:21:05','2021-02-12 18:36:36','e8289e80-0def-4f32-b129-343f70373405',-1),('084e4021-5661-4757-92b4-bf795c147674','036','Conclusão','',NULL,NULL,'2021-01-08 16:46:24','2021-01-08 16:46:24','714f9c84-2315-4a4c-bf81-7e837b082b95',100),('09b69f64-f068-42b0-91a1-b5c36a7ba11e','037','develop and employ tools','When you complete this course, you will become familiar with the general structure of primary and secondary equity markets from a domestic and international perspective. Beginning with introductory finance notions of risk and return, we examine qualitative concepts such as market efficiency and valuation.',NULL,NULL,'2021-01-08 16:46:24','2021-01-08 16:46:24','714f9c84-2315-4a4c-bf81-7e837b082b95',NULL),('0b8ddf44-1a80-41eb-b514-746774d21328','026','Introdução','',NULL,NULL,'2021-01-07 06:46:11','2021-01-07 06:46:11',NULL,-1),('0c1d4695-44ae-4d3b-9207-1343e05c88aa','022','Leisure and leisure activities such as talking about time and experiences',NULL,NULL,NULL,'2021-01-06 17:07:27','2021-01-06 17:07:27','75a63709-a054-4db6-afc1-0e4481908acb',NULL),('0c50754a-dde8-40cc-b140-ce1cbd30bfea','011','Introdução','',NULL,NULL,'2021-01-06 06:40:21','2021-01-06 09:33:22','03ba2b27-e0e2-4a71-a42b-8be14bec33c8',-1),('0d551d1b-f313-46dd-bbad-4ce630d512ed','032','Leisure activities',NULL,NULL,NULL,'2021-01-07 06:59:20','2021-01-07 06:59:20',NULL,NULL),('0ff06e9c-441b-437b-9ffb-d8b898fc1fdf','053','Season 2',NULL,NULL,NULL,'2021-02-09 20:34:52','2021-02-09 20:34:52','aad96895-b6ac-4f88-bc0a-dccecfb621cb',NULL),('10074c2e-16f8-4a07-90aa-b63f10b00a00','044','Conclusão','',NULL,NULL,'2021-01-15 15:06:43','2021-01-15 15:06:43','2f9ed600-2cb5-4b0a-8766-38a0faf5aff3',100),('1226a5d5-f333-42b8-944c-ada760c0809b','042','Conceptual Change',NULL,NULL,NULL,'2021-01-15 14:56:04','2021-02-09 18:58:12','4b1edc61-a925-47eb-b73f-8cd75442c1f6',1),('12fba126-fc02-4963-92dc-84b5f2380a0b','033','Introdução','',NULL,NULL,'2021-01-07 07:15:13','2021-01-07 07:15:13','1baa0dfb-4b2a-4f5f-8f50-f073070ab511',-1),('142fc681-8eba-421b-93ac-9d074490fecc','017','Introdução','',NULL,NULL,'2021-01-06 16:55:58','2021-01-06 16:55:58','cf41da32-e324-4c2a-bad0-c3906703b87a',-1),('14a17e3e-b443-4d06-b0db-0c3341438fa0','007','Begin your journey','Begin your journey in a new career in marketing analytics. Learn about powerful strategies and methodology, starting with identifying market trends and metrics used to measure marketing success.\n\nIn this marketing course, you will learn how to execute market sizing, identify market trends, and predict future conditions.',NULL,NULL,'2020-12-26 17:31:28','2021-01-11 08:28:48','9bdee9ce-ae0d-4eba-aba6-2157b8c42c9c',0),('164d26b6-8254-4c84-a449-6ba21c06d548','041','Conclusão','',NULL,NULL,'2021-01-15 14:55:51','2021-02-09 18:58:12','4b1edc61-a925-47eb-b73f-8cd75442c1f6',96),('16c35026-9172-4922-a01a-1a435fcb7a51','032','Life in the city',NULL,NULL,NULL,'2021-01-07 06:59:20','2021-01-07 06:59:20',NULL,NULL),('176aa94f-3e4d-4f8d-af57-9d5f05d7cf6c','029','Conclusão','',NULL,NULL,'2021-01-07 06:58:00','2021-01-07 06:58:00',NULL,100),('1781e2af-5684-4562-8b68-38c4cf56f4d0','039','About this course',NULL,NULL,NULL,'2021-01-15 14:40:48','2021-01-15 14:40:48','54a87ecf-180f-4d20-a9f6-2b318ada8dfb',NULL),('17d5b87e-733c-4cdd-9c75-c1cbce0bc002','017','Introdução','',NULL,NULL,'2021-01-06 16:55:50','2021-01-06 16:55:50','0c2b75f8-1c39-416d-9a85-2c12a4885e60',-1),('203d3468-2b74-4eb5-833a-b96e15ec996c','001','Unit 2','Questions About the Course.\" You can also check the FAQs by clicking on the link in the top toolbar. In addition, we will send occasional email updates that highlight themes generated in the activities and discussion areas.\nThis course is open to all learners. Students can also upgrade to receive a verified certificate as part of the RITx MicroMasters program in Cybersecurity through Week 6.',NULL,NULL,'2020-12-23 11:28:37','2020-12-24 03:24:48','71d128a2-8b39-470f-aac8-b39150146202',NULL),('222047d0-3230-42f5-9734-cac33ae65628','056','Overview',NULL,NULL,NULL,'2021-04-10 11:37:06','2021-04-10 11:37:06','62e3b342-7ee0-4056-8c71-b27b86f3b531',NULL),('25b12c34-2ffe-4c7d-9a07-a7eed3c9d292','050','Conclusão','',NULL,NULL,'2021-02-09 20:33:53','2021-02-09 20:33:53',NULL,100),('2a02c849-b52f-4245-9339-94a9b70b3a29','004','Inicio','Comprender las posibilidades educativas de la conciencia de muerte en el marco de una educación para una vida plena.\nConocer recursos y metodologías a partir de las cuales se puede educar teniendo en cuenta la muerte desde la educación infantil hasta la educación secundaria.',NULL,NULL,'2020-12-23 15:09:29','2020-12-23 15:09:29','a093120f-b0f0-4f8c-89ff-d60e1556fe00',NULL),('2e138e71-a35c-4cd6-956d-2606aed18ae6','030','Introdução','',NULL,NULL,'2021-01-07 06:58:22','2021-01-07 06:58:22',NULL,-1),('2e3efe39-864c-418b-935e-6a2938bbf198','028','Introdução','',NULL,NULL,'2021-01-07 06:58:00','2021-01-07 06:58:00',NULL,-1),('2eec0fc4-644f-4e70-b876-f790c5231ec0','042','What you learn',NULL,NULL,NULL,'2021-01-15 14:56:04','2021-02-09 18:58:12','4b1edc61-a925-47eb-b73f-8cd75442c1f6',NULL),('2ff5fa74-483e-448b-b3a9-16418907ae04','003','Session 1','Questions About the Course.\" You can also check the FAQs by clicking on the link in the top toolbar. In addition, we will send occasional email updates that highlight .How to apply your new skills to case studies and in real-life situations\nWhy creating your own Personal Leadership Plan is integral to success and weekly guidance around developing yours',NULL,NULL,'2020-12-23 11:36:23','2020-12-23 11:36:23','6b6a1381-1a2c-466d-ab41-d0b72241f8e2',NULL),('30e90364-ed05-4495-bd06-8fe609a51a84','009','Introdução','',NULL,NULL,'2021-01-05 18:57:43','2021-01-05 18:57:43',NULL,-1),('3bf3e448-38a7-4759-8934-23df40f02533','010','Conclusão','',NULL,NULL,'2021-01-05 18:57:51','2021-01-05 18:57:51',NULL,100),('3f15b4f0-c820-47bf-b0cc-547b233312e0','056','Online payments',NULL,NULL,NULL,'2021-04-10 11:37:06','2021-04-10 11:37:06','62e3b342-7ee0-4056-8c71-b27b86f3b531',NULL),('40a0162e-6a01-47b5-929a-35a96f33b1bd','052','Conclusão','',NULL,NULL,'2021-02-09 20:34:31','2021-02-09 20:34:31','aad96895-b6ac-4f88-bc0a-dccecfb621cb',100),('47065074-e1cc-45ca-ad6c-5f5b0f09b261','031','Conclusão','',NULL,NULL,'2021-01-07 06:58:22','2021-01-07 06:58:22',NULL,100),('49200967-bda7-49f4-9245-fbceeb6c5fde','022','Daily routine and work such as schedules',NULL,NULL,NULL,'2021-01-06 17:07:27','2021-01-06 17:07:27','75a63709-a054-4db6-afc1-0e4481908acb',NULL),('4f1fa026-8af0-4992-8ace-b3c52289c107','024','Conclusão','',NULL,NULL,'2021-01-06 17:12:47','2021-01-06 17:12:47',NULL,100),('52238442-9d14-4c67-b64e-5c2f41ed917d','031','Introdução','',NULL,NULL,'2021-01-07 06:59:09','2021-01-07 06:59:09',NULL,-1),('54e42aad-e08f-4143-b5dc-4ba3dbae3ab9','008','Overview','hangements effectifs dans les organisations, vers des postures plus responsables\nConcilier les intérêts des multiples parties prenan',NULL,NULL,'2021-01-04 17:10:26','2021-01-05 15:30:26','35098d67-d0fa-46a0-8aed-8185c60cdc91',3),('57c84217-0742-45e3-9ea0-47eeeb43925d','021','Conclusão','',NULL,NULL,'2021-01-06 17:07:04','2021-01-06 18:32:49','75a63709-a054-4db6-afc1-0e4481908acb',100),('58b3217a-d032-4d45-a1fe-5fc5cce429de','040','Introdução','',NULL,NULL,'2021-01-15 14:55:51','2021-02-09 18:58:12','4b1edc61-a925-47eb-b73f-8cd75442c1f6',-1),('5a1163cc-1b0d-4834-b229-784b802222c9','005','Contemporaines','Stimuler et gérer des changements effectifs dans les organisations, vers des postures plus responsables\nConcilier les intérêts des multiples parties prenantes dans un plan d’actions clair et judicieux',NULL,NULL,'2020-12-23 17:20:20','2021-01-05 17:02:32','35098d67-d0fa-46a0-8aed-8185c60cdc91',2),('5a8ab830-41ca-47f2-a85b-fde7ba96ff6e','055','Introdução','',NULL,NULL,'2021-04-10 11:36:50','2021-04-10 11:36:50','62e3b342-7ee0-4056-8c71-b27b86f3b531',-1),('5ac0c4c2-57d2-466f-8f9e-6feae09dd0dd','015','Conclusão','',NULL,NULL,'2021-01-06 16:28:58','2021-01-06 16:28:58','16e50c11-82cf-42d6-a591-0c75acd22990',100),('5c213f98-5891-4b9d-8782-22e477328078','048','JavaScript Expressions',NULL,NULL,NULL,'2021-02-09 20:29:57','2021-02-12 18:15:57','10eb73ec-860e-4faf-a335-9a861e08184c',NULL),('5fc26696-d122-4a27-8d01-c57f8414548c','055','Conclusão','',NULL,NULL,'2021-02-12 18:21:05','2021-02-12 18:36:36','e8289e80-0def-4f32-b129-343f70373405',100),('68c9010c-56ef-43e1-904e-05917a9bdb0f','045','About this course',NULL,NULL,NULL,'2021-01-15 15:06:46','2021-01-15 15:06:46','2f9ed600-2cb5-4b0a-8766-38a0faf5aff3',NULL),('68cd2f1c-6b8f-46fe-8a25-5b3ade9dd12e','049','Introdução','',NULL,NULL,'2021-02-09 20:33:53','2021-02-09 20:33:53',NULL,-1),('69cd7b09-3aa1-41fc-8284-3117647688fd','022','Info related to daily activities at home and with the family',NULL,NULL,NULL,'2021-01-06 17:07:27','2021-01-06 17:07:27','75a63709-a054-4db6-afc1-0e4481908acb',NULL),('6b7b04cc-779e-4b2c-b073-b6b3cd698dbb','034','What you\'re learning',NULL,NULL,NULL,'2021-01-07 07:16:44','2021-01-07 15:12:18','1baa0dfb-4b2a-4f5f-8f50-f073070ab511',NULL),('6bbed1ad-4bac-4909-b033-1d41d899b0e2','048','Timers JavaScript Events Explained',NULL,NULL,NULL,'2021-02-09 20:29:57','2021-02-12 18:15:57','10eb73ec-860e-4faf-a335-9a861e08184c',NULL),('72fb68d4-b643-434d-917b-38a149cad635','055','Week 1','What you will learn',NULL,NULL,'2021-02-12 18:21:05','2021-02-12 18:36:36','e8289e80-0def-4f32-b129-343f70373405',NULL),('76ada78e-f7b1-4942-a11e-cf861ddb6d09','007','In this marketing course','This course is taught by Stephan Sorger who has held leadership roles in marketing and product development at companies such as Oracle, 3Com and NASA. He has also taught for over a decade at UC Berkeley Extension and is the author of two widely adopted marketing textbooks. This course will equip you with the knowledge and skills necessary to immediately see practical benefits in the workplace.',NULL,NULL,'2020-12-26 17:31:28','2021-01-11 08:28:32','9bdee9ce-ae0d-4eba-aba6-2157b8c42c9c',1),('7a23eb67-2ac2-4cdc-a60c-2e6b8ce5f54d','003','Before You Begin','practices, as well as stories from great leaders and everyday people, you will practice empowerment, accountability, courage, and humility—key leadership skills linked to inclusive, successful teams. Throughout the course, you will meet people like yourself, ',NULL,NULL,'2020-12-23 11:36:23','2020-12-23 11:36:23','6b6a1381-1a2c-466d-ab41-d0b72241f8e2',NULL),('7a3ca448-87c1-4d98-8879-0893f6b5a0ab','007','identify market trends,','Extension and is the author of two widely adopted marketing textbooks. This course will equip you with the knowledge and skills necessary to immediately see practical benefits in the workplace.\n\nAnalytics-based marketing is increasingly important in determining a company’s spending and ROI. Many entry-level positions in marketing now require some basic level of knowledge in this rapidly growing field.',NULL,NULL,'2020-12-26 17:31:28','2021-01-11 08:28:32','9bdee9ce-ae0d-4eba-aba6-2157b8c42c9c',2),('7ca65955-99a4-4c89-977b-de32400d5372','020','Introdução','',NULL,NULL,'2021-01-06 17:07:04','2021-01-06 17:07:04','75a63709-a054-4db6-afc1-0e4481908acb',-1),('7cd31b2b-8bfe-4bfa-9f03-dc24fee2e1a0','001','Getting Started','Welcome to Computer Forensics! This is an eight-week, instructor-led course. This course is open to all learners. Students can also upgrade to receive a verified certificate as part of the RITx MicroMasters program in Cybersecurity through Week 6.',NULL,NULL,'2020-12-23 11:28:36','2020-12-24 03:24:48','71d128a2-8b39-470f-aac8-b39150146202',NULL),('7cf315f8-7ea3-4fe6-87c5-698e7942da50','056','Conclusão','',NULL,NULL,'2021-04-10 11:36:50','2021-04-10 11:36:50','62e3b342-7ee0-4056-8c71-b27b86f3b531',100),('7de552ee-4b9a-42ea-971a-d152f9b7325e','002','Session 1','themes generated in the activities and discussion areas.\nThis course is open to all learners. Students can also upgrade to receive a verified certificate as part of the RITx MicroMasters program in Cybersecurity through Week 6\nRITx MicroMasters program in Cybersecurity through Week 6. The course team is available to answer questions in the discussion topic titled',NULL,NULL,'2020-12-23 11:35:01','2020-12-23 18:55:02','4458c0b3-06ee-478d-a24a-694d3b0ec5c6',NULL),('7e455cbe-3baa-464f-bc18-480a86da270c','042','About this course',NULL,NULL,NULL,'2021-01-15 14:56:04','2021-02-09 18:58:12','4b1edc61-a925-47eb-b73f-8cd75442c1f6',0),('7ec660be-c7f2-42ae-b603-b65717f4e1be','019','Conclusão','',NULL,NULL,'2021-01-06 17:00:35','2021-01-06 17:00:35','0c2b75f8-1c39-416d-9a85-2c12a4885e60',100),('7f76941f-a75a-4c58-9b21-078d5871af10','014','Introdução','',NULL,NULL,'2021-01-06 16:28:58','2021-01-06 16:28:58','16e50c11-82cf-42d6-a591-0c75acd22990',-1),('87560678-ef4e-4f3a-81c8-ee3b9e651061','027','Introdução','',NULL,NULL,'2021-01-07 06:48:11','2021-01-07 06:48:11','0def5d88-b174-4726-b64c-f94c01dafba1',-1),('8cecc6a8-f3d0-4308-aea3-6bef4d49f4cb','001','Unit 1',' RITx MicroMasters program in Cybersecurity through Week 6. The course team is available to answer questions in the discussion topic titled',NULL,NULL,'2020-12-23 11:28:36','2020-12-24 03:24:48','71d128a2-8b39-470f-aac8-b39150146202',NULL),('9057f100-712c-45f4-ba3a-dc9d69891273','002','Before You Begin','Welcome to Computer Forensics! This is an eight-week, instructor-led course. This course is open to all learners. Students can also upgrade to receive a verified certificate as part of the RITx MicroMasters program in Cybersecurity through Week 6.',NULL,NULL,'2020-12-23 11:35:01','2020-12-23 18:55:02','4458c0b3-06ee-478d-a24a-694d3b0ec5c6',NULL),('954ada3d-cbae-4b45-8212-388365b64e7d','051','Introdução','',NULL,NULL,'2021-02-09 20:34:31','2021-02-09 20:34:31','aad96895-b6ac-4f88-bc0a-dccecfb621cb',-1),('97cae268-ff83-4a2f-bb78-cf2f1595b694','046','Introdução','',NULL,NULL,'2021-02-09 20:29:45','2021-02-12 18:15:57','10eb73ec-860e-4faf-a335-9a861e08184c',-1),('a0ab6b24-3530-4d2f-bcfe-4033cb788249','013','Week 2: Tone: When to be Formal or Direct','This week introduces the idea of tone. The words you use and the way you say it make your writing more or less formal and more or less direct. You need to make choices about these things depending on who you are writing to.',NULL,NULL,'2021-01-06 09:00:27','2021-01-06 09:27:56','03ba2b27-e0e2-4a71-a42b-8be14bec33c8',NULL),('a0fe56c4-2c3c-43f7-b6de-96eadd164900','038','Conclusão','',NULL,NULL,'2021-01-15 14:40:47','2021-01-15 14:40:47','54a87ecf-180f-4d20-a9f6-2b318ada8dfb',100),('aad1319d-3b98-4285-9f52-9ce32cd809fb','013','Week 4:Writing Follow Up Emails','In the final week of the course, you’ll lookspecifically at the language of following up. This is an important step in making your network bigger.You’ll practice writing your own email and get feedback from your fellow classmates.',NULL,NULL,'2021-01-06 09:00:27','2021-01-06 09:27:56','03ba2b27-e0e2-4a71-a42b-8be14bec33c8',NULL),('b2d27eed-5af2-4d38-820f-80dfe4d954dc','013','Week 3:Effective Beginnings and Endings','The first and last lines of an email are super important to success. We’ll point out how to write good openings and closings and provide useful vocabulary for these parts. We’ll also practice the language of making arrangements to meet.',NULL,NULL,'2021-01-06 09:00:27','2021-01-06 09:27:56','03ba2b27-e0e2-4a71-a42b-8be14bec33c8',NULL),('b4453cdd-bdfb-4677-9016-b3d2b76d719b','018','Conclusão','',NULL,NULL,'2021-01-06 17:00:35','2021-01-06 17:00:35','cf41da32-e324-4c2a-bad0-c3906703b87a',100),('b58a2c96-1bdc-45a4-823e-ffd2fde13a70','037','Introdução','',NULL,NULL,'2021-01-15 14:40:47','2021-01-15 14:40:47','54a87ecf-180f-4d20-a9f6-2b318ada8dfb',-1),('b76966e8-e22d-43b7-82fd-868ebff5526d','055','Program overview','What you will learn',NULL,NULL,'2021-02-12 18:21:05','2021-02-12 18:36:36','e8289e80-0def-4f32-b129-343f70373405',NULL),('bbca92f7-4246-427a-b30a-09f51d836510','032','Conclusão','',NULL,NULL,'2021-01-07 06:59:09','2021-01-07 06:59:09',NULL,100),('c07b2267-4255-4e82-8e67-d7415d170503','037','fundamental concepts of financial','These tools should enable you to build valuation models for common stocks. Through this process, you will also learn how professional financial analysts should evaluate companies. The course is suitable for students seeking eventual employment with a brokerage company, investment company or financial services company with responsibilities in evaluating and selecting equity securities for investment portfolios.',NULL,NULL,'2021-01-08 16:46:24','2021-01-08 16:46:24','714f9c84-2315-4a4c-bf81-7e837b082b95',NULL),('c14bedeb-39b0-4186-a319-b986db511ca9','047','Conclusão','',NULL,NULL,'2021-02-09 20:29:46','2021-02-12 18:15:57','10eb73ec-860e-4faf-a335-9a861e08184c',100),('c4d4d616-6653-4dd7-80b8-587f02815e6d','035','Introdução','',NULL,NULL,'2021-01-08 16:46:24','2021-01-08 16:46:24','714f9c84-2315-4a4c-bf81-7e837b082b95',-1),('c56b0049-fc8d-42b8-a310-76f5089cd7ff','006','About this course','Skip About this course\nEbranlées par les crises financières et économiques mondiales, de plus en plus d’entreprises consacrent des ressources importantes à leurs politiques de responsabilité sociétale. Mais qu’est-ce que la',NULL,NULL,'2020-12-23 17:23:04','2021-01-05 15:30:26','35098d67-d0fa-46a0-8aed-8185c60cdc91',0),('c59f90bf-6577-42b5-bb83-32bb6c1b4614','034','Conclusão','',NULL,NULL,'2021-01-07 07:15:13','2021-01-07 07:15:13','1baa0dfb-4b2a-4f5f-8f50-f073070ab511',100),('c754acad-7363-486e-a44a-e01ba7f5b904','043','Introdução','',NULL,NULL,'2021-01-15 15:06:43','2021-01-15 15:06:43','2f9ed600-2cb5-4b0a-8766-38a0faf5aff3',-1),('cb5cd0af-8370-493f-b2c2-792d8180b393','004','Descubra la muerte','Receive an instructor-signed certificate with the institution\'s logo to verify your achievement and increase your job prospects',NULL,NULL,'2020-12-23 15:09:29','2020-12-23 15:09:29','a093120f-b0f0-4f8c-89ff-d60e1556fe00',NULL),('ccebc9a1-1a4f-426d-8189-e3102a5ecd86','045','What you learn',NULL,NULL,NULL,'2021-01-15 15:06:46','2021-01-15 15:06:46','2f9ed600-2cb5-4b0a-8766-38a0faf5aff3',NULL),('d1a31f0d-c473-4c6a-8c57-c933b57ed2e5','025','Daily activities at home and with the family',NULL,NULL,NULL,'2021-01-06 17:12:56','2021-01-06 17:12:56',NULL,NULL),('d297a8ac-ce88-48ac-9bfc-356818c2e2bc','039','What you learn',NULL,NULL,NULL,'2021-01-15 14:40:48','2021-01-15 14:40:48','54a87ecf-180f-4d20-a9f6-2b318ada8dfb',NULL),('d3866713-eeca-4dc5-a8c3-9a7106b30ec6','003','Session 2','themes generated in the activities and discussion areas.\nThis course is open to all learners. Students can also upgrade to receive a verified certificate as part of the RITx MicroMasters program in Cybersecurity through Week 6\nRITx MicroMasters program in Cybersecurity through Week 6. The course team is available to answer questions in the discussion topic titled',NULL,NULL,'2020-12-23 11:36:23','2020-12-23 11:36:23','6b6a1381-1a2c-466d-ab41-d0b72241f8e2',NULL),('d393cf09-3f30-463c-af52-69bdafa6ba87','023','Introdução','',NULL,NULL,'2021-01-06 17:12:47','2021-01-06 17:12:47',NULL,-1),('d50a72e8-0b08-44bc-9009-97bcc4a5b258','016','The alphabet and numbers',NULL,NULL,NULL,'2021-01-06 16:28:58','2021-01-06 16:28:58','16e50c11-82cf-42d6-a591-0c75acd22990',NULL),('d6926acc-42e6-4eb1-b3a4-f1c3e94c5a30','016','Using the verb to be ; Basic conjugation',NULL,NULL,NULL,'2021-01-06 16:28:58','2021-01-06 16:28:58','16e50c11-82cf-42d6-a591-0c75acd22990',NULL),('d80c816c-2a41-4f13-9449-f7614cc8873c','039','Meet your instructs',NULL,NULL,NULL,'2021-01-15 14:40:48','2021-01-15 14:40:48','54a87ecf-180f-4d20-a9f6-2b318ada8dfb',NULL),('db5bfd2d-822b-4054-b448-90d3f499c8cc','048','Discover JavaScript',NULL,NULL,NULL,'2021-02-09 20:29:57','2021-02-12 18:15:57','10eb73ec-860e-4faf-a335-9a861e08184c',NULL),('e2c8ba37-8a34-4e04-a10f-ae730273cfa7','005','What you\'ll learn  today','Skip What you\'ll learn\nA la fin de ce cours, vous serez capables de\n\nDiscuter la nature multidimensionnelle du concept de la RSE\nAdopter un point de vue critique sur les questions éthiques, sociales et environnementales que pose le fonctionnement des organisations ',NULL,NULL,'2020-12-23 17:20:16','2021-01-05 15:30:26','35098d67-d0fa-46a0-8aed-8185c60cdc91',1),('eb22dd1d-a000-41f6-95a3-1fe733ce2835','053','Season 1',NULL,NULL,NULL,'2021-02-09 20:34:52','2021-02-09 20:34:52','aad96895-b6ac-4f88-bc0a-dccecfb621cb',NULL),('ef4f4704-fb35-4c26-b5e6-1aee7cc7f60c','028','Conclusão','',NULL,NULL,'2021-01-07 06:48:11','2021-01-07 06:48:11','0def5d88-b174-4726-b64c-f94c01dafba1',100),('f2190498-3bb2-42eb-ae13-b9c261e8d1dc','027','Conclusão','',NULL,NULL,'2021-01-07 06:46:11','2021-01-07 06:46:11',NULL,100),('f51c4c29-2142-4772-869f-554682613243','016','How to describe your nationality, your likes, and your family',NULL,NULL,NULL,'2021-01-06 16:28:58','2021-01-06 16:28:58','16e50c11-82cf-42d6-a591-0c75acd22990',NULL),('f7700b75-330b-4395-b8bd-24389ddb4cff','004','Descubra la Vida','Integrar principios de acompañamiento educativo en situaciones de duelo desde la acción tutorial en el entorno escolar.\nFomentar el interés y la inquietud por seguir formándose en el ámbito de la Pedagogía de la muerte.',NULL,NULL,'2020-12-23 15:09:29','2020-12-23 15:09:29','a093120f-b0f0-4f8c-89ff-d60e1556fe00',NULL),('fb55dbf9-a9a6-4101-a5dd-aefff560ed8a','002','Session 2','Questions About the Course.\" You can also check the FAQs by clicking on the link in the top toolbar. In addition, we will send occasional email updates that highlight .How to apply your new skills to case studies and in real-life situations\nWhy creating your own Personal Leadership Plan is integral to success and weekly guidance around developing yours',NULL,NULL,'2020-12-23 11:35:01','2020-12-23 18:55:02','4458c0b3-06ee-478d-a24a-694d3b0ec5c6',NULL),('fc943fbe-a794-4378-b0e5-d55e3730e061','016','Skip What you\'ll learn Basic conversational skills',NULL,NULL,NULL,'2021-01-06 16:28:58','2021-01-06 16:28:58','16e50c11-82cf-42d6-a591-0c75acd22990',NULL),('ff1b6e0a-c988-48f6-8e15-14e851135442','025','Daily routine and work',NULL,NULL,NULL,'2021-01-06 17:12:56','2021-01-06 17:12:56',NULL,NULL),('fff012cd-2b47-4561-939d-cfd16611cadb','034','Getting there',NULL,NULL,NULL,'2021-01-07 07:16:44','2021-01-07 11:23:35','1baa0dfb-4b2a-4f5f-8f50-f073070ab511',NULL);
/*!40000 ALTER TABLE `modules` ENABLE KEYS */;
UNLOCK TABLES;

--
-- Table structure for table `notes`
--

DROP TABLE IF EXISTS `notes`;
/*!40101 SET @saved_cs_client     = @@character_set_client */;
/*!50503 SET character_set_client = utf8mb4 */;
CREATE TABLE `notes` (
  `id` char(36) CHARACTER SET utf8mb3 COLLATE utf8mb3_bin NOT NULL,
  `descriptions` text,
  `title` varchar(255) DEFAULT NULL,
  `isActive` tinyint(1) DEFAULT NULL,
  `createdAt` datetime DEFAULT NULL,
  `updatedAt` datetime DEFAULT NULL,
  `userId` char(36) CHARACTER SET utf8mb3 COLLATE utf8mb3_bin DEFAULT NULL,
  `subscriptionId` char(36) DEFAULT NULL,
  PRIMARY KEY (`id`),
  KEY `userId` (`userId`),
  KEY `notes_id_user_id` (`id`,`userId`),
  CONSTRAINT `notes_ibfk_1` FOREIGN KEY (`userId`) REFERENCES `users` (`id`) ON DELETE SET NULL ON UPDATE CASCADE
) ENGINE=InnoDB DEFAULT CHARSET=utf8mb3;
/*!40101 SET character_set_client = @saved_cs_client */;

--
-- Dumping data for table `notes`
--

LOCK TABLES `notes` WRITE;
/*!40000 ALTER TABLE `notes` DISABLE KEYS */;
INSERT INTO `notes` VALUES ('0dff0246-5238-4110-801f-0439bf679e85',NULL,'Sendaime',NULL,'2021-04-17 10:42:47','2021-04-17 10:42:47','c33cda14-38c3-4670-9643-7d71c23fb098','11c08028-2e4a-4c2a-902b-81e6e3a54b0f'),('3150bfed-73c7-498c-bf29-68a6ceec01be','Ushia','Madara',NULL,'2021-04-17 10:42:06','2021-04-17 10:42:06','c33cda14-38c3-4670-9643-7d71c23fb098','11c08028-2e4a-4c2a-902b-81e6e3a54b0f'),('48de6643-bfb9-4a2a-85da-c57019c0ddfb','Hatake','kakashi',NULL,'2021-04-17 10:41:29','2021-04-17 10:41:29','c33cda14-38c3-4670-9643-7d71c23fb098','11c08028-2e4a-4c2a-902b-81e6e3a54b0f'),('4c8eb230-ca75-475b-9dd3-58ccdfae6c0f','Praga de moscas em Luanda só terá fim em Junho.\nDe acordo com uma previsão da especialista em Entomologia, Rosa Pacavira, no Novo Jornal, as moscas, que nos últimos meses tomaram de a salto a cidade capital, poderão estar presentes no dia a dia dos citadinos até Junho.','PREVISÃO',NULL,'2021-04-17 08:37:38','2021-04-17 08:37:38','c33cda14-38c3-4670-9643-7d71c23fb098','7d47ad3e-27e9-44fe-aba4-10293726e630'),('5bab55e8-3709-4139-b021-960fcaa40540',NULL,'Youndaime',NULL,'2021-04-17 10:42:21','2021-04-17 10:42:21','c33cda14-38c3-4670-9643-7d71c23fb098','11c08028-2e4a-4c2a-902b-81e6e3a54b0f'),('5d91469e-311e-41a3-99d3-52da9a4fd54d','Sama','Tsunade',NULL,'2021-04-17 10:42:59','2021-04-17 10:42:59','c33cda14-38c3-4670-9643-7d71c23fb098','11c08028-2e4a-4c2a-902b-81e6e3a54b0f'),('6315434f-f20b-4d23-ae6b-ebf3258ee3fe',NULL,'Orochimaro',NULL,'2021-04-17 10:43:14','2021-04-17 10:43:14','c33cda14-38c3-4670-9643-7d71c23fb098','11c08028-2e4a-4c2a-902b-81e6e3a54b0f'),('70eca32f-7573-4124-b82a-0e2240d6a6db','Uchia','Sasuke',NULL,'2021-04-17 10:41:56','2021-04-17 10:41:56','c33cda14-38c3-4670-9643-7d71c23fb098','11c08028-2e4a-4c2a-902b-81e6e3a54b0f'),('7957211b-9a14-4bd3-bc02-876107818c17',NULL,'Nidaime',NULL,'2021-04-17 10:42:29','2021-04-17 10:42:29','c33cda14-38c3-4670-9643-7d71c23fb098','11c08028-2e4a-4c2a-902b-81e6e3a54b0f'),('99d7471e-605f-42b8-ba3d-c4d0723a9c05','Lorem ipsum, dolor sit amet consectetur adipisicing elit. Quod id magnam blanditiis, ut repudiandae debitis! Labore','Hoje foi Top2',NULL,'2021-07-02 17:43:41','2021-07-02 18:08:04','c33cda14-38c3-4670-9643-7d71c23fb098','1b54a215-79c8-4ad6-8c61-8b5012f3541f'),('b0f8af1e-2066-4b48-9f5c-9087b178f039','Uzumaki','Naruto',NULL,'2021-04-17 10:41:41','2021-04-17 10:41:41','c33cda14-38c3-4670-9643-7d71c23fb098','11c08028-2e4a-4c2a-902b-81e6e3a54b0f'),('ed4f34da-b6a9-40e1-a824-a57d962c7d7a',NULL,'Jiraya',NULL,'2021-04-17 10:43:08','2021-04-17 10:43:08','c33cda14-38c3-4670-9643-7d71c23fb098','11c08028-2e4a-4c2a-902b-81e6e3a54b0f');
/*!40000 ALTER TABLE `notes` ENABLE KEYS */;
UNLOCK TABLES;

--
-- Table structure for table `partial_goals`
--

DROP TABLE IF EXISTS `partial_goals`;
/*!40101 SET @saved_cs_client     = @@character_set_client */;
/*!50503 SET character_set_client = utf8mb4 */;
CREATE TABLE `partial_goals` (
  `id` char(36) CHARACTER SET utf8mb3 COLLATE utf8mb3_bin NOT NULL,
  `value` decimal(10,2) DEFAULT NULL,
  `descriptions` varchar(255) DEFAULT NULL,
  `isActive` tinyint(1) DEFAULT NULL,
  `createdAt` datetime DEFAULT NULL,
  `updatedAt` datetime DEFAULT NULL,
  `goalId` char(36) CHARACTER SET utf8mb3 COLLATE utf8mb3_bin DEFAULT NULL,
  PRIMARY KEY (`id`),
  KEY `goalId` (`goalId`),
  KEY `partial_goals_id_goal_id` (`id`,`goalId`),
  CONSTRAINT `partial_goals_ibfk_1` FOREIGN KEY (`goalId`) REFERENCES `goals` (`id`) ON DELETE SET NULL ON UPDATE CASCADE
) ENGINE=InnoDB DEFAULT CHARSET=utf8mb3;
/*!40101 SET character_set_client = @saved_cs_client */;

--
-- Dumping data for table `partial_goals`
--

LOCK TABLES `partial_goals` WRITE;
/*!40000 ALTER TABLE `partial_goals` DISABLE KEYS */;
INSERT INTO `partial_goals` VALUES ('00eab489-76b0-4056-8e6e-ed1d9feeaf4f',25.00,NULL,NULL,'2020-12-16 15:17:18','2020-12-16 15:17:18','10c28b90-dd36-4890-ab4f-0d89c2d9985f'),('22d3fa48-259f-41a4-83ef-10f950b9041e',1.00,NULL,NULL,'2020-12-16 14:11:11','2020-12-16 14:11:11','c752bc01-ae6f-4e8e-ae71-32156427d6bf'),('3a970176-3ecc-44fd-a7b4-5936fc338f90',2.00,NULL,NULL,'2020-12-16 14:11:09','2020-12-16 14:11:09','c752bc01-ae6f-4e8e-ae71-32156427d6bf'),('3ad28d0d-faa4-42f2-a380-266834a30104',25.00,NULL,NULL,'2020-12-16 15:17:18','2020-12-16 15:17:18','10c28b90-dd36-4890-ab4f-0d89c2d9985f'),('3d8f4d40-9c1e-4e70-8b51-95ac821cf78b',1.00,NULL,NULL,'2020-12-19 17:13:58','2020-12-19 17:13:58','c62ad171-161b-47d8-afa7-e1ab83debd70'),('4274293d-a4db-4b30-9ba3-97e09ba2beea',2.00,NULL,NULL,'2020-12-15 11:46:39','2020-12-15 11:46:39',NULL),('43435837-5b94-4571-94d4-6358bdfcdf76',2.00,NULL,NULL,'2020-12-15 11:48:34','2020-12-15 11:48:34',NULL),('5309d5b3-dbef-44b7-891f-d4a7a2f12b3f',2.00,NULL,NULL,'2020-12-16 14:11:11','2020-12-16 14:11:11','c752bc01-ae6f-4e8e-ae71-32156427d6bf'),('5421d3ff-9b3c-4dea-9e70-5793a2381e6c',1.00,NULL,NULL,'2020-12-19 17:13:58','2020-12-19 17:13:58','c62ad171-161b-47d8-afa7-e1ab83debd70'),('5e4c498d-55af-422d-8360-40dce6979fdf',25.00,NULL,NULL,'2020-12-16 15:17:18','2020-12-16 15:17:18','10c28b90-dd36-4890-ab4f-0d89c2d9985f'),('61d79db1-e66d-4710-be32-dae133a86fe3',2.00,NULL,NULL,'2020-12-15 11:48:34','2020-12-15 11:48:34',NULL),('6f8c1cc8-429d-4a33-8ed4-9ef25b473d0e',25.00,NULL,NULL,'2020-12-16 15:17:18','2020-12-16 15:17:18','10c28b90-dd36-4890-ab4f-0d89c2d9985f'),('7bb468cc-7180-4247-915b-d80a53c18c4e',2.00,NULL,NULL,'2020-12-15 11:49:35','2020-12-15 11:49:35','0107fce9-9224-4d72-86c2-4e0b8d69e66a'),('7dcc1f3b-f772-4f06-935c-5a332c770add',2.00,NULL,NULL,'2020-12-15 11:47:48','2020-12-15 11:47:48',NULL),('80ac5902-9d8a-4dbf-9636-a88a8179d74e',2.00,NULL,NULL,'2020-12-15 11:48:34','2020-12-15 11:48:34',NULL),('8426bd93-5895-44d9-a4bd-d7c1c6ddd6ee',2.00,NULL,NULL,'2020-12-15 11:46:39','2020-12-15 11:46:39',NULL),('84e25dc6-e40c-4c7d-9774-f022e87e95aa',1.00,NULL,NULL,'2020-12-19 17:13:58','2020-12-19 17:13:58','c62ad171-161b-47d8-afa7-e1ab83debd70'),('a2827bfb-ee84-4a8f-8ce9-a26f73740e87',1.00,NULL,NULL,'2020-12-19 17:13:58','2020-12-19 17:13:58','c62ad171-161b-47d8-afa7-e1ab83debd70'),('a5f4377d-9270-4895-8cf2-3c2bc85a1f81',2.00,NULL,NULL,'2020-12-15 11:47:48','2020-12-15 11:47:48',NULL),('a6f0d1ce-fddd-42df-8649-f74bb8abae33',2.00,NULL,NULL,'2020-12-15 11:48:34','2020-12-15 11:48:34',NULL),('a957292a-9c22-4295-b5f2-794aea0da914',2.00,NULL,NULL,'2020-12-15 11:49:35','2020-12-15 11:49:35','0107fce9-9224-4d72-86c2-4e0b8d69e66a'),('c9a53be0-9613-4739-8e81-31a467a53075',2.00,NULL,NULL,'2020-12-15 11:47:48','2020-12-15 11:47:48',NULL),('d429e55a-03f9-4e2a-a1a9-c54ac65f24fb',2.00,NULL,NULL,'2020-12-15 11:49:35','2020-12-15 11:49:35','0107fce9-9224-4d72-86c2-4e0b8d69e66a'),('d4b1981a-23a0-4c4e-9951-7a4725ad97f2',2.00,NULL,NULL,'2020-12-15 11:46:39','2020-12-15 11:46:39',NULL),('e43d72d7-1187-4fb1-bbfd-98af809abc39',2.00,NULL,NULL,'2020-12-15 11:49:35','2020-12-15 11:49:35','0107fce9-9224-4d72-86c2-4e0b8d69e66a'),('f47e9d36-0cf9-49cf-82f6-0693dfb56fee',2.00,NULL,NULL,'2020-12-15 11:46:39','2020-12-15 11:46:39',NULL),('fcf2329a-e769-410c-b5a9-e8623e0b3d56',2.00,NULL,NULL,'2020-12-15 11:47:48','2020-12-15 11:47:48',NULL),('fe3202d7-ef4e-467e-8074-1789a0a92f8c',1.00,NULL,NULL,'2020-12-16 14:11:11','2020-12-16 14:11:11','c752bc01-ae6f-4e8e-ae71-32156427d6bf');
/*!40000 ALTER TABLE `partial_goals` ENABLE KEYS */;
UNLOCK TABLES;

--
-- Table structure for table `personal_data`
--

DROP TABLE IF EXISTS `personal_data`;
/*!40101 SET @saved_cs_client     = @@character_set_client */;
/*!50503 SET character_set_client = utf8mb4 */;
CREATE TABLE `personal_data` (
  `id` char(36) CHARACTER SET utf8mb3 COLLATE utf8mb3_bin NOT NULL,
  `sex` varchar(255) DEFAULT NULL,
  `firstName` varchar(255) DEFAULT NULL,
  `lastName` varchar(255) DEFAULT NULL,
  `othersName` varchar(255) DEFAULT NULL,
  `birthDate` datetime DEFAULT NULL,
  `act_secId` varchar(255) DEFAULT NULL,
  `descriptions` varchar(255) DEFAULT NULL,
  `isActive` tinyint(1) DEFAULT NULL,
  `createdAt` datetime DEFAULT NULL,
  `updatedAt` datetime DEFAULT NULL,
  `acad_levelId` char(36) CHARACTER SET utf8mb3 COLLATE utf8mb3_bin DEFAULT NULL,
  `pro_expId` char(36) CHARACTER SET utf8mb3 COLLATE utf8mb3_bin DEFAULT NULL,
  `work_sitId` char(36) CHARACTER SET utf8mb3 COLLATE utf8mb3_bin DEFAULT NULL,
  `fullName` varchar(255) DEFAULT NULL,
  `salary` decimal(32,0) DEFAULT NULL,
  `activitySector` int DEFAULT NULL,
  PRIMARY KEY (`id`),
  KEY `acad_levelId` (`acad_levelId`),
  KEY `pro_expId` (`pro_expId`),
  KEY `work_sitId` (`work_sitId`),
  KEY `personal_data_id` (`id`),
  KEY `personal_data_id_work_sit_id` (`id`,`work_sitId`),
  KEY `personal_data_id_work_sit_id_pro_exp_id` (`id`,`work_sitId`,`pro_expId`),
  KEY `personal_data_id_work_sit_id_pro_exp_id_acad_level_id` (`id`,`work_sitId`,`pro_expId`,`acad_levelId`),
  KEY `personal_data_id_work_sit_id_pro_exp_id_acad_level_id_act_sec_id` (`id`,`work_sitId`,`pro_expId`,`acad_levelId`,`act_secId`),
  CONSTRAINT `personal_data_ibfk_1` FOREIGN KEY (`id`) REFERENCES `users` (`id`) ON DELETE CASCADE ON UPDATE CASCADE,
  CONSTRAINT `personal_data_ibfk_11` FOREIGN KEY (`acad_levelId`) REFERENCES `academic_levels` (`id`) ON DELETE SET NULL ON UPDATE CASCADE,
  CONSTRAINT `personal_data_ibfk_12` FOREIGN KEY (`pro_expId`) REFERENCES `professional_experiences` (`id`) ON DELETE SET NULL ON UPDATE CASCADE,
  CONSTRAINT `personal_data_ibfk_13` FOREIGN KEY (`work_sitId`) REFERENCES `work_situations` (`id`) ON DELETE SET NULL ON UPDATE CASCADE
) ENGINE=InnoDB DEFAULT CHARSET=utf8mb3;
/*!40101 SET character_set_client = @saved_cs_client */;

--
-- Dumping data for table `personal_data`
--

LOCK TABLES `personal_data` WRITE;
/*!40000 ALTER TABLE `personal_data` DISABLE KEYS */;
INSERT INTO `personal_data` VALUES ('01c8a942-1412-49b7-afae-0376f38802df',NULL,NULL,NULL,NULL,NULL,NULL,NULL,NULL,'2023-03-23 18:58:24','2023-03-23 18:58:24',NULL,NULL,NULL,NULL,NULL,0),('03bd42b9-4430-498b-9d3f-b8bd1b5311ff',NULL,NULL,NULL,NULL,NULL,NULL,NULL,NULL,'2023-03-23 18:33:24','2023-03-23 18:33:24',NULL,NULL,NULL,NULL,NULL,0),('229a361a-40b2-400a-ad1d-01700ca26d19',NULL,NULL,NULL,NULL,NULL,NULL,NULL,NULL,'2023-03-23 17:58:40','2023-03-23 17:58:40',NULL,NULL,NULL,NULL,NULL,0),('24dd4bbb-3d28-40a9-b307-25bc0e5f1e5f',NULL,NULL,NULL,NULL,NULL,NULL,NULL,NULL,'2023-03-23 18:01:52','2023-03-23 18:01:52',NULL,NULL,NULL,NULL,NULL,0),('3b5fe37f-a818-450e-9665-c4486fedddf1',NULL,NULL,NULL,NULL,NULL,NULL,NULL,NULL,'2023-03-23 19:01:40','2023-03-23 19:01:40',NULL,NULL,NULL,NULL,NULL,0),('44eb445f-78e9-4632-ae53-32ac0d3206a9',NULL,NULL,NULL,NULL,NULL,NULL,NULL,NULL,'2023-03-23 14:10:12','2023-03-23 14:10:12',NULL,NULL,NULL,NULL,NULL,0),('68295937-02b7-4179-9993-9ae9f82213ec',NULL,NULL,NULL,NULL,NULL,NULL,NULL,NULL,'2023-03-23 17:54:41','2023-03-23 17:54:41',NULL,NULL,NULL,NULL,NULL,0),('6eae3cf5-44a1-4206-b990-c4d506fc90b0',NULL,'Maria','Lindeza Sousa',NULL,NULL,NULL,NULL,NULL,'2020-12-18 21:38:21','2020-12-18 21:38:21',NULL,NULL,NULL,NULL,NULL,0),('a8673b62-2483-405d-ac49-c11b564d5f76','2','Nelson','Gaspar',NULL,'1999-12-24 00:00:00',NULL,NULL,NULL,'2020-12-15 09:48:30','2020-12-15 10:01:15','6f491a31-83c6-4fd7-9693-7fe6287c34d9','ddb1ce57-7cb9-4258-9a70-7b83e67bf663','29166cab-2748-42e9-9a8d-a999de5b1203',' null',123000,2),('c33cda14-38c3-4670-9643-7d71c23fb098','2','Sebastião','Lutonda','Dias','2020-12-23 00:00:00',NULL,NULL,NULL,'2020-12-13 11:44:02','2020-12-25 11:51:14','6f491a31-83c6-4fd7-9693-7fe6287c34d9','9e3f7c88-011e-44c9-9243-8dca99462bfb','29166cab-2748-42e9-9a8d-a999de5b1203','Sebastião Dias Lutonda',120000,1),('cfa25194-72a7-486f-83ae-874004d4cd34',NULL,NULL,NULL,NULL,NULL,NULL,NULL,NULL,'2023-03-23 19:00:24','2023-03-23 19:00:24',NULL,NULL,NULL,NULL,NULL,0),('d761c981-3502-49e4-a425-ef189f97e5bf','2','Monica ','Rambeau',NULL,'1996-03-29 00:00:00',NULL,NULL,NULL,'2021-03-12 16:38:41','2021-03-15 00:19:02','6f491a31-83c6-4fd7-9693-7fe6287c34d9','900a4e26-78a9-4600-a49c-f99d08591573','3fe29468-a894-4f81-9a3e-c2a187d733e6','Monica  Rambeau',300000,2),('e2046104-7b22-490c-9a17-b1882f91cefd','2','Sebastião','Lutonda','Dias ','1996-12-25 00:00:00',NULL,NULL,NULL,'2020-12-13 07:13:12','2020-12-26 17:23:00','6f491a31-83c6-4fd7-9693-7fe6287c34d9','bf8add2d-68bc-46df-a225-270586175401','29166cab-2748-42e9-9a8d-a999de5b1203','Sebastião Dias  Lutonda',2500000,1),('ee29671d-af86-4c0a-9945-53a821f1f63b',NULL,NULL,NULL,NULL,NULL,NULL,NULL,NULL,'2023-03-23 18:36:07','2023-03-23 18:36:07',NULL,NULL,NULL,NULL,NULL,0),('f706bea8-bf8d-43c8-a822-b972ddc21f70',NULL,NULL,NULL,NULL,NULL,NULL,NULL,NULL,'2023-03-23 18:00:59','2023-03-23 18:00:59',NULL,NULL,NULL,NULL,NULL,0);
/*!40000 ALTER TABLE `personal_data` ENABLE KEYS */;
UNLOCK TABLES;

--
-- Table structure for table `personal_settings`
--

DROP TABLE IF EXISTS `personal_settings`;
/*!40101 SET @saved_cs_client     = @@character_set_client */;
/*!50503 SET character_set_client = utf8mb4 */;
CREATE TABLE `personal_settings` (
  `id` char(36) CHARACTER SET utf8mb3 COLLATE utf8mb3_bin NOT NULL,
  `newsCategories` text,
  `i18n` varchar(255) DEFAULT NULL,
  `timeZones` varchar(255) DEFAULT NULL,
  `descriptions` varchar(255) DEFAULT NULL,
  `isActive` tinyint(1) DEFAULT NULL,
  `createdAt` datetime DEFAULT NULL,
  `updatedAt` datetime DEFAULT NULL,
  PRIMARY KEY (`id`),
  KEY `personal_settings_id` (`id`),
  CONSTRAINT `personal_settings_ibfk_1` FOREIGN KEY (`id`) REFERENCES `users` (`id`) ON DELETE CASCADE ON UPDATE CASCADE
) ENGINE=InnoDB DEFAULT CHARSET=utf8mb3;
/*!40101 SET character_set_client = @saved_cs_client */;

--
-- Dumping data for table `personal_settings`
--

LOCK TABLES `personal_settings` WRITE;
/*!40000 ALTER TABLE `personal_settings` DISABLE KEYS */;
INSERT INTO `personal_settings` VALUES ('01c8a942-1412-49b7-afae-0376f38802df',NULL,NULL,NULL,NULL,NULL,'2023-03-23 18:58:24','2023-03-23 18:58:24'),('03bd42b9-4430-498b-9d3f-b8bd1b5311ff',NULL,NULL,NULL,NULL,NULL,'2023-03-23 18:33:24','2023-03-23 18:33:24'),('229a361a-40b2-400a-ad1d-01700ca26d19',NULL,NULL,NULL,NULL,NULL,'2023-03-23 17:58:40','2023-03-23 17:58:40'),('24dd4bbb-3d28-40a9-b307-25bc0e5f1e5f',NULL,NULL,NULL,NULL,NULL,'2023-03-23 18:01:52','2023-03-23 18:01:52'),('3b5fe37f-a818-450e-9665-c4486fedddf1',NULL,NULL,NULL,NULL,NULL,'2023-03-23 19:01:40','2023-03-23 19:01:40'),('44eb445f-78e9-4632-ae53-32ac0d3206a9',NULL,NULL,NULL,NULL,NULL,'2023-03-23 14:10:12','2023-03-23 14:10:12'),('68295937-02b7-4179-9993-9ae9f82213ec',NULL,NULL,NULL,NULL,NULL,'2023-03-23 17:54:40','2023-03-23 17:54:40'),('6eae3cf5-44a1-4206-b990-c4d506fc90b0',NULL,NULL,NULL,NULL,NULL,'2020-12-18 21:38:21','2020-12-18 21:38:21'),('a8673b62-2483-405d-ac49-c11b564d5f76','',NULL,NULL,NULL,NULL,'2020-12-15 09:48:28','2020-12-15 10:01:15'),('c33cda14-38c3-4670-9643-7d71c23fb098','Ciência_Cultura_Arte','en','Africa/Luanda',NULL,NULL,'2020-12-13 11:44:02','2020-12-25 11:51:14'),('cfa25194-72a7-486f-83ae-874004d4cd34',NULL,NULL,NULL,NULL,NULL,'2023-03-23 19:00:24','2023-03-23 19:00:24'),('d761c981-3502-49e4-a425-ef189f97e5bf','',NULL,NULL,NULL,NULL,'2021-03-12 16:38:41','2021-03-15 00:19:03'),('e2046104-7b22-490c-9a17-b1882f91cefd','Atualidades_Computadores_Comércio','pt','Africa/Luanda',NULL,NULL,'2020-12-13 07:13:12','2020-12-26 17:23:00'),('ee29671d-af86-4c0a-9945-53a821f1f63b',NULL,NULL,NULL,NULL,NULL,'2023-03-23 18:36:07','2023-03-23 18:36:07'),('f706bea8-bf8d-43c8-a822-b972ddc21f70',NULL,NULL,NULL,NULL,NULL,'2023-03-23 18:00:59','2023-03-23 18:00:59');
/*!40000 ALTER TABLE `personal_settings` ENABLE KEYS */;
UNLOCK TABLES;

--
-- Table structure for table `professional_experience_data`
--

DROP TABLE IF EXISTS `professional_experience_data`;
/*!40101 SET @saved_cs_client     = @@character_set_client */;
/*!50503 SET character_set_client = utf8mb4 */;
CREATE TABLE `professional_experience_data` (
  `id` char(36) CHARACTER SET utf8mb3 COLLATE utf8mb3_bin NOT NULL,
  `name` varchar(255) DEFAULT NULL,
  `descriptions` varchar(255) DEFAULT NULL,
  `from` int DEFAULT NULL,
  `to` int DEFAULT NULL,
  `isActive` tinyint(1) DEFAULT NULL,
  `createdAt` datetime DEFAULT NULL,
  `updatedAt` datetime DEFAULT NULL,
  PRIMARY KEY (`id`)
) ENGINE=InnoDB DEFAULT CHARSET=utf8mb3;
/*!40101 SET character_set_client = @saved_cs_client */;

--
-- Dumping data for table `professional_experience_data`
--

LOCK TABLES `professional_experience_data` WRITE;
/*!40000 ALTER TABLE `professional_experience_data` DISABLE KEYS */;
/*!40000 ALTER TABLE `professional_experience_data` ENABLE KEYS */;
UNLOCK TABLES;

--
-- Table structure for table `professional_experiences`
--

DROP TABLE IF EXISTS `professional_experiences`;
/*!40101 SET @saved_cs_client     = @@character_set_client */;
/*!50503 SET character_set_client = utf8mb4 */;
CREATE TABLE `professional_experiences` (
  `id` char(36) CHARACTER SET utf8mb3 COLLATE utf8mb3_bin NOT NULL,
  `name` varchar(255) DEFAULT NULL,
  `descriptions` varchar(255) DEFAULT NULL,
  `from` int DEFAULT NULL,
  `to` int DEFAULT NULL,
  `isActive` tinyint(1) DEFAULT NULL,
  `createdAt` datetime DEFAULT NULL,
  `updatedAt` datetime DEFAULT NULL,
  PRIMARY KEY (`id`)
) ENGINE=InnoDB DEFAULT CHARSET=utf8mb3;
/*!40101 SET character_set_client = @saved_cs_client */;

--
-- Dumping data for table `professional_experiences`
--

LOCK TABLES `professional_experiences` WRITE;
/*!40000 ALTER TABLE `professional_experiences` DISABLE KEYS */;
INSERT INTO `professional_experiences` VALUES ('2c1c2848-e24d-41a9-ac63-1cfcf23ce308',NULL,NULL,5,8,NULL,'2020-12-09 11:02:09','2020-12-09 11:02:09'),('900a4e26-78a9-4600-a49c-f99d08591573',NULL,NULL,1,3,NULL,'2020-12-09 11:02:08','2020-12-09 11:02:08'),('9e3f7c88-011e-44c9-9243-8dca99462bfb',NULL,NULL,8,12,NULL,'2020-12-09 11:02:10','2020-12-09 11:02:10'),('ac766c80-e4da-4afe-bac2-f4eddaba570c',NULL,NULL,3,5,NULL,'2020-12-09 11:02:09','2020-12-09 11:02:09'),('bcad1750-029e-440f-bcde-1a6a462f2d47',NULL,NULL,NULL,1,NULL,'2020-12-09 11:02:07','2020-12-09 11:02:07'),('bf8add2d-68bc-46df-a225-270586175401',NULL,NULL,15,NULL,NULL,'2020-12-09 11:02:11','2020-12-09 11:02:11'),('ddb1ce57-7cb9-4258-9a70-7b83e67bf663',NULL,NULL,12,15,NULL,'2020-12-09 11:02:10','2020-12-09 11:02:10');
/*!40000 ALTER TABLE `professional_experiences` ENABLE KEYS */;
UNLOCK TABLES;

--
-- Table structure for table `quizes`
--

DROP TABLE IF EXISTS `quizes`;
/*!40101 SET @saved_cs_client     = @@character_set_client */;
/*!50503 SET character_set_client = utf8mb4 */;
CREATE TABLE `quizes` (
  `id` char(36) CHARACTER SET utf8mb3 COLLATE utf8mb3_bin NOT NULL,
  `text` varchar(255) DEFAULT NULL,
  `descriptions` varchar(255) DEFAULT NULL,
  `createdAt` datetime DEFAULT NULL,
  `updatedAt` datetime DEFAULT NULL,
  `userId` char(36) CHARACTER SET utf8mb3 COLLATE utf8mb3_bin DEFAULT NULL,
  `isActive` tinyint DEFAULT '0',
  PRIMARY KEY (`id`),
  KEY `userId` (`userId`),
  KEY `quizes_id_user_id` (`id`,`userId`),
  CONSTRAINT `quizes_ibfk_1` FOREIGN KEY (`userId`) REFERENCES `users` (`id`) ON DELETE SET NULL ON UPDATE CASCADE
) ENGINE=InnoDB DEFAULT CHARSET=utf8mb3;
/*!40101 SET character_set_client = @saved_cs_client */;

--
-- Dumping data for table `quizes`
--

LOCK TABLES `quizes` WRITE;
/*!40000 ALTER TABLE `quizes` DISABLE KEYS */;
INSERT INTO `quizes` VALUES ('0eb5ccce-c208-40ef-a9d2-a8ec6eedd86f','Qual é a capital de Angola?',NULL,'2020-12-28 15:27:55','2021-01-15 05:54:58','c33cda14-38c3-4670-9643-7d71c23fb098',1),('1b030b06-1f60-4aec-b46f-234be9fa120a','4x4?',NULL,'2020-12-29 20:27:10','2021-01-16 05:22:51','c33cda14-38c3-4670-9643-7d71c23fb098',1),('26185343-b217-4fd4-b95e-6c7a3d8672e0','2+2?',NULL,'2020-12-29 22:18:27','2020-12-29 22:20:09','c33cda14-38c3-4670-9643-7d71c23fb098',0),('3c0e6c62-5843-4b3c-bac7-1dcdc05e3941','Qual é ultima letra do Alfabeto',NULL,'2021-01-04 18:25:46','2021-01-04 18:25:46','c33cda14-38c3-4670-9643-7d71c23fb098',0),('551b5aee-bfba-4201-a5fd-5d43be029a78','Qual é a certa',NULL,'2020-12-28 15:34:33','2020-12-30 20:58:02','c33cda14-38c3-4670-9643-7d71c23fb098',0),('e32f2156-4dd4-47f6-b2f9-e3ba75149c7b','Angola é um pais grande e Belo?',NULL,'2020-12-29 20:21:03','2021-01-16 05:23:11','c33cda14-38c3-4670-9643-7d71c23fb098',1);
/*!40000 ALTER TABLE `quizes` ENABLE KEYS */;
UNLOCK TABLES;

--
-- Table structure for table `roles`
--

DROP TABLE IF EXISTS `roles`;
/*!40101 SET @saved_cs_client     = @@character_set_client */;
/*!50503 SET character_set_client = utf8mb4 */;
CREATE TABLE `roles` (
  `id` varchar(255) NOT NULL,
  `descriptions` varchar(255) DEFAULT NULL,
  `isActive` tinyint(1) DEFAULT NULL,
  `createdAt` datetime DEFAULT NULL,
  `updatedAt` datetime DEFAULT NULL,
  PRIMARY KEY (`id`)
) ENGINE=InnoDB DEFAULT CHARSET=utf8mb3;
/*!40101 SET character_set_client = @saved_cs_client */;

--
-- Dumping data for table `roles`
--

LOCK TABLES `roles` WRITE;
/*!40000 ALTER TABLE `roles` DISABLE KEYS */;
INSERT INTO `roles` VALUES ('ADMIN',NULL,NULL,'2020-10-29 10:25:28','2020-10-29 10:25:28'),('ANONYMOUS',NULL,NULL,'2020-10-29 10:25:04','2020-10-29 10:25:04'),('FREE',NULL,NULL,'2020-10-29 10:25:10','2020-10-29 10:25:10'),('PREMIUM',NULL,NULL,'2020-10-29 10:24:56','2020-10-29 10:24:56'),('SUPERADMIN',NULL,NULL,'2020-10-29 10:25:31','2020-10-29 10:25:31');
/*!40000 ALTER TABLE `roles` ENABLE KEYS */;
UNLOCK TABLES;

--
-- Table structure for table `service_plans`
--

DROP TABLE IF EXISTS `service_plans`;
/*!40101 SET @saved_cs_client     = @@character_set_client */;
/*!50503 SET character_set_client = utf8mb4 */;
CREATE TABLE `service_plans` (
  `id` char(36) CHARACTER SET utf8mb3 COLLATE utf8mb3_bin NOT NULL,
  `name` varchar(255) DEFAULT NULL,
  `value` varchar(255) DEFAULT NULL,
  `type` int DEFAULT NULL,
  `descriptions` varchar(255) DEFAULT NULL,
  `showIt` tinyint(1) DEFAULT NULL,
  `isActive` tinyint(1) DEFAULT NULL,
  `createdAt` datetime DEFAULT NULL,
  `updatedAt` datetime DEFAULT NULL,
  `planId` char(36) CHARACTER SET utf8mb3 COLLATE utf8mb3_bin DEFAULT NULL,
  PRIMARY KEY (`id`),
  UNIQUE KEY `name` (`name`),
  KEY `planId` (`planId`),
  CONSTRAINT `service_plans_ibfk_1` FOREIGN KEY (`planId`) REFERENCES `subscription_plans` (`id`) ON DELETE SET NULL ON UPDATE CASCADE
) ENGINE=InnoDB DEFAULT CHARSET=utf8mb3;
/*!40101 SET character_set_client = @saved_cs_client */;

--
-- Dumping data for table `service_plans`
--

LOCK TABLES `service_plans` WRITE;
/*!40000 ALTER TABLE `service_plans` DISABLE KEYS */;
/*!40000 ALTER TABLE `service_plans` ENABLE KEYS */;
UNLOCK TABLES;

--
-- Table structure for table `shared_data_rooms`
--

DROP TABLE IF EXISTS `shared_data_rooms`;
/*!40101 SET @saved_cs_client     = @@character_set_client */;
/*!50503 SET character_set_client = utf8mb4 */;
CREATE TABLE `shared_data_rooms` (
  `createdAt` datetime NOT NULL,
  `updatedAt` datetime NOT NULL,
  `dataRoomId` char(36) CHARACTER SET utf8mb3 COLLATE utf8mb3_bin NOT NULL,
  `userId` char(36) CHARACTER SET utf8mb3 COLLATE utf8mb3_bin NOT NULL,
  PRIMARY KEY (`dataRoomId`,`userId`),
  KEY `userId` (`userId`),
  CONSTRAINT `shared_data_rooms_ibfk_1` FOREIGN KEY (`dataRoomId`) REFERENCES `data_rooms` (`id`) ON DELETE CASCADE ON UPDATE CASCADE,
  CONSTRAINT `shared_data_rooms_ibfk_2` FOREIGN KEY (`userId`) REFERENCES `users` (`id`) ON DELETE CASCADE ON UPDATE CASCADE
) ENGINE=InnoDB DEFAULT CHARSET=utf8mb3;
/*!40101 SET character_set_client = @saved_cs_client */;

--
-- Dumping data for table `shared_data_rooms`
--

LOCK TABLES `shared_data_rooms` WRITE;
/*!40000 ALTER TABLE `shared_data_rooms` DISABLE KEYS */;
/*!40000 ALTER TABLE `shared_data_rooms` ENABLE KEYS */;
UNLOCK TABLES;

--
-- Table structure for table `subscription_plans`
--

DROP TABLE IF EXISTS `subscription_plans`;
/*!40101 SET @saved_cs_client     = @@character_set_client */;
/*!50503 SET character_set_client = utf8mb4 */;
CREATE TABLE `subscription_plans` (
  `id` char(36) CHARACTER SET utf8mb3 COLLATE utf8mb3_bin NOT NULL,
  `name` varchar(255) DEFAULT NULL,
  `price` decimal(10,0) DEFAULT NULL,
  `descriptions` varchar(255) DEFAULT NULL,
  `isActive` tinyint(1) DEFAULT NULL,
  `createdAt` datetime DEFAULT NULL,
  `updatedAt` datetime DEFAULT NULL,
  PRIMARY KEY (`id`),
  UNIQUE KEY `name` (`name`)
) ENGINE=InnoDB DEFAULT CHARSET=utf8mb3;
/*!40101 SET character_set_client = @saved_cs_client */;

--
-- Dumping data for table `subscription_plans`
--

LOCK TABLES `subscription_plans` WRITE;
/*!40000 ALTER TABLE `subscription_plans` DISABLE KEYS */;
/*!40000 ALTER TABLE `subscription_plans` ENABLE KEYS */;
UNLOCK TABLES;

--
-- Table structure for table `task_answers`
--

DROP TABLE IF EXISTS `task_answers`;
/*!40101 SET @saved_cs_client     = @@character_set_client */;
/*!50503 SET character_set_client = utf8mb4 */;
CREATE TABLE `task_answers` (
  `id` char(36) CHARACTER SET utf8mb3 COLLATE utf8mb3_bin NOT NULL,
  `text` varchar(255) DEFAULT NULL,
  `correct` tinyint(1) DEFAULT NULL,
  `createdAt` datetime DEFAULT NULL,
  `updatedAt` datetime DEFAULT NULL,
  `taskId` char(36) CHARACTER SET utf8mb3 COLLATE utf8mb3_bin DEFAULT NULL,
  `enrollmentId` char(36) DEFAULT NULL,
  PRIMARY KEY (`id`),
  KEY `taskId` (`taskId`),
  KEY `task_answers_id_task_id_enrollment_id` (`id`,`taskId`,`enrollmentId`),
  KEY `task_answers_id_task_id` (`id`,`taskId`),
  CONSTRAINT `task_answers_ibfk_1` FOREIGN KEY (`taskId`) REFERENCES `activity_tasks` (`id`) ON DELETE SET NULL ON UPDATE CASCADE
) ENGINE=InnoDB DEFAULT CHARSET=utf8mb3;
/*!40101 SET character_set_client = @saved_cs_client */;

--
-- Dumping data for table `task_answers`
--

LOCK TABLES `task_answers` WRITE;
/*!40000 ALTER TABLE `task_answers` DISABLE KEYS */;
INSERT INTO `task_answers` VALUES ('00561be2-c614-420d-9d77-69118587567d','Excelente',NULL,'2021-01-07 06:48:29','2021-01-07 06:48:29','022bdc4f-e499-4f57-b7f3-312d7d92d9b8',NULL),('00a6a592-a097-4eb5-bcc4-25b9da64b521','Q',1,'2021-01-16 05:54:52','2021-01-16 05:54:52','5be7cba3-32f0-4b26-8447-a2e35a670c5e',NULL),('017bd7a2-4e09-4c89-bec1-7164489a8aff','Excelente',NULL,'2021-01-07 06:48:27','2021-01-07 06:48:27','9e0d4ee6-fdae-42f2-b88e-b9bc87c550f8',NULL),('0248254d-76b7-44a7-bebf-d07ff5980dd5','Sim',NULL,'2021-02-09 20:35:01','2021-02-09 20:35:01','f971e0f2-23e5-4824-bd7b-e3e3a0d711c3',NULL),('0282235f-8c0d-4ae7-ba08-3ec304def21d','Não',NULL,'2021-01-15 15:06:55','2021-01-15 15:06:55','4636b559-5966-467a-82f5-1be281f0641c',NULL),('03a493a0-05a1-4f4f-8b05-591f2f161f9a','Excelente',NULL,'2021-01-06 17:13:17','2021-01-06 17:13:17','e93800cb-8fe7-4a99-9d48-696db81f0bc2',NULL),('04b9e620-04cd-46e1-b97a-164780483e61','2',1,'2021-02-10 10:36:37','2021-02-10 10:36:37','e278234b-f5e0-48b1-a146-5c5b25986e3c',NULL),('04c82c1e-7432-4fad-acae-200f0c9c2cea','Bom',NULL,'2021-01-06 17:07:27','2021-01-06 17:07:27',NULL,NULL),('04ec5bed-d143-44b7-b019-4e7517d82b99','Bom',NULL,'2021-01-06 17:13:14','2021-01-06 17:13:14','23257a1f-4770-4ab7-b6eb-1cf9723308b8',NULL),('052704ce-80dc-4c5c-9c56-dff47a6f7504','8',0,'2020-12-31 09:45:14','2021-01-09 00:07:32','8c2f500d-9c08-4b8a-9ef7-cc623175be3e',NULL),('058c68de-b7ff-450c-85bf-c16f7671d692','Q',1,'2021-01-16 05:59:44','2021-01-16 06:20:18',NULL,NULL),('066ff8cf-1fba-464a-9483-9f5d52c735f5','1',0,'2021-02-10 10:35:35','2021-02-10 10:35:35','59e37e9b-aec1-4270-a119-a4341f53ee38',NULL),('07913c08-2e7c-4b20-bb9f-8eaa3cc80cab','A',0,'2021-01-16 05:59:29','2021-01-16 06:20:18',NULL,NULL),('08319989-3c00-4618-8aa9-aaf297c2ccd6','C',1,'2021-01-15 16:26:24','2021-01-15 16:26:24',NULL,NULL),('08d0f674-eea0-4a3b-8cba-18f567e42c6c','Excelente',NULL,'2021-01-06 16:28:58','2021-01-06 16:28:58',NULL,NULL),('08f1138e-46d1-4edb-bcf7-9ece5caa0a85','8',1,'2020-12-31 09:45:14','2021-01-09 00:07:32','82ac33c2-658b-412f-9fda-59fd06a8fd0c',NULL),('093adea2-3bfa-4bfd-b5ba-ddb69df81537','Mau',NULL,'2021-01-07 06:58:17','2021-01-07 06:58:17','f4b5e16d-7a3d-4a83-b268-d8ba6684e04c',NULL),('0978c2cc-e7bd-44af-b18f-c0ce853f4367','1',1,'2021-02-12 18:28:02','2021-02-12 18:28:02','bf53cd3a-3eb4-4f08-a4ed-6e822eb9d840',NULL),('0a07a85d-68db-4c10-b6af-605def555616','C',1,'2021-01-15 16:20:50','2021-01-15 16:20:50',NULL,NULL),('0acbdabd-1591-443a-b08c-f06dda9b034d','Q',1,'2021-01-16 05:59:22','2021-01-16 06:24:39','5422a955-6780-4ad7-9fd3-9d8e9a0d3295',NULL),('0b712ad2-9930-4881-9072-c5332ee7dd7c','A',0,'2021-01-16 05:59:29','2021-01-16 06:24:15',NULL,NULL),('0bae50fb-a368-4212-ad97-59422af34035','Q',1,'2021-01-16 05:52:55','2021-01-16 05:52:55','8bf64f56-38cb-42e4-a8f8-c706a94028d4',NULL),('0c9c7ab1-bc4e-49a8-b487-b4189ff601af','Bom',NULL,'2021-01-07 06:46:34','2021-01-07 06:46:34','4532f036-f0f5-4ee6-87b4-a292d97ace03',NULL),('0daa647e-5890-40c5-9662-c5ea1c39daa3','2',1,'2021-02-10 10:35:41','2021-02-10 10:35:41','3bf755c3-491a-4eae-a4c2-9971521de91d',NULL),('0defd396-943b-4c36-bda8-2887d5c96dda','A',0,'2021-01-16 05:59:22','2021-01-16 06:21:14',NULL,NULL),('0e5a4f26-221d-4744-8f77-7181ae82477b','Excelente',NULL,'2021-01-06 17:07:27','2021-01-06 17:07:27',NULL,NULL),('0fe64c35-8a79-4cf0-83e2-552d8a33c712','Não',NULL,'2021-04-10 11:37:20','2021-04-10 11:37:20','2a5d250d-0963-4722-9db6-cd972b6beae9',NULL),('10d730b5-15ee-411f-874e-840d4e69a919','Excelente',NULL,'2021-01-07 06:59:27','2021-01-07 06:59:27','ab0ee28f-d8d2-44f6-92bb-12f3e5ca8e1c',NULL),('113d2b5e-e004-441c-b2c3-ed9df7179469','2',0,'2021-02-12 18:28:02','2021-02-12 18:28:02','2fe0cf30-4e00-49fb-90b4-6a2410a95427',NULL),('1174756e-f068-420c-9a3f-b39a58e6b87c','Mau',NULL,'2021-01-07 06:48:29','2021-01-07 06:48:29','022bdc4f-e499-4f57-b7f3-312d7d92d9b8',NULL),('1177a4cc-75e1-4446-becb-060f6a202f2e','0',0,'2020-12-31 09:45:14','2021-01-09 00:07:32','8c2f500d-9c08-4b8a-9ef7-cc623175be3e',NULL),('11ae06fd-3dff-46d6-9583-f27966784fd7','Péssimo',NULL,'2021-01-07 06:58:19','2021-01-07 06:58:19','48a2760f-4f42-41f2-83f4-ba551f65913f',NULL),('13180298-a824-4521-b810-871bc23ea58a','A',0,'2021-01-16 05:59:29','2021-01-16 06:21:14',NULL,NULL),('1359ba79-1b15-483c-83b9-b16e9f78abd1','Péssimo',NULL,'2021-01-06 16:28:58','2021-01-06 16:28:58',NULL,NULL),('14a81c89-3b94-406a-b38e-2bbd6a76a461','Péssimo',NULL,'2021-01-06 17:13:14','2021-01-06 17:13:14','23257a1f-4770-4ab7-b6eb-1cf9723308b8',NULL),('15a5a939-f56d-4c8e-92af-f3fb37133051','Avengers',0,'2020-12-31 12:22:21','2021-01-09 11:16:51','ad2d3eaf-f335-4860-a274-9aec3ef18d1e',NULL),('15bb7f85-3bc1-4c78-a166-55de769f63c4','1',1,'2021-02-10 10:36:37','2021-02-10 10:36:37','afbf975e-32a7-4228-9f83-ad310f2c0ed0',NULL),('16a02546-a9c2-487e-81a0-b36a4cf435f0','0',0,'2021-02-10 10:37:44','2021-02-10 10:37:44','4528d2f2-577a-4369-8a06-8d8e24d68e4d',NULL),('182dfa0a-b182-4400-8e46-ee28ad040e3a','Não',NULL,'2021-01-15 14:56:13','2021-01-15 14:56:13','0ad70334-a760-44f6-bd8a-9488665a16ef',NULL),('1858229a-a11a-477b-b98d-fa6600feccdb','Péssimo',NULL,'2021-01-06 17:07:27','2021-01-06 17:07:27',NULL,NULL),('18fbc69b-88ef-4c78-ba52-522093ff9e19','Sim',NULL,'2021-02-12 18:21:06','2021-02-12 18:21:06','7a94dfb6-0a9c-4e85-be11-6b51f7c04719',NULL),('19994c33-c1f1-4992-a016-42b9dc40ff9d','2',0,'2021-02-12 18:28:02','2021-02-12 18:28:02','37766bc3-6f22-4abb-9cca-6953ca61bbed',NULL),('1b6330ed-5e7b-474d-80b3-ab6f131fbd8a','Péssimo',NULL,'2021-01-07 06:59:25','2021-01-07 06:59:25','13782157-4d82-4ad7-8a8e-bebfc76dd376',NULL),('1bee4690-5696-4329-8911-63bf78edef53','Péssimo',NULL,'2021-01-07 06:58:17','2021-01-07 06:58:17','f4b5e16d-7a3d-4a83-b268-d8ba6684e04c',NULL),('1dccd9a4-1e62-4324-b200-eec20699248a','2',0,'2021-02-12 18:28:02','2021-02-12 18:28:02','bf53cd3a-3eb4-4f08-a4ed-6e822eb9d840',NULL),('1ec20ae7-ab28-41c0-9c54-51c7ce43c6a5','',0,'2021-01-15 15:46:41','2021-01-15 15:46:41',NULL,NULL),('1f57ed4e-ac3d-46a1-a532-d81c559aa6f1','Q',1,'2021-01-16 05:54:51','2021-01-16 05:54:51','afb91e24-6884-41e2-b2f3-fbf2a7513bfc',NULL),('1f7f0a13-c385-4d9f-afb4-bb44a6817a75','Excelente',NULL,'2021-01-06 17:07:27','2021-01-06 17:07:27',NULL,NULL),('1fd83051-4cd2-4395-a07e-f60de4e33eb3','Excelente',NULL,'2021-01-07 06:48:28','2021-01-07 06:48:28','ece029ca-e52a-42b9-aa4b-66ae4909f7a8',NULL),('20a4c397-08c0-49ed-ae81-afb2c475c716','Bom',NULL,'2021-01-06 17:13:14','2021-01-06 17:13:14','5858f87f-7269-4c70-9686-814f2a38417f',NULL),('20abc3c2-e909-4864-b90a-998edb528af6','1',1,'2021-02-10 10:35:02','2021-02-10 10:35:02','d3d8b0a6-c7ac-407e-8bdf-f305463116ae',NULL),('20ad931d-790c-4cfc-b9bd-6f8be816de0d','A',0,'2021-01-16 05:59:22','2021-01-16 06:24:39','11be4289-20c3-49f4-9272-b5ae0e6e6bdb',NULL),('20bf168b-7bb9-4d51-9910-accc56eb5429','que el entorno de la escuela y de',NULL,'2021-01-16 05:53:59','2021-01-16 05:53:59',NULL,NULL),('233286ed-a752-474d-8009-d122aea0f355','Péssimo',NULL,'2021-01-07 07:18:15','2021-01-07 07:18:15','4677511f-ef38-48bf-9fdb-ab79496805a4',NULL),('23757864-5734-468f-939f-2119fa77664f','4',0,'2021-02-10 10:35:02','2021-02-10 10:35:02','082b39e0-b709-428d-80ff-c0b832820f2b',NULL),('24c83c5c-1d56-4e3e-b954-9a02c1c2c28d','1',1,'2020-12-31 09:25:05','2021-01-09 11:17:23','1da84d81-7ff1-4063-8a82-cb363b01398a',NULL),('24f1ecf5-5b86-405d-a53b-c2c91da5d2a0','0',1,'2021-02-12 18:28:02','2021-02-12 18:28:02','39ad024e-c5f2-4b6b-a18d-3531119b7c1e',NULL),('25254a42-e522-4eca-9094-1b1e57ffb635','Bom',NULL,'2021-01-07 07:18:15','2021-01-07 07:18:15','4677511f-ef38-48bf-9fdb-ab79496805a4',NULL),('26a309dc-a9f0-4770-ae97-69613151f620','2',1,'2021-01-04 17:22:26','2021-01-09 12:17:22','936e2b87-dbc7-40a8-9643-fb64092b258b',NULL),('27269a3e-7507-4b4a-b9ac-1792e15fe090','Não',NULL,'2021-02-09 20:30:01','2021-02-09 20:30:01','630e81fb-a31d-4612-9825-674e1960481d',NULL),('2883619c-ee20-407a-bafc-085a0af4935d','Não',NULL,'2021-01-15 14:56:13','2021-01-15 14:56:13','b712814c-d4fd-4f40-b3cb-3e68119d6df3',NULL),('29867614-728e-46ac-8adf-5fcde8753e23','Qué',0,'2021-01-07 15:48:17','2021-01-07 15:48:17',NULL,NULL),('2986b201-6468-4692-96b2-f6416a741d08','Q',1,'2021-01-16 05:59:44','2021-01-16 06:21:14',NULL,NULL),('2a17e5ee-4a19-418d-8b61-b1f83bbf285c','Q',1,'2021-01-16 05:59:44','2021-01-16 06:24:06',NULL,NULL),('2a6072be-f609-4e9e-ab86-77d11a21f91a','1',1,'2021-02-12 18:28:02','2021-02-12 18:28:02','cc186780-401a-4766-97d4-d35170671dd4',NULL),('2b815b38-caa4-4e8d-b500-9b5c23b2636c','Sin',NULL,'2021-01-15 15:06:55','2021-01-15 15:06:55','14d1dde6-e59c-4842-8b83-b452881d32cb',NULL),('2be6400a-2c99-4228-842a-08a962e2df21','Q',1,'2021-01-16 05:59:44','2021-01-16 06:24:39','85f86202-d03e-42e8-a337-bd2a4bdcc67a',NULL),('2c9a8103-1514-41ae-9be3-6b7ad12abd9b','Excelente',NULL,'2021-01-07 07:18:13','2021-01-07 07:18:13','176b9b03-582a-4736-8590-caa5fbaa71bd',NULL),('2d421a71-0e57-44c1-9742-b9b9c8d9eda3','3',0,'2021-02-10 10:39:46','2021-02-12 16:51:21','82887850-d101-4d2d-a2c3-845504dbe1dd',NULL),('2e7c9810-a932-486d-b307-00346223bf37','Q',1,'2021-01-16 05:59:22','2021-01-16 06:24:15',NULL,NULL),('2eece0b0-30e5-46b4-95d9-cd081f526d8e','Péssimo',NULL,'2021-01-07 06:59:24','2021-01-07 06:59:24','0ab310e4-40ce-466c-bb57-0694d55a3f61',NULL),('2fd079d0-7f31-40cf-9c7c-ae3347d48297','Péssimo',NULL,'2021-01-07 06:59:26','2021-01-07 06:59:26','ab0ee28f-d8d2-44f6-92bb-12f3e5ca8e1c',NULL),('2fed6f65-6332-43f1-a452-20c5f70ec1e4','Excelente',NULL,'2021-01-06 17:13:14','2021-01-06 17:13:14','23257a1f-4770-4ab7-b6eb-1cf9723308b8',NULL),('304b8ff7-6d24-4a01-8977-7de47e7b57de','Ciencia básicadel cambio climático',NULL,'2021-01-15 16:12:11','2021-01-15 16:12:11',NULL,NULL),('3096d114-eb46-4014-8a99-b000930fe91f','1',1,'2021-02-12 18:28:02','2021-02-12 18:28:02','2fe0cf30-4e00-49fb-90b4-6a2410a95427',NULL),('3319fe45-4442-4794-8ee1-c04d36b19ed5','Não',NULL,'2021-04-10 11:37:19','2021-04-10 11:37:19','da5d7226-631c-4c3e-829d-d958479dcdf4',NULL),('33fa5596-99f3-4088-b985-219de81eff9f','Péssimo',NULL,'2021-04-10 11:37:20','2021-04-10 11:37:20','24815037-1884-454f-bd3d-65669cbda83b',NULL),('3520fb38-b7f6-4382-9c5b-b1c2d46df246','que el entorno de la escuela y de',NULL,'2021-01-16 05:59:44','2021-01-16 05:59:44',NULL,NULL),('354d3932-e71b-4641-ace5-6445c5ab38bc','8',0,'2020-12-31 09:25:05','2021-01-09 11:17:23','c504d9f4-1813-4591-b629-22cd0354513f',NULL),('35defb45-3b4b-4884-ac57-a25dd73d24c8','Mau',NULL,'2021-01-07 06:58:18','2021-01-07 06:58:18','e7357c1e-a671-4ff2-be1f-a9d07625b628',NULL),('3618d94a-ad96-4588-9257-7d74f2ec1431','Péssimo',NULL,'2021-02-09 20:30:01','2021-02-09 20:30:01','630e81fb-a31d-4612-9825-674e1960481d',NULL),('37590c06-ea5e-429c-b7b8-d621c2c64fcf','Ciencia básicadel cambio climático',NULL,'2021-01-15 16:16:58','2021-01-15 16:16:58',NULL,NULL),('37971929-f5f1-49f9-aeda-4522d0467dff','Todas as Opções',1,'2020-12-31 12:22:21','2021-01-09 11:16:51','36186522-9b31-4ecf-828d-4e71316fa96e',NULL),('37d60eb4-aed0-4657-8125-ee5c2efc1e66','Mau',NULL,'2021-01-07 07:18:13','2021-01-07 07:18:13','e5813ac2-e817-46cc-af66-b99cb2574ecd',NULL),('389d8cc0-f23f-4566-b480-90d0151e44d0','2',0,'2021-02-12 18:28:02','2021-02-12 18:28:02','39ad024e-c5f2-4b6b-a18d-3531119b7c1e',NULL),('399ea775-6c12-48f1-a47b-210c2df5c7f6','Mau',NULL,'2021-01-06 17:13:14','2021-01-06 17:13:14','5858f87f-7269-4c70-9686-814f2a38417f',NULL),('39b0a63f-bd9e-4720-867b-3b2f77409e79','C',1,'2021-01-15 16:04:46','2021-01-15 16:04:46',NULL,NULL),('3a1f9fdd-9ba9-42be-a697-43f7296ac1ad','2',0,'2021-02-10 10:35:35','2021-02-10 10:35:35','1111bb0d-749d-449d-af43-9502c4a799d0',NULL),('3b7e42aa-7153-4922-8183-4c8d7f991099','A',0,'2021-01-16 05:59:22','2021-01-16 06:20:18',NULL,NULL),('3be74acb-a612-4093-be87-9dc079e58bee','Não',NULL,'2021-01-15 14:40:48','2021-01-15 14:40:48','3b0c9ccd-9250-45e5-8f28-9523109f0b72',NULL),('3d057e67-e409-4c55-a360-9980efc92ca2','1',0,'2021-02-10 10:41:35','2021-02-12 16:51:21','b36de53c-a177-4a06-b9dc-f62f6a378318',NULL),('40202849-a8de-4e7f-8df1-b0f98c147979','2',1,'2021-01-15 16:03:20','2021-01-15 16:03:20',NULL,NULL),('4035ee09-7861-4a85-9231-fc85f68f2150','A',0,'2021-01-15 16:20:50','2021-01-15 16:20:50',NULL,NULL),('4052cc46-217a-42cc-b7e4-72d0818925f2','Excelente',NULL,'2021-01-07 06:58:17','2021-01-07 06:58:17','f4b5e16d-7a3d-4a83-b268-d8ba6684e04c',NULL),('40d5532c-3a92-4231-bfc1-a8e6b0bceefe','Não',NULL,'2021-02-09 20:35:01','2021-02-09 20:35:01','1d6a8f17-4237-42ed-84cf-3da42d249dc1',NULL),('41095ec7-905c-4dc3-853c-92e04fefe204','Péssimo',NULL,'2021-01-15 14:56:13','2021-01-15 14:56:13','0ad70334-a760-44f6-bd8a-9488665a16ef',NULL),('411917f2-27b0-4886-b095-82b11445824f','3',0,'2021-02-10 10:39:46','2021-02-12 16:51:22','da697c7f-cdec-4609-95b3-ba85814ee637',NULL),('41705072-303f-427f-aef6-5761c98a6076','Péssimo',NULL,'2021-01-07 06:48:29','2021-01-07 06:48:29','022bdc4f-e499-4f57-b7f3-312d7d92d9b8',NULL),('41886385-f876-4aa3-96c0-4c657a0bad5c','Não',NULL,'2021-02-09 20:35:01','2021-02-09 20:35:01','eb5b63fd-f6b9-4f5f-a13a-1e93b3958749',NULL),('41ad1a2c-f4e3-468c-a805-dcbba4986a2a','Mau',NULL,'2021-01-07 06:59:27','2021-01-07 06:59:27','ab0ee28f-d8d2-44f6-92bb-12f3e5ca8e1c',NULL),('4223cac0-1155-4a3e-a636-caa6b4c824c0','Sin',NULL,'2021-01-15 15:06:55','2021-01-15 15:06:55','80831262-61f2-4e43-b284-3ee00736f055',NULL),('42730f2e-1351-4b95-85b6-1cb97567fb11','D',0,'2021-01-16 05:52:55','2021-01-16 05:52:55','8bf64f56-38cb-42e4-a8f8-c706a94028d4',NULL),('427a7172-1791-41f4-8da2-fd61334f6424','',0,'2021-01-15 15:36:13','2021-01-15 15:36:13',NULL,NULL),('42885ffa-45d4-4ef7-8aa2-3c83ff4e30c2','Sin',NULL,'2021-01-15 14:56:13','2021-01-15 14:56:13','4c79843b-ba32-4c8b-b421-3f66bc492e3c',NULL),('44291481-4f48-42d3-8ae2-6e2b4b26fd3c','Mau',NULL,'2021-01-07 06:59:25','2021-01-07 06:59:25','13782157-4d82-4ad7-8a8e-bebfc76dd376',NULL),('44b3c33c-ff74-4d5d-95cb-e21ee67db209','C',1,'2021-01-15 15:46:41','2021-01-15 15:46:41',NULL,NULL),('464939f8-1d5d-45ef-8a3e-6a9cc921c34f','Excelente',NULL,'2021-01-06 17:13:16','2021-01-06 17:13:16','e0a552c1-8ea9-432a-aa12-9b0f58959f53',NULL),('46b218ec-1b85-488c-bb9c-e81b214da23f','Q',1,'2021-01-16 05:59:22','2021-01-16 06:24:39','11be4289-20c3-49f4-9272-b5ae0e6e6bdb',NULL),('46ee05e1-899c-4940-9f24-744cbe3a4dbf','Sin',NULL,'2021-02-09 20:30:01','2021-02-09 20:30:01','eadf748f-593b-4d34-93c4-fd77d15ef325',NULL),('48105478-9fa9-49af-b1f7-bec3a2bede5b','C',1,'2021-01-15 16:16:49','2021-01-15 16:16:49',NULL,NULL),('491c9886-46f9-4174-b2db-546bc3f1953b','',1,'2021-01-15 15:46:41','2021-01-15 15:46:41',NULL,NULL),('4984c9f1-2a3a-417c-916a-7344bba29c64','Sin',NULL,'2021-01-15 14:56:13','2021-01-15 14:56:13','2da4d2be-bb37-42c0-afd8-a8f5da52b4b5',NULL),('4b11657f-f227-4b76-897e-34f08289cd5e','Mau',NULL,'2021-01-06 17:13:16','2021-01-06 17:13:16','e0a552c1-8ea9-432a-aa12-9b0f58959f53',NULL),('4c70985d-d6a2-4745-94ae-280a6dd3cb80','0',0,'2020-12-31 09:45:14','2021-01-09 00:07:32','82ac33c2-658b-412f-9fda-59fd06a8fd0c',NULL),('4de6fd8d-c42a-449c-809f-db423b1f6ff8','2',1,'2021-02-06 19:16:30','2021-02-06 19:18:13','353a9f69-c78a-4397-9484-f7b0a1813c1e',NULL),('4e214445-c3ba-4f98-a204-db081b94ee33','3',0,'2021-02-10 10:41:35','2021-02-10 10:42:59','a9578748-234f-47f1-bdb5-0e1a4b0c5ca2',NULL),('4e22d598-2aee-4af3-8e1d-8f49d7850cbe','Péssimo',NULL,'2021-01-15 15:06:55','2021-01-15 15:06:55','80831262-61f2-4e43-b284-3ee00736f055',NULL),('4fcaedce-55bd-4c75-ab66-a135613ff65f','7',0,'2021-01-04 17:23:51','2021-01-04 17:23:51',NULL,NULL),('509befe4-807d-4682-8729-a3eced09ed37','2',1,'2021-02-10 10:35:41','2021-02-10 10:35:41','b071850b-78b0-4d12-ab5a-d9fa839b5d41',NULL),('51646ac2-3deb-4596-b597-eb656ec0af15','2',1,'2021-02-10 10:41:35','2021-02-12 16:51:22','1d568667-97fa-4821-9fcb-fa4d02832182',NULL),('51b86318-cc0e-48a0-bc24-9570e6bd50bd','Mau',NULL,'2021-01-07 06:59:26','2021-01-07 06:59:26','d1175540-a415-4f89-96aa-661e78c789cc',NULL),('51f2d590-8f9d-45a6-8db6-4ed6f1d6c461','Péssimo',NULL,'2021-02-09 20:30:01','2021-02-09 20:30:01','eadf748f-593b-4d34-93c4-fd77d15ef325',NULL),('51f5e498-0b82-48f5-9a47-70ad71183444','Péssimo',NULL,'2021-01-07 06:46:36','2021-01-07 06:46:36','623307e7-75ae-4f7a-821e-26f32ab947af',NULL),('5264ab19-0e18-4f17-87d3-a2383f5cff4a','Sin',NULL,'2021-01-15 15:06:55','2021-01-15 15:06:55','dbc267b8-5697-4041-9086-2731ef2a8740',NULL),('531281ad-0687-4656-afeb-0c7e550a9777','2',0,'2021-02-12 18:28:02','2021-02-12 18:28:02','6bd9647c-6a1b-4a23-a24d-2db8494f44f4',NULL),('5352232a-579f-443b-8810-08019a837d9d','1',1,'2021-02-10 10:39:46','2021-02-12 16:51:22','da697c7f-cdec-4609-95b3-ba85814ee637',NULL),('5598e055-7b7d-45ff-9b4c-80116f7163ee','',0,'2021-01-15 15:46:41','2021-01-15 15:46:41',NULL,NULL),('5603a713-7cc0-4f9a-92b7-1dc642f2c646','C',1,'2021-01-15 15:34:59','2021-01-15 15:34:59',NULL,NULL),('5689d881-d911-468f-8135-6e6b22b395f3','Mau',NULL,'2021-01-07 06:46:34','2021-01-07 06:46:34','4532f036-f0f5-4ee6-87b4-a292d97ace03',NULL),('56cf21c8-83f7-4f37-85de-93fd5fcc0973','tu',0,'2021-01-07 15:48:17','2021-01-07 15:48:17',NULL,NULL),('593c49e7-8ef8-44e3-9ca7-eb2f6194dd04','Não',NULL,'2021-01-08 16:46:24','2021-01-08 16:46:24','bb378227-7632-4882-b5c6-6211512d585a',NULL),('595c5cd4-2a02-4746-b1b4-f2ed47c48a11','1',0,'2021-02-10 10:35:41','2021-02-10 10:35:41','3bf755c3-491a-4eae-a4c2-9971521de91d',NULL),('5a1367f8-ab9c-430d-ae22-59afe156f9d4','3',0,'2021-02-10 10:41:35','2021-02-12 16:51:22','1d568667-97fa-4821-9fcb-fa4d02832182',NULL),('5a358278-5621-4ee9-9422-43f630ae1157','Não',NULL,'2021-01-08 16:46:24','2021-01-08 16:46:24','71ffa17e-f74c-42f9-b686-dbddf1a2ceff',NULL),('5a84e7db-c6b1-4d9b-97b2-009b1df29a5b','Não',NULL,'2021-01-08 16:46:24','2021-01-08 16:46:24','af6553c9-8b2b-424c-ace6-d8578955d37b',NULL),('5c85c735-f0ad-478e-849c-83468ca5d306','1',0,'2021-02-10 10:35:35','2021-02-10 10:35:35','604125ae-ad6c-4a8b-8762-cc4dba3de121',NULL),('5d118281-915a-4d69-ac61-2cfb29c73d03','Não',NULL,'2021-02-09 20:30:01','2021-02-09 20:30:01','9dd3c01b-68b0-4b18-b5fe-5fca38675222',NULL),('5d368b41-4e93-46d7-8a94-023875ad0c12','2',1,'2021-02-10 10:35:02','2021-02-10 10:35:02','b27282ed-2611-4aff-add6-4c7aa66ec75b',NULL),('5f5d594c-637f-43d0-838b-5159bc7fd33e','Netflix',0,'2020-12-31 09:25:05','2021-01-09 11:17:23','592a87d2-be23-4b61-99c3-9bebacaf2a5b',NULL),('5f7152b9-0ed3-48fb-b280-d933a8db61ae','1',0,'2021-02-10 10:39:46','2021-02-12 16:51:22','26207a79-6f37-4982-978c-c132ed628c34',NULL),('60a0b376-eeaf-4c35-b5dd-24db7adc68da','a empezar',0,'2021-01-07 15:48:17','2021-01-07 15:48:17',NULL,NULL),('61a180d2-c4f6-4e5d-83c3-10f2253cece6','Q',1,'2021-01-16 05:52:39','2021-01-16 05:52:39','0554d245-34a2-4401-bca1-092540ef4484',NULL),('62653adb-77ae-4736-a3a5-ea3395f4baad','Bom',NULL,'2021-01-07 06:58:19','2021-01-07 06:58:19','4c3323a5-c511-4d67-9518-7e4b951fde88',NULL),('64aaf270-dfdc-42ac-b601-3aaea394226c','Mau',NULL,'2021-01-06 17:07:27','2021-01-06 17:07:27',NULL,NULL),('650856c6-e15c-448c-b977-b04b21cebf8a','Sin',NULL,'2021-01-15 14:40:48','2021-01-15 14:40:48','7110fd85-4cc2-48f1-8ace-d76a66c96a98',NULL),('654018bd-de21-416b-a4f4-566c7a123d97','2',1,'2021-02-10 10:37:44','2021-02-10 10:37:44','8d9ecc48-31ee-4326-95a1-120e99b61b66',NULL),('659113a8-29aa-48f1-b63e-7611df82abe3','Péssimo',NULL,'2021-02-09 20:30:01','2021-02-09 20:30:01','9dd3c01b-68b0-4b18-b5fe-5fca38675222',NULL),('66827882-2a54-4d4d-953f-f8004dc97d85','Mau',NULL,'2021-01-07 06:58:19','2021-01-07 06:58:19','4c3323a5-c511-4d67-9518-7e4b951fde88',NULL),('66c3c5c3-9ff3-424f-8128-7266e77191a2','C',1,'2021-01-15 15:46:00','2021-01-15 15:46:00',NULL,NULL),('66ff7f7f-e847-46af-b3e3-492b6c218c34','Bom',NULL,'2021-01-07 06:46:36','2021-01-07 06:46:36','623307e7-75ae-4f7a-821e-26f32ab947af',NULL),('692e5707-7349-474a-81b7-ebff3bb6b289','2',1,'2021-02-10 10:35:35','2021-02-10 10:35:35','59e37e9b-aec1-4270-a119-a4341f53ee38',NULL),('69a8b609-635c-47e3-bfa1-ce743c7d2e87','A',0,'2021-01-16 05:43:15','2021-01-16 05:43:15',NULL,NULL),('69ec1be0-ba8f-469a-aa06-02418831e3d0','Mau',NULL,'2021-01-07 06:46:36','2021-01-07 06:46:36','623307e7-75ae-4f7a-821e-26f32ab947af',NULL),('6b87cc99-d10e-4949-a082-2d3ab09402c4','1',0,'2021-02-06 19:16:30','2021-02-06 19:18:13','353a9f69-c78a-4397-9484-f7b0a1813c1e',NULL),('6bbbe46a-c3cf-40b7-8e5f-1862103947a4','Não',NULL,'2021-01-15 14:40:48','2021-01-15 14:40:48','7110fd85-4cc2-48f1-8ace-d76a66c96a98',NULL),('6d712b8f-5a4f-4c1f-9e8a-b64f6b160a68','Péssimo',NULL,'2021-01-06 16:28:58','2021-01-06 16:28:58',NULL,NULL),('6d80745c-b615-4154-864b-3368e59a538d','Não',NULL,'2021-02-12 18:21:06','2021-02-12 18:21:06','7a94dfb6-0a9c-4e85-be11-6b51f7c04719',NULL),('6e445813-a89c-4d21-a51f-9a51f894671e','Péssimo',NULL,'2021-02-12 18:21:06','2021-02-12 18:21:06','a13e2f6c-0f78-4990-9bd8-c6ca0a0af967',NULL),('6fd4a586-86de-4fd9-afc1-8317c63f7ac8','22',0,'2020-12-31 09:25:05','2021-01-09 11:17:23','c504d9f4-1813-4591-b629-22cd0354513f',NULL),('70264a39-d229-4d68-a136-20c238610c30','Não',NULL,'2021-01-15 15:06:55','2021-01-15 15:06:55','80831262-61f2-4e43-b284-3ee00736f055',NULL),('705b982b-fb44-4df7-a326-94e161bf9654','Mañana voy ',1,'2021-01-07 15:48:17','2021-01-07 15:48:17',NULL,NULL),('70651922-47f5-4923-b584-1172bc04e3b6','0',1,'2020-12-31 09:45:14','2021-01-09 00:07:32','d64d621a-5b12-4202-b912-15887e8a47db',NULL),('70c17318-a483-4154-9c45-367828e11b49','1',0,'2021-02-10 10:37:44','2021-02-10 10:37:44','ee9e11e2-4e83-4a45-9c31-e86caaa412ef',NULL),('70c75ddb-36fc-4bf0-99bd-413d6d76d777','Excelente',NULL,'2021-01-07 06:46:36','2021-01-07 06:46:36','623307e7-75ae-4f7a-821e-26f32ab947af',NULL),('70d78297-8fa3-4a65-bcff-c8a788c80fcd','',1,'2021-01-15 15:36:13','2021-01-15 15:36:13',NULL,NULL),('71601883-11b3-41cc-9612-a4e120655f5a','2',1,'2021-02-10 10:39:46','2021-02-12 16:51:21','82887850-d101-4d2d-a2c3-845504dbe1dd',NULL),('71e9b3a9-8a08-4a64-ab49-3cb79ce8a13c','Péssimo',NULL,'2021-02-09 20:35:01','2021-02-09 20:35:01','c3fefb4c-a1f4-4d38-81b4-4642ae92fdbe',NULL),('7282e2f2-34c5-4b8e-a509-2cd4eb213917','Excelente',NULL,'2021-01-07 06:58:18','2021-01-07 06:58:18','e7357c1e-a671-4ff2-be1f-a9d07625b628',NULL),('7335591e-ee76-4ec4-8e10-d6170e4ada38','Q',1,'2021-01-16 05:54:09','2021-01-16 05:54:09','053dd250-7a9d-410b-92ad-66bfb21a1beb',NULL),('738b0b6c-eda8-420c-ba5c-c121e3f81a05','Excelente',NULL,'2021-01-06 16:28:58','2021-01-06 16:28:58',NULL,NULL),('73e23aff-403a-4505-a9e9-65ed410ffa9b','Q',1,'2021-01-16 05:59:22','2021-01-16 06:21:52',NULL,NULL),('74a2eaab-1883-4a53-89a8-2fa81b82833d','Péssimo',NULL,'2021-01-08 16:46:24','2021-01-08 16:46:24','af6553c9-8b2b-424c-ace6-d8578955d37b',NULL),('75130921-78c0-4ac8-b68a-40832c893f77',' a estudiar ',0,'2021-01-07 15:48:17','2021-01-07 15:48:17',NULL,NULL),('75cb33e9-73a9-4213-b7cf-4940778d1b5e','Péssimo',NULL,'2021-04-10 11:37:19','2021-04-10 11:37:19','b4729250-7303-494c-b6e5-4d73d41535c0',NULL),('75f9192d-7402-4ca4-a2b3-b5953d81b835','Excelente',NULL,'2021-01-06 16:28:58','2021-01-06 16:28:58',NULL,NULL),('760f2958-70dd-408f-9a56-e17cae11f39c','A',0,'2021-01-15 15:36:13','2021-01-15 15:36:13',NULL,NULL),('76a11ac9-7674-4904-b787-33ffe618f7c7','2',1,'2021-02-10 10:35:35','2021-02-10 10:35:35','d0a6b6c8-ecec-494f-bdd3-4211093f92c6',NULL),('771ac8f1-fd1e-4efd-bf8b-c32e6cdbefbe','Bom',NULL,'2021-01-07 06:59:25','2021-01-07 06:59:25','13782157-4d82-4ad7-8a8e-bebfc76dd376',NULL),('78089be3-3cda-48df-82cd-9601eb372be9','Bom',NULL,'2021-01-07 06:59:24','2021-01-07 06:59:24','0ab310e4-40ce-466c-bb57-0694d55a3f61',NULL),('791c5a91-50f4-480f-994d-a63fb78161a9','Bom',NULL,'2021-01-06 17:13:16','2021-01-06 17:13:16','e0a552c1-8ea9-432a-aa12-9b0f58959f53',NULL),('7a12ff38-ac41-4e96-95a5-ac280f908d59','6',1,'2020-12-31 09:25:05','2021-01-09 11:17:23','c504d9f4-1813-4591-b629-22cd0354513f',NULL),('7a2fbc43-5a54-4db4-8901-03737c3852b6','Q',1,'2021-01-16 05:59:22','2021-01-16 06:21:14',NULL,NULL),('7a681944-9c9c-4375-be08-044b18a86530','8',0,'2020-12-31 09:45:14','2021-01-09 00:07:32','d64d621a-5b12-4202-b912-15887e8a47db',NULL),('7b3e153e-9404-41e1-804c-f1948ad962ab','Bom',NULL,'2021-01-06 16:28:58','2021-01-06 16:28:58',NULL,NULL),('7b8bace0-16f3-4d40-9cb5-9f5a5d56bb27','Amigos',0,'2020-12-31 12:22:21','2021-01-09 11:16:51','36186522-9b31-4ecf-828d-4e71316fa96e',NULL),('7baa4488-384f-414c-af51-e99636c4ec99','0',0,'2021-02-10 10:35:02','2021-02-10 10:35:02','e9ba9868-ed2f-4746-bc29-4e9de26d6ad8',NULL),('7bfbed18-8279-41a6-a4a9-644140a1f80b','Péssimo',NULL,'2021-01-07 06:46:35','2021-01-07 06:46:35','259835af-a03d-4c8c-882e-7d23f0d89b17',NULL),('7cda5f2e-4b2e-435c-9f59-c6b19e5b190f','Excelente',NULL,'2021-01-07 06:59:25','2021-01-07 06:59:25','13782157-4d82-4ad7-8a8e-bebfc76dd376',NULL),('7d0f2bf3-b4bf-460c-8fd1-d16201e7edb7','1',0,'2021-02-12 18:28:02','2021-02-12 18:28:02','6bd9647c-6a1b-4a23-a24d-2db8494f44f4',NULL),('7d96933a-8339-4f52-b494-3bbf12a72d82','Mau',NULL,'2021-01-07 06:46:33','2021-01-07 06:46:33','045a0362-31dc-4450-bcc0-e2b7fd51ca50',NULL),('7e52a1b1-0ee7-4083-8833-7d2aa1d18849','Bom',NULL,'2021-01-07 06:58:18','2021-01-07 06:58:18','e7357c1e-a671-4ff2-be1f-a9d07625b628',NULL),('7e9b5d0e-9bae-4074-ae65-30ee8355180c','1',0,'2021-02-10 10:35:02','2021-02-10 10:35:02','e9ba9868-ed2f-4746-bc29-4e9de26d6ad8',NULL),('7f01c0e3-0d55-41b2-a206-615ae9e40f0f','Péssimo',NULL,'2021-01-06 17:13:17','2021-01-06 17:13:17','e93800cb-8fe7-4a99-9d48-696db81f0bc2',NULL),('7fb13d35-9e48-4458-aca0-f16cdb3bab98','Q',1,'2021-01-16 05:59:22','2021-01-16 06:20:18',NULL,NULL),('8096a537-f032-479f-bb2d-09d350fa58ac','C',1,'2021-01-15 16:12:03','2021-01-15 16:12:03',NULL,NULL),('80fe70c1-2ecf-4851-a24f-be7143aa08ea','Bom',NULL,'2021-01-06 16:28:58','2021-01-06 16:28:58',NULL,NULL),('811bcc7e-e7c9-4c8c-a839-e5ae8e05ef0e','C',1,'2021-01-15 15:36:13','2021-01-15 15:36:13',NULL,NULL),('81281b7e-944e-4bf4-a084-fba50a4539f1','A',0,'2021-01-16 05:52:39','2021-01-16 05:52:39','0554d245-34a2-4401-bca1-092540ef4484',NULL),('816d94d4-c889-4df0-a10a-d2f0b833e494','Sim',NULL,'2021-02-12 18:21:06','2021-02-12 18:21:06','76aa4ed9-2cc2-4eb0-8d80-c37975b5d1c1',NULL),('82262190-aa84-480a-a86f-e41969b5eee5','Sim',NULL,'2021-04-10 11:37:20','2021-04-10 11:37:20','24815037-1884-454f-bd3d-65669cbda83b',NULL),('82f768d7-bbd9-4a7b-91e7-828099a3ebb0','Sin',NULL,'2021-01-15 15:06:55','2021-01-15 15:06:55','4636b559-5966-467a-82f5-1be281f0641c',NULL),('83c61e4a-08b2-4a93-8beb-903186524828','Excelente',NULL,'2021-01-07 06:46:35','2021-01-07 06:46:35','259835af-a03d-4c8c-882e-7d23f0d89b17',NULL),('85b97364-c46d-4900-b646-b210791fb763','Péssimo',NULL,'2021-02-09 20:35:01','2021-02-09 20:35:01','1d6a8f17-4237-42ed-84cf-3da42d249dc1',NULL),('862c9dbe-8d38-4ca8-a15e-90d9fea70553','2',1,'2021-02-10 10:41:35','2021-02-12 16:51:21','b36de53c-a177-4a06-b9dc-f62f6a378318',NULL),('86aaa4f6-ee7c-41f5-970b-24822a6c6617','Péssimo',NULL,'2021-01-15 14:56:13','2021-01-15 14:56:13','2da4d2be-bb37-42c0-afd8-a8f5da52b4b5',NULL),('86d5e75a-0b32-469f-8ee2-d4eb0242b4f2','Péssimo',NULL,'2021-01-08 16:46:24','2021-01-08 16:46:24','bb378227-7632-4882-b5c6-6211512d585a',NULL),('889ea7d9-59f8-47d0-81f9-8fb096ed22c2','0',1,'2021-02-12 18:28:02','2021-02-12 18:28:02','6bd9647c-6a1b-4a23-a24d-2db8494f44f4',NULL),('88abf764-e205-4cb9-86ff-962fd2ba870f','2',0,'2021-02-10 10:36:37','2021-02-10 10:36:37','afbf975e-32a7-4228-9f83-ad310f2c0ed0',NULL),('891cc3c6-d226-4d55-829a-6c62c46192b8','A',0,'2021-01-15 15:34:59','2021-01-15 15:34:59',NULL,NULL),('898d0825-635e-4943-a7ef-eebb1cab8336','Não',NULL,'2021-02-09 20:30:01','2021-02-09 20:30:01','ec44d0a0-75a3-424b-ac41-ec99892190ba',NULL),('89c8ad4e-f0c9-4558-9fb2-a746f0e6eeb0','Mau',NULL,'2021-01-07 06:48:28','2021-01-07 06:48:28','ece029ca-e52a-42b9-aa4b-66ae4909f7a8',NULL),('89e0bb58-3784-49f3-bfb1-6ad45abc8ea1','Péssimo',NULL,'2021-01-08 16:46:24','2021-01-08 16:46:24','71ffa17e-f74c-42f9-b686-dbddf1a2ceff',NULL),('89f21e27-4a7e-4aeb-a75e-247787333d3e','Todas opções acima',1,'2021-01-04 17:23:51','2021-01-04 17:23:51',NULL,NULL),('8b0496c7-fa75-49d0-be40-925ff06062d7','Sim',NULL,'2021-04-10 11:37:19','2021-04-10 11:37:19','da5d7226-631c-4c3e-829d-d958479dcdf4',NULL),('8be01cb3-6b2a-4ccb-a5ef-f3582791ea50','16',0,'2020-12-31 09:45:14','2021-01-09 00:07:32','82ac33c2-658b-412f-9fda-59fd06a8fd0c',NULL),('8bfdca14-cea1-47f5-a4b5-04d0d46688ff','4',0,'2021-02-10 10:35:35','2021-02-10 10:35:35','d0a6b6c8-ecec-494f-bdd3-4211093f92c6',NULL),('8cbeb3be-c551-4546-9f6f-478ebcfb8bc3','Mau',NULL,'2021-01-07 06:48:30','2021-01-07 06:48:30','539b6454-da10-4c4a-b71a-246e31fff068',NULL),('8cec3573-2eb3-44d0-9f1f-d22fb3bddea1','2',1,'2021-01-15 16:06:36','2021-01-15 16:06:36',NULL,NULL),('8d08b123-c36b-4a6b-b7ce-ee3836223e71','Sim',NULL,'2021-02-12 18:21:06','2021-02-12 18:21:06','a888a5d4-4c19-4a4d-92af-76d44c83f13a',NULL),('8d8930c5-7552-47a9-8fcf-4e4139f0128e','Bom',NULL,'2021-01-07 06:48:29','2021-01-07 06:48:29','022bdc4f-e499-4f57-b7f3-312d7d92d9b8',NULL),('8e50f6a4-2beb-430e-a795-e76192d36ede','Sin',NULL,'2021-01-15 14:56:13','2021-01-15 14:56:13','b712814c-d4fd-4f40-b3cb-3e68119d6df3',NULL),('8f409067-a217-42fb-a7e5-3887f80b3df1','Mau',NULL,'2021-01-06 16:28:58','2021-01-06 16:28:58',NULL,NULL),('8fcb0855-255f-4434-8f9c-eaa6217be587','Mau',NULL,'2021-01-06 16:28:58','2021-01-06 16:28:58',NULL,NULL),('903d5ebe-5b5f-4b3f-9e44-4410fdcc67b5','1',0,'2021-02-10 10:39:46','2021-02-12 16:51:22','20f27c02-24de-4e49-97d4-329e04ed3841',NULL),('90deee31-544c-4018-afe5-85f3c8374f66','2',1,'2021-01-15 16:09:44','2021-01-15 16:09:44',NULL,NULL),('90f8b369-5a12-4570-b535-d178fbae2aa5','Q',1,'2021-01-16 05:59:44','2021-01-16 06:24:15',NULL,NULL),('921a94e8-7aec-46f7-b08d-7111c3b0a13d','Sin',NULL,'2021-01-15 14:40:48','2021-01-15 14:40:48','3b0c9ccd-9250-45e5-8f28-9523109f0b72',NULL),('92a0afed-3f8d-407b-9f28-0bdf9b1154b3','2',0,'2021-02-10 10:39:46','2021-02-12 16:51:22','26207a79-6f37-4982-978c-c132ed628c34',NULL),('93d75597-d1c4-42a2-b8e7-c8addbb22c3a','C',1,'2021-01-15 16:06:36','2021-01-15 16:06:36',NULL,NULL),('9404079c-c993-44b7-a9ea-ca082512dd69','Bom',NULL,'2021-01-07 06:58:19','2021-01-07 06:58:19','48a2760f-4f42-41f2-83f4-ba551f65913f',NULL),('9440a51d-0035-4089-bc58-b47315c47626','1',1,'2021-02-10 10:41:35','2021-02-10 10:42:59','a9578748-234f-47f1-bdb5-0e1a4b0c5ca2',NULL),('9573ff52-962d-47ff-b519-502462389a80','Péssimo',NULL,'2021-01-15 14:40:48','2021-01-15 14:40:48','559c2470-e9d4-471a-a588-7cd3754a29f5',NULL),('962e0e7a-6565-487f-9067-377c00bc6191','Péssimo',NULL,'2021-01-07 06:48:30','2021-01-07 06:48:30','539b6454-da10-4c4a-b71a-246e31fff068',NULL),('972c4150-a4c1-4b0f-8863-66597bfbc177','Mau',NULL,'2021-01-06 16:28:58','2021-01-06 16:28:58',NULL,NULL),('9757507b-cb53-42b8-819e-93523163d547','C',1,'2021-01-15 16:09:44','2021-01-15 16:09:44',NULL,NULL),('977bfd57-3880-4010-893d-37db95b28d4c','3',0,'2021-02-10 10:39:46','2021-02-12 16:51:22','20f27c02-24de-4e49-97d4-329e04ed3841',NULL),('97a1b1c2-d8c6-49d9-8bac-38a5166cf52c','Bom',NULL,'2021-01-06 17:13:17','2021-01-06 17:13:17','e93800cb-8fe7-4a99-9d48-696db81f0bc2',NULL),('97e82a11-501d-47e7-ab5a-f913d4f87578','Péssimo',NULL,'2021-01-07 07:18:13','2021-01-07 07:18:13','176b9b03-582a-4736-8590-caa5fbaa71bd',NULL),('986d129c-a392-4e7a-bac6-40aba64533bf','Bom',NULL,'2021-01-07 06:58:17','2021-01-07 06:58:17','f4b5e16d-7a3d-4a83-b268-d8ba6684e04c',NULL),('98eb268c-a8be-4003-b391-ce0bbd6b91fe','Péssimo',NULL,'2021-01-15 14:40:48','2021-01-15 14:40:48','2f5864bc-bc66-4cbd-a117-4aa0828bf2ff',NULL),('99d64a96-ac27-43c0-945f-8778ee2d5943','Péssimo',NULL,'2021-01-06 17:13:14','2021-01-06 17:13:14','5858f87f-7269-4c70-9686-814f2a38417f',NULL),('9a09ab5a-6bb0-4f80-989a-0b73e5981010','Péssimo',NULL,'2021-01-15 15:06:55','2021-01-15 15:06:55','dbc267b8-5697-4041-9086-2731ef2a8740',NULL),('9a7d83d6-c651-4841-99f5-1f4a0e0b6d50','A',0,'2021-01-15 15:46:41','2021-01-15 15:46:41',NULL,NULL),('9af1a888-d435-41ba-8f34-bea770af6afa','Sim',NULL,'2021-04-10 11:37:20','2021-04-10 11:37:20','2a5d250d-0963-4722-9db6-cd972b6beae9',NULL),('9b34538b-b869-425a-8627-c9ccd8651320','Disney+',1,'2020-12-31 09:25:05','2021-01-09 11:17:23','592a87d2-be23-4b61-99c3-9bebacaf2a5b',NULL),('9ba01b41-ce2e-43b2-8530-aa4fb019d130','que el entorno de la escuela y de',NULL,'2021-01-16 05:54:51','2021-01-16 05:54:51',NULL,NULL),('9be12f87-f695-4dd3-a023-b96ec26941c5','',0,'2021-01-15 15:46:00','2021-01-15 15:46:00',NULL,NULL),('9d13e3fd-ed71-4cdc-9b35-3a6b01aa3037','2',1,'2021-02-10 10:35:02','2021-02-10 10:35:02','082b39e0-b709-428d-80ff-c0b832820f2b',NULL),('9d67db19-900b-4cbe-9cec-e4edcffd191a','',0,'2021-01-15 15:46:00','2021-01-15 15:46:00',NULL,NULL),('9dd26730-86ec-4032-a0fa-c7efc6080f81','Péssimo',NULL,'2021-01-07 06:48:28','2021-01-07 06:48:28','ece029ca-e52a-42b9-aa4b-66ae4909f7a8',NULL),('9e4f1cad-10b9-4a68-a018-7384af24c59b','Bom',NULL,'2021-01-07 06:46:33','2021-01-07 06:46:33','045a0362-31dc-4450-bcc0-e2b7fd51ca50',NULL),('9e9bd8af-37a2-42e7-9907-4990f25da4ce','Sim',NULL,'2021-02-09 20:35:01','2021-02-09 20:35:01','eb5b63fd-f6b9-4f5f-a13a-1e93b3958749',NULL),('a007eace-5873-40e6-84b3-896ad0d4407e','0',0,'2021-02-10 10:35:35','2021-02-10 10:35:35','604125ae-ad6c-4a8b-8762-cc4dba3de121',NULL),('a053047a-7312-43b3-8c77-7982fd79aa55','Bom',NULL,'2021-01-06 16:28:58','2021-01-06 16:28:58',NULL,NULL),('a16cc1d0-3557-41ee-982a-6b79063c1e0c','Mau',NULL,'2021-01-06 17:13:17','2021-01-06 17:13:17','e93800cb-8fe7-4a99-9d48-696db81f0bc2',NULL),('a1e21af4-b0ed-4613-9720-9f8bdee31533','Sim',NULL,'2021-02-09 20:35:01','2021-02-09 20:35:01','c3fefb4c-a1f4-4d38-81b4-4642ae92fdbe',NULL),('a1ffd817-2dd3-41dd-a665-baa3cc9f94a0','Não',NULL,'2021-01-15 14:56:13','2021-01-15 14:56:13','4c79843b-ba32-4c8b-b421-3f66bc492e3c',NULL),('a2726e0c-e3c4-421a-8cc6-60dea5dce52f','Excelente',NULL,'2021-01-07 06:59:26','2021-01-07 06:59:26','d1175540-a415-4f89-96aa-661e78c789cc',NULL),('a2de8cb6-3cd5-4162-b662-0b2939be8a24','1',0,'2021-02-10 10:41:35','2021-02-12 16:51:22','1d568667-97fa-4821-9fcb-fa4d02832182',NULL),('a343d5e4-dd93-4455-bd1f-46f02df92c89','Péssimo',NULL,'2021-01-15 14:40:48','2021-01-15 14:40:48','3b0c9ccd-9250-45e5-8f28-9523109f0b72',NULL),('a3b2e85f-8dfd-4e04-8276-2fb790480ce8','2',1,'2021-01-15 16:04:46','2021-01-15 16:04:46',NULL,NULL),('a4993d5d-2356-409a-bd8a-12634f187395','Péssimo',NULL,'2021-01-06 17:07:27','2021-01-06 17:07:27',NULL,NULL),('a49e2e69-de8e-4a13-8e2a-21d051716914','5',0,'2021-01-04 17:23:51','2021-01-04 17:23:51',NULL,NULL),('a4eae314-aab1-4c1a-9e43-a2c4c9bc3903','Queen Jet',0,'2020-12-31 12:22:21','2021-01-09 11:16:51','b8cff1c0-a7fd-48d5-a466-c3a11c88b807',NULL),('a4fbbd17-e8c8-48ad-9f49-5a2c369514fd','Bom',NULL,'2021-01-07 06:48:28','2021-01-07 06:48:28','ece029ca-e52a-42b9-aa4b-66ae4909f7a8',NULL),('a5098b83-6e80-4739-8183-7caca278869e','Péssimo',NULL,'2021-02-09 20:35:01','2021-02-09 20:35:01','f971e0f2-23e5-4824-bd7b-e3e3a0d711c3',NULL),('a5b256f5-81c0-4f74-90ca-a0b818e3283a','Q',1,'2021-01-16 05:59:44','2021-01-16 06:24:39','a0af1ad9-07dd-4963-ab7e-c89cae862c25',NULL),('a63d4f82-e1ab-4dce-b0e1-ed29e5e1c415','Péssimo',NULL,'2021-02-12 18:21:06','2021-02-12 18:21:06','76aa4ed9-2cc2-4eb0-8d80-c37975b5d1c1',NULL),('a6545ca3-2865-43d3-8554-3b13cd0bd4eb','Q',1,'2021-01-16 05:59:44','2021-01-16 06:21:52',NULL,NULL),('a65538f8-7811-4cf7-985e-9da2a12c46ab','Não',NULL,'2021-02-12 18:21:06','2021-02-12 18:21:06','76aa4ed9-2cc2-4eb0-8d80-c37975b5d1c1',NULL),('a691ab9e-f890-44b6-9d17-738e9f59b2a3','A',0,'2021-01-16 05:59:29','2021-01-16 06:21:52',NULL,NULL),('a6cfd348-103b-462e-a45e-6d1821da6596','Não',NULL,'2021-02-12 18:21:06','2021-02-12 18:21:06','a888a5d4-4c19-4a4d-92af-76d44c83f13a',NULL),('a736b2c9-efcb-43c4-8240-a346177a7e6a','4',0,'2021-02-10 10:36:37','2021-02-10 10:36:37','e278234b-f5e0-48b1-a146-5c5b25986e3c',NULL),('a7c63d43-d670-4b88-88f5-096380e98ff3','3',1,'2021-02-10 10:41:35','2021-02-12 16:51:22','835fb300-1aa9-4b74-b84f-46930a05964a',NULL),('a7d15fda-7c6a-40e7-a116-83124d690f6b','3',1,'2021-01-04 17:22:26','2021-01-09 12:17:22','54369b3c-2191-40e0-82af-33db4e5f1f33',NULL),('a8fc53ff-cfb9-4819-9789-c7ce146f3973','Péssimo',NULL,'2021-02-09 20:35:01','2021-02-09 20:35:01','eb5b63fd-f6b9-4f5f-a13a-1e93b3958749',NULL),('a93fabfe-ff7c-4334-bc8e-057b8ca60c5f','2',0,'2021-02-06 19:18:13','2021-02-06 19:18:13','5fc2bc5b-011a-4cc0-80cd-5c9ac5369325',NULL),('aaaaaffa-3fb2-4e6d-b809-1651fa58bd51','Q',1,'2021-01-16 05:59:22','2021-01-16 06:24:06',NULL,NULL),('ab0d1a42-c136-436f-8176-918394d438d0','Não',NULL,'2021-02-09 20:35:01','2021-02-09 20:35:01','f971e0f2-23e5-4824-bd7b-e3e3a0d711c3',NULL),('ab7c0602-e5ad-405d-95c9-357aa46da5fb','Sin',NULL,'2021-01-15 14:40:48','2021-01-15 14:40:48','559c2470-e9d4-471a-a588-7cd3754a29f5',NULL),('ac8d6d10-ea08-438d-9a10-151a945264de','Sin',NULL,'2021-01-08 16:46:24','2021-01-08 16:46:24','af6553c9-8b2b-424c-ace6-d8578955d37b',NULL),('acbc8aa1-0d9c-4230-b1d1-566b9f69bcdd','',0,'2021-01-15 15:36:13','2021-01-15 15:36:13',NULL,NULL),('acccce44-7498-4f86-94d2-35c8e79b7a47','Mau',NULL,'2021-01-07 06:48:27','2021-01-07 06:48:27','9e0d4ee6-fdae-42f2-b88e-b9bc87c550f8',NULL),('acfcd7ef-2040-4c96-99b7-55c8ec6fa379','Não',NULL,'2021-01-15 15:06:55','2021-01-15 15:06:55','14d1dde6-e59c-4842-8b83-b452881d32cb',NULL),('ad6bbd1b-3ca3-4156-885d-7c97500d1304','Mau',NULL,'2021-01-07 07:18:13','2021-01-07 07:18:13','176b9b03-582a-4736-8590-caa5fbaa71bd',NULL),('ad87396d-15e1-4eec-988a-cda7ab90de8d','Péssimo',NULL,'2021-01-15 15:06:55','2021-01-15 15:06:55','4636b559-5966-467a-82f5-1be281f0641c',NULL),('aec5fd43-48dd-480f-b6a3-b7be9876d967','C',1,'2021-01-15 15:35:16','2021-01-15 15:35:16',NULL,NULL),('afab5b16-e423-4bf2-b38c-ce064a20812d','Péssimo',NULL,'2021-01-07 06:58:19','2021-01-07 06:58:19','4c3323a5-c511-4d67-9518-7e4b951fde88',NULL),('afaccfa3-3f53-4b70-91df-89919ca2a326','A',0,'2021-01-16 05:59:29','2021-01-16 06:24:06',NULL,NULL),('afdae74f-2c3e-4c2e-aeb4-18956b46727b','Mau',NULL,'2021-01-07 06:59:24','2021-01-07 06:59:24','0ab310e4-40ce-466c-bb57-0694d55a3f61',NULL),('b02df791-a514-4e21-9043-5abc41cc0a4e','A',0,'2021-01-15 16:16:49','2021-01-15 16:16:49',NULL,NULL),('b046ea7f-176e-4aca-a054-f5be6766ecfd','Ciencia básicadel cambio climático',NULL,'2021-01-15 16:26:33','2021-01-15 16:26:33',NULL,NULL),('b0abd73f-b3f7-4d55-abbd-49e338a38222','',1,'2021-01-15 15:36:13','2021-01-15 15:36:13',NULL,NULL),('b0fa3a89-0be9-459a-985f-0dfabc606d20','C',1,'2021-01-15 15:47:29','2021-01-15 15:47:29',NULL,NULL),('b240544b-67d3-4450-b86b-9923d5a40015','1',1,'2021-02-10 10:37:44','2021-02-10 10:37:44','9255b9b0-f8af-4ae6-8f2c-8cd41e64d8ae',NULL),('b2a8e1b0-f942-4531-81ce-869bef4783d7','Péssimo',NULL,'2021-01-06 17:13:16','2021-01-06 17:13:16','e0a552c1-8ea9-432a-aa12-9b0f58959f53',NULL),('b3decc1b-2115-4018-a901-fe62ce914cba','2',1,'2021-02-10 10:35:35','2021-02-10 10:35:35','604125ae-ad6c-4a8b-8762-cc4dba3de121',NULL),('b4048af8-14b8-4d84-bf43-cc5e401c32b5','2',1,'2021-02-10 10:37:44','2021-02-10 10:37:44','4528d2f2-577a-4369-8a06-8d8e24d68e4d',NULL),('b406fc2f-4749-4c54-bbc4-51ca5ae50611','Não',NULL,'2021-02-09 20:30:01','2021-02-09 20:30:01','eadf748f-593b-4d34-93c4-fd77d15ef325',NULL),('b421ddfd-69c8-4c71-9c8b-abf131f4de82','Não',NULL,'2021-01-08 16:46:24','2021-01-08 16:46:24','48b15e3d-b81f-4165-9919-273b4583218f',NULL),('b5b578c4-fa80-47ba-a860-76e249b2f1a6','2',0,'2021-01-04 17:22:26','2021-01-09 12:17:22','54369b3c-2191-40e0-82af-33db4e5f1f33',NULL),('b5fd0dc5-52bc-44cd-9dc5-89c98b76de9f','Não',NULL,'2021-01-15 14:40:48','2021-01-15 14:40:48','2f5864bc-bc66-4cbd-a117-4aa0828bf2ff',NULL),('b74a833e-3626-4764-a454-0f677348a010','2',0,'2021-02-10 10:35:02','2021-02-10 10:35:02','d3d8b0a6-c7ac-407e-8bdf-f305463116ae',NULL),('b75be94a-3211-4d07-9171-2d03f57df41d','que el entorno de la escuela y de',NULL,'2021-01-16 05:52:33','2021-01-16 05:52:33',NULL,NULL),('b7a37562-f049-4903-b8fb-758823f63638','Colegas de profissão',0,'2020-12-31 12:22:21','2021-01-09 11:16:51','36186522-9b31-4ecf-828d-4e71316fa96e',NULL),('b7e42579-a6c1-4bcb-9934-039596ccc5af','',1,'2021-01-15 15:46:00','2021-01-15 15:46:00',NULL,NULL),('b8a023af-066c-4cc9-b9a3-6255639e82da','Péssimo',NULL,'2021-01-08 16:46:24','2021-01-08 16:46:24','48b15e3d-b81f-4165-9919-273b4583218f',NULL),('b9a2a739-fd81-4b05-8cb7-26bf5849939a','Mau',NULL,'2021-01-06 17:07:27','2021-01-06 17:07:27',NULL,NULL),('bb5fc4a4-c62b-4722-b50a-d6f124473a41','A',0,'2021-01-16 05:59:22','2021-01-16 06:24:15',NULL,NULL),('bca239e6-1e70-4b85-92b1-14b39d7316c1','Não',NULL,'2021-01-15 14:40:48','2021-01-15 14:40:48','559c2470-e9d4-471a-a588-7cd3754a29f5',NULL),('bcb049c1-5d80-46cd-b292-3695d76e95a1','Mau',NULL,'2021-01-07 07:18:14','2021-01-07 07:18:14','5895d7af-1db0-4e38-a897-3a6642327ccc',NULL),('bd399689-e09e-41d9-be4d-296b90805675','3',0,'2021-01-04 17:23:51','2021-01-04 17:23:51',NULL,NULL),('be6c76d0-6916-49be-a3c4-3a34dc8e9b49','Excelente',NULL,'2021-01-07 06:59:24','2021-01-07 06:59:24','0ab310e4-40ce-466c-bb57-0694d55a3f61',NULL),('bfa58832-15f8-4bdc-b352-25cdd89c8d2a','Excelente',NULL,'2021-01-07 06:48:30','2021-01-07 06:48:30','539b6454-da10-4c4a-b71a-246e31fff068',NULL),('bfd3ab7b-0d54-4605-b5dc-a90c255afac0','Excelente',NULL,'2021-01-06 17:07:27','2021-01-06 17:07:27',NULL,NULL),('bffc1f01-42b2-42c4-811a-87b8d2d18d0e','día',0,'2021-01-07 15:48:17','2021-01-07 15:48:17',NULL,NULL),('c07d936f-be57-4d59-ba2d-9f113c993c11','Péssimo',NULL,'2021-01-15 14:56:13','2021-01-15 14:56:13','4c79843b-ba32-4c8b-b421-3f66bc492e3c',NULL),('c207e234-7355-4a96-9807-6c63cd878ee8','Bom',NULL,'2021-01-06 16:28:58','2021-01-06 16:28:58',NULL,NULL),('c2acaa6d-f983-4a8c-ae2d-95399817c1e6','Bom',NULL,'2021-01-07 06:48:27','2021-01-07 06:48:27','9e0d4ee6-fdae-42f2-b88e-b9bc87c550f8',NULL),('c2cb58ef-6a3e-4c0b-b4ad-3f11b5899271','Bom',NULL,'2021-01-07 06:59:26','2021-01-07 06:59:26','d1175540-a415-4f89-96aa-661e78c789cc',NULL),('c2ee9bd3-1ed9-489f-968d-3ec5831bb17c','Bom',NULL,'2021-01-06 17:07:27','2021-01-06 17:07:27',NULL,NULL),('c31c5af8-565a-45e5-bbab-757dbbeaba23','Qué podemos hacer individualmente, como escuela y como comunidad para vivir una vida más sostenible y saludable',NULL,'2021-01-16 05:52:32','2021-01-16 05:52:32',NULL,NULL),('c78f8774-8de1-43c0-86ab-c9b443c3c650','A',0,'2021-01-16 05:59:29','2021-01-16 06:24:39','a0af1ad9-07dd-4963-ab7e-c89cae862c25',NULL),('c7c98882-ddb4-4ab9-89f9-a9211ddbf43e','Péssimo',NULL,'2021-01-06 16:28:58','2021-01-06 16:28:58',NULL,NULL),('c7fc886c-e0cc-4185-b3e4-b45272c61616','Péssimo',NULL,'2021-04-10 11:37:19','2021-04-10 11:37:19','da5d7226-631c-4c3e-829d-d958479dcdf4',NULL),('c8019a67-f000-4812-92dd-7e3d59b33632','Bom',NULL,'2021-01-07 06:48:30','2021-01-07 06:48:30','539b6454-da10-4c4a-b71a-246e31fff068',NULL),('c871d9df-4797-4ff1-be1d-f369e2cc3fe4','A',0,'2021-01-16 05:59:29','2021-01-16 06:24:39','85f86202-d03e-42e8-a337-bd2a4bdcc67a',NULL),('c97fa7c8-e0e1-4d70-b9cb-54e0cb0578ae','Excelente',NULL,'2021-01-07 06:58:19','2021-01-07 06:58:19','48a2760f-4f42-41f2-83f4-ba551f65913f',NULL),('ca00ded1-f3c1-41b7-83dc-af143902bcdb','A',0,'2021-01-15 15:46:00','2021-01-15 15:46:00',NULL,NULL),('ca2e93d3-6eeb-4ae1-a315-c305b7f97d02','Não',NULL,'2021-01-15 14:56:13','2021-01-15 14:56:13','2da4d2be-bb37-42c0-afd8-a8f5da52b4b5',NULL),('cac2fc04-fa64-4f82-b9b0-968f0fb585b2','Não',NULL,'2021-02-09 20:35:01','2021-02-09 20:35:01','c3fefb4c-a1f4-4d38-81b4-4642ae92fdbe',NULL),('cb8f0a53-993e-422c-bd76-b2e8c159bde1','1',0,'2021-02-10 10:39:46','2021-02-12 16:51:21','82887850-d101-4d2d-a2c3-845504dbe1dd',NULL),('cc836cc9-969f-4f96-acdf-cf6f3993be2d','Péssimo',NULL,'2021-01-15 14:40:48','2021-01-15 14:40:48','7110fd85-4cc2-48f1-8ace-d76a66c96a98',NULL),('ccc6833b-1b56-4f8a-a3cf-5840ffeee759','Bom',NULL,'2021-01-07 07:18:13','2021-01-07 07:18:13','e5813ac2-e817-46cc-af66-b99cb2574ecd',NULL),('cdce8d99-9904-492a-89c1-800d3af12b35','Sin',NULL,'2021-01-15 14:40:48','2021-01-15 14:40:48','2f5864bc-bc66-4cbd-a117-4aa0828bf2ff',NULL),('ce6aa782-f407-48b4-b3b7-bece543b3857','2',0,'2021-02-10 10:37:44','2021-02-10 10:37:44','9255b9b0-f8af-4ae6-8f2c-8cd41e64d8ae',NULL),('ceacf3f6-0e6b-45fe-88ef-eb1ace9ba541','Excelente',NULL,'2021-01-06 16:28:58','2021-01-06 16:28:58',NULL,NULL),('ceaec643-35d6-4f78-afcd-5d42baaf7692','Sin',NULL,'2021-01-08 16:46:24','2021-01-08 16:46:24','48b15e3d-b81f-4165-9919-273b4583218f',NULL),('cfd96759-ee9b-4f61-a278-229b4054d4a3','Sim',NULL,'2021-04-10 11:37:19','2021-04-10 11:37:19','b4729250-7303-494c-b6e5-4d73d41535c0',NULL),('d00f6383-fdb9-45d3-be35-2107638cbe73','Não',NULL,'2021-01-15 15:06:55','2021-01-15 15:06:55','dbc267b8-5697-4041-9086-2731ef2a8740',NULL),('d19665c4-dc73-44f8-b0a7-2af04e8b261e','Mau',NULL,'2021-01-07 06:58:19','2021-01-07 06:58:19','48a2760f-4f42-41f2-83f4-ba551f65913f',NULL),('d23ac365-69d2-41bd-a311-f6ac78823f50','Q',1,'2021-01-16 05:54:09','2021-01-16 05:54:09','8421c77b-2f16-4726-bdb2-41a927878137',NULL),('d24fcd90-4710-4197-8d18-d664c33f05a1','C',1,'2021-01-15 16:03:20','2021-01-15 16:03:20',NULL,NULL),('d353a221-e54d-4094-8ae2-de108b4f6c45','Péssimo',NULL,'2021-02-12 18:21:06','2021-02-12 18:21:06','a888a5d4-4c19-4a4d-92af-76d44c83f13a',NULL),('d51e413e-32e5-4c2c-b564-14532df82a46','2',1,'2021-01-15 16:12:03','2021-01-15 16:12:03',NULL,NULL),('d618fe05-9fc6-4047-97bf-01ddbbaaa785','Péssimo',NULL,'2021-01-06 16:28:58','2021-01-06 16:28:58',NULL,NULL),('d6dff655-27a2-4deb-81bf-6e1b6102eca0','Sin',NULL,'2021-02-09 20:30:01','2021-02-09 20:30:01','ec44d0a0-75a3-424b-ac41-ec99892190ba',NULL),('d6ea8a4e-c398-42fb-9579-ba13321df9cf','2',1,'2021-02-10 10:37:44','2021-02-10 10:37:44','ee9e11e2-4e83-4a45-9c31-e86caaa412ef',NULL),('d7d9f100-4978-44bb-85f7-2649ce1e6747','',1,'2021-01-15 15:46:41','2021-01-15 15:46:41',NULL,NULL),('d871d4f0-95cc-4f82-a3d9-64ea1812860f','D',0,'2021-01-16 05:54:52','2021-01-16 05:54:52','5be7cba3-32f0-4b26-8447-a2e35a670c5e',NULL),('d88e5e96-4197-481b-a79e-998279bf41e9','Sin',NULL,'2021-02-09 20:30:01','2021-02-09 20:30:01','630e81fb-a31d-4612-9825-674e1960481d',NULL),('d8f04eab-058e-47c4-9989-4a7f1c3bb28a','Não',NULL,'2021-04-10 11:37:20','2021-04-10 11:37:20','24815037-1884-454f-bd3d-65669cbda83b',NULL),('d9aeb8db-dac0-4766-8084-95a1c8f1cd72','Ciencia básicadel cambio climático',NULL,'2021-01-15 16:21:00','2021-01-15 16:21:00',NULL,NULL),('db7bb896-211b-491c-b6ee-adcfd099722f','1',0,'2021-02-10 10:35:01','2021-02-10 10:35:01','b27282ed-2611-4aff-add6-4c7aa66ec75b',NULL),('dc44ad7a-5a96-4a8f-bd62-76a1caa3b0fc','1',0,'2021-01-15 16:26:24','2021-01-15 16:26:24',NULL,NULL),('dcffb632-4731-44df-aa38-eaeb6e0b9a91','16',1,'2020-12-31 09:45:14','2021-01-09 00:07:32','8c2f500d-9c08-4b8a-9ef7-cc623175be3e',NULL),('de4f31d2-9ea1-415a-ae2b-4d5ee8944db5','Milenium Falcon',1,'2020-12-31 12:22:21','2021-01-09 11:16:51','b8cff1c0-a7fd-48d5-a466-c3a11c88b807',NULL),('dec92998-5575-451f-aef8-a158c945896f','Bom',NULL,'2021-01-06 17:07:34','2021-01-06 17:07:34',NULL,NULL),('e0ab66a5-2020-4d33-8cb7-beb8bd676d2c','Bom',NULL,'2021-01-07 06:46:35','2021-01-07 06:46:35','259835af-a03d-4c8c-882e-7d23f0d89b17',NULL),('e0aea17e-88ff-4e7d-8825-5e0df036c453','Startrek',0,'2020-12-31 12:22:21','2021-01-09 11:16:51','ad2d3eaf-f335-4860-a274-9aec3ef18d1e',NULL),('e1948c1c-543d-4ce2-876c-2abbb93eac3f','Péssimo',NULL,'2021-04-10 11:37:20','2021-04-10 11:37:20','2a5d250d-0963-4722-9db6-cd972b6beae9',NULL),('e1a4e42c-39bf-47f0-97a5-97d39871aeed','Péssimo',NULL,'2021-01-06 17:07:27','2021-01-06 17:07:27',NULL,NULL),('e2ba0205-613d-46df-a4bd-80d1f17544ee','',1,'2021-01-15 15:46:00','2021-01-15 15:46:00',NULL,NULL),('e34f5c68-e3a3-4c49-b0b5-63f13227fedd','Mau',NULL,'2021-01-07 06:46:35','2021-01-07 06:46:35','259835af-a03d-4c8c-882e-7d23f0d89b17',NULL),('e37dc89b-ca1f-4486-a37f-32bdac64dcc5','Péssimo',NULL,'2021-01-07 06:48:27','2021-01-07 06:48:27','9e0d4ee6-fdae-42f2-b88e-b9bc87c550f8',NULL),('e3d78855-07d2-4a6a-9cd9-dea2f4f80f99','A',0,'2021-01-16 05:59:22','2021-01-16 06:21:52',NULL,NULL),('e3e7aa0a-4c3f-4fc2-9395-d27ade678716','4',0,'2021-01-04 17:22:26','2021-01-09 12:17:22','54369b3c-2191-40e0-82af-33db4e5f1f33',NULL),('e442c964-de3c-45b7-9c99-638b81015138','Bom',NULL,'2021-01-07 07:18:13','2021-01-07 07:18:13','176b9b03-582a-4736-8590-caa5fbaa71bd',NULL),('e4942f8c-78a0-4069-91f9-d275fea18afd','Mau',NULL,'2021-01-06 17:07:27','2021-01-06 17:07:27',NULL,NULL),('e4a6697a-50c6-48b9-9aa9-1e41e405dce4','Sin',NULL,'2021-02-09 20:30:01','2021-02-09 20:30:01','9dd3c01b-68b0-4b18-b5fe-5fca38675222',NULL),('e5153083-d914-486b-ba3b-c6b463e2597c','Mau',NULL,'2021-01-06 17:07:34','2021-01-06 17:07:34',NULL,NULL),('e5fa80f5-4131-41ac-a4c7-565756c9ea26','A',0,'2021-01-16 05:54:09','2021-01-16 05:54:09','8421c77b-2f16-4726-bdb2-41a927878137',NULL),('e603b3ce-a76a-4faf-b0ee-f43a5d8bbc9b','tal',1,'2021-01-07 15:48:17','2021-01-07 15:48:17',NULL,NULL),('e6306672-2bb7-4992-8416-5fd537b57127','Sin',NULL,'2021-01-08 16:46:24','2021-01-08 16:46:24','71ffa17e-f74c-42f9-b686-dbddf1a2ceff',NULL),('e652ef13-83b0-4708-ad69-0f13286f09c9','Excelente',NULL,'2021-01-06 17:07:34','2021-01-06 17:07:34',NULL,NULL),('e6811846-01fe-4645-bbe4-c9ea86e90cc5','3',0,'2021-01-04 17:22:26','2021-01-09 12:17:22','936e2b87-dbc7-40a8-9643-fb64092b258b',NULL),('e7069dcc-6ff0-4984-a5a3-e672de73071a','Bom',NULL,'2021-01-07 06:59:27','2021-01-07 06:59:27','ab0ee28f-d8d2-44f6-92bb-12f3e5ca8e1c',NULL),('e75e8e0e-3ad2-400f-a3be-f03c92b460d2','Péssimo',NULL,'2021-01-07 06:58:18','2021-01-07 06:58:18','e7357c1e-a671-4ff2-be1f-a9d07625b628',NULL),('e7e354ab-5c49-42b7-80d5-afc6bc9423b5','1',1,'2021-02-12 18:28:02','2021-02-12 18:28:02','37766bc3-6f22-4abb-9cca-6953ca61bbed',NULL),('e7ecb428-0463-4d25-8b76-9255deeec57d','A',0,'2021-01-16 05:59:22','2021-01-16 06:24:39','5422a955-6780-4ad7-9fd3-9d8e9a0d3295',NULL),('e806d53a-010d-4084-a0c1-8e9699856d61','A',0,'2021-01-16 05:59:22','2021-01-16 06:24:06',NULL,NULL),('e8824925-7ea7-43ae-afd5-56aaa02b5f86','Péssimo',NULL,'2021-02-12 18:21:06','2021-02-12 18:21:06','7a94dfb6-0a9c-4e85-be11-6b51f7c04719',NULL),('e8a14551-6003-4714-b75c-cd799d3221e9','Sim',NULL,'2021-02-09 20:35:01','2021-02-09 20:35:01','1d6a8f17-4237-42ed-84cf-3da42d249dc1',NULL),('e9055eea-a0c8-4fe8-9a24-a0df78c0d502','2',0,'2021-02-10 10:41:35','2021-02-12 16:51:22','835fb300-1aa9-4b74-b84f-46930a05964a',NULL),('ea52acab-8b44-4335-b32e-9de0872271d4','1',1,'2021-02-10 10:35:35','2021-02-10 10:35:35','1111bb0d-749d-449d-af43-9502c4a799d0',NULL),('ea691a82-c402-4834-8117-29d39d14ed3e','4',0,'2021-02-10 10:37:44','2021-02-10 10:37:44','8d9ecc48-31ee-4326-95a1-120e99b61b66',NULL),('eaa11cdd-93d1-4cc2-a518-280bcbb3f77a','Péssimo',NULL,'2021-01-15 14:56:13','2021-01-15 14:56:13','b712814c-d4fd-4f40-b3cb-3e68119d6df3',NULL),('ec003caa-3273-4eb9-8808-74307407ea71','Sin',NULL,'2021-01-15 14:56:13','2021-01-15 14:56:13','0ad70334-a760-44f6-bd8a-9488665a16ef',NULL),('ec06178a-8b53-43e0-8f8b-c1f1254a21f8','3',0,'2021-02-10 10:41:35','2021-02-12 16:51:21','b36de53c-a177-4a06-b9dc-f62f6a378318',NULL),('ec5db25f-5906-4c0e-9de7-2b648b75ed39','Mau',NULL,'2021-01-06 17:13:14','2021-01-06 17:13:14','23257a1f-4770-4ab7-b6eb-1cf9723308b8',NULL),('ec73e63c-3994-4a74-b58a-4fe82f14c8e3','Sim',NULL,'2021-02-12 18:21:06','2021-02-12 18:21:06','a13e2f6c-0f78-4990-9bd8-c6ca0a0af967',NULL),('ecd931e1-66c8-48f0-b7eb-67ef973fc408','1',0,'2021-02-10 10:41:35','2021-02-12 16:51:22','835fb300-1aa9-4b74-b84f-46930a05964a',NULL),('ed9eda3b-5585-4f84-826f-7bb9475e27b9','2',1,'2021-02-10 10:35:02','2021-02-10 10:35:02','e9ba9868-ed2f-4746-bc29-4e9de26d6ad8',NULL),('edee466c-be9f-4f5f-888d-10d6d1d51ae0','Péssimo',NULL,'2021-01-07 06:59:26','2021-01-07 06:59:26','d1175540-a415-4f89-96aa-661e78c789cc',NULL),('edfdf638-9d8a-49d9-9deb-97483516d3e1','Péssimo',NULL,'2021-01-07 07:18:13','2021-01-07 07:18:13','e5813ac2-e817-46cc-af66-b99cb2574ecd',NULL),('ee58221b-b830-4128-a78b-4690ff21e4c0','2',1,'2021-02-10 10:39:46','2021-02-12 16:51:22','da697c7f-cdec-4609-95b3-ba85814ee637',NULL),('f0752fae-186b-4e43-8e9b-2bef33f31a30','Excelente',NULL,'2021-01-07 07:18:15','2021-01-07 07:18:15','4677511f-ef38-48bf-9fdb-ab79496805a4',NULL),('f08df4cd-336d-48e8-9b5c-64b8436b4b9f','2',0,'2020-12-31 09:25:05','2021-01-09 11:17:23','1da84d81-7ff1-4063-8a82-cb363b01398a',NULL),('f0e08406-0efe-40cc-83c8-dbf28d3cabe9','1',0,'2021-02-10 10:37:44','2021-02-10 10:37:44','4528d2f2-577a-4369-8a06-8d8e24d68e4d',NULL),('f13fbc61-d8aa-4136-ae44-6e011688b3b3','2',0,'2021-02-12 18:28:02','2021-02-12 18:28:02','cc186780-401a-4766-97d4-d35170671dd4',NULL),('f16d6d7f-43bb-461a-8b79-bc8410bfbe36','Péssimo',NULL,'2021-01-15 15:06:55','2021-01-15 15:06:55','14d1dde6-e59c-4842-8b83-b452881d32cb',NULL),('f202b3d4-b2e3-4d43-a024-d7d21ec01829','Qué podemos hacer individualmente, como escuela y como comunidad para vivir una vida más sostenible y saludable',NULL,'2021-01-16 05:54:51','2021-01-16 05:54:51',NULL,NULL),('f4221859-d28e-4579-9b11-051c46cb07f8','Não',NULL,'2021-04-10 11:37:19','2021-04-10 11:37:19','b4729250-7303-494c-b6e5-4d73d41535c0',NULL),('f45ca543-25aa-491b-9799-a93259fe9bfe','Não',NULL,'2021-02-12 18:21:06','2021-02-12 18:21:06','a13e2f6c-0f78-4990-9bd8-c6ca0a0af967',NULL),('f4aac4b2-603a-4787-b4b4-fd8070986779','Excelente',NULL,'2021-01-07 07:18:13','2021-01-07 07:18:13','e5813ac2-e817-46cc-af66-b99cb2574ecd',NULL),('f5244b04-0323-4361-a849-c3664699770c','Mau',NULL,'2021-01-06 16:28:58','2021-01-06 16:28:58',NULL,NULL),('f544e9fe-4d0a-4b04-ba5f-819fbbeb2f2a','Péssimo',NULL,'2021-01-07 06:46:33','2021-01-07 06:46:33','045a0362-31dc-4450-bcc0-e2b7fd51ca50',NULL),('f56e4f22-e005-41a1-a95d-bb5d50c46474','Excelente',NULL,'2021-01-07 06:58:19','2021-01-07 06:58:19','4c3323a5-c511-4d67-9518-7e4b951fde88',NULL),('f6f3d741-15ad-4952-a543-39d0d724bce2','3',1,'2021-02-10 10:39:46','2021-02-12 16:51:22','26207a79-6f37-4982-978c-c132ed628c34',NULL),('f718b37a-9855-4e51-81b9-d109721f3185','Excelente',NULL,'2021-01-07 07:18:14','2021-01-07 07:18:14','5895d7af-1db0-4e38-a897-3a6642327ccc',NULL),('f79d301a-b2f8-4632-94d4-dc7ab82b6152','Star wars',1,'2020-12-31 12:22:21','2021-01-09 11:16:51','ad2d3eaf-f335-4860-a274-9aec3ef18d1e',NULL),('f8964fd5-ad95-4261-ada1-1c3fa7512eee','Excelente',NULL,'2021-01-07 06:46:33','2021-01-07 06:46:33','045a0362-31dc-4450-bcc0-e2b7fd51ca50',NULL),('f91fe040-20b2-4158-a882-353053668122','Péssimo',NULL,'2021-02-09 20:30:01','2021-02-09 20:30:01','ec44d0a0-75a3-424b-ac41-ec99892190ba',NULL),('f939939e-c39a-42d4-8009-d6dd26ba14c1','Péssimo',NULL,'2021-01-07 07:18:14','2021-01-07 07:18:14','5895d7af-1db0-4e38-a897-3a6642327ccc',NULL),('f983cc30-b329-4f0e-a30c-7c8e29203bbb','1',0,'2021-01-04 17:23:51','2021-01-04 17:23:51',NULL,NULL),('f99420c9-7d5f-412d-90c9-e9fc9487015a','Péssimo',NULL,'2021-01-06 17:07:34','2021-01-06 17:07:34',NULL,NULL),('f9c1cfd6-c9ba-4531-ae30-c3bae1179d33','Sin',NULL,'2021-01-08 16:46:24','2021-01-08 16:46:24','bb378227-7632-4882-b5c6-6211512d585a',NULL),('fa7b7898-73dc-485d-975c-1a51ce68c93d','A',0,'2021-01-16 05:54:51','2021-01-16 05:54:51','afb91e24-6884-41e2-b2f3-fbf2a7513bfc',NULL),('fad9daa5-2221-49b6-9fbe-843695ecb9e0','16',0,'2020-12-31 09:45:14','2021-01-09 00:07:32','d64d621a-5b12-4202-b912-15887e8a47db',NULL),('fb01f6e0-cd95-4706-944b-fb22db51bed7','2',1,'2021-02-10 10:39:46','2021-02-12 16:51:22','20f27c02-24de-4e49-97d4-329e04ed3841',NULL),('fcab88c7-80c0-4b64-9a4b-6269b2221448','Excelente',NULL,'2021-01-06 17:13:14','2021-01-06 17:13:14','5858f87f-7269-4c70-9686-814f2a38417f',NULL),('fcefcc57-7320-41aa-876e-59a6ee4dabeb','Bom',NULL,'2021-01-06 17:07:27','2021-01-06 17:07:27',NULL,NULL),('fcf105d6-02d9-4b40-872d-30148c4193db','Mau',NULL,'2021-01-07 07:18:15','2021-01-07 07:18:15','4677511f-ef38-48bf-9fdb-ab79496805a4',NULL),('fd074e7e-1cc5-496d-8fe1-603a028dc0cd','1',1,'2021-02-06 19:18:13','2021-02-06 19:18:13','5fc2bc5b-011a-4cc0-80cd-5c9ac5369325',NULL),('fd61c417-bdd7-4299-a39b-7bc419d62ea9','2',1,'2021-02-10 10:41:35','2021-02-10 10:42:59','a9578748-234f-47f1-bdb5-0e1a4b0c5ca2',NULL),('fddba8f0-41c3-4d24-978b-b58febb38510','1',0,'2021-02-12 18:28:02','2021-02-12 18:28:02','39ad024e-c5f2-4b6b-a18d-3531119b7c1e',NULL),('fe0133d7-56d9-425d-9ad4-4238e1865bc2','Bom',NULL,'2021-01-07 07:18:14','2021-01-07 07:18:14','5895d7af-1db0-4e38-a897-3a6642327ccc',NULL),('fe18e696-339b-41cb-84f0-4096870ca7d4','Excelente',NULL,'2021-01-07 06:46:34','2021-01-07 06:46:34','4532f036-f0f5-4ee6-87b4-a292d97ace03',NULL),('fee61a38-d5d7-4e85-b2ff-b604eb3128de','Péssimo',NULL,'2021-01-07 06:46:34','2021-01-07 06:46:34','4532f036-f0f5-4ee6-87b4-a292d97ace03',NULL),('ff176d5c-1b87-4a04-975d-f801d8ca48e0','Cunhados',0,'2020-12-31 12:22:21','2021-01-09 11:16:51','36186522-9b31-4ecf-828d-4e71316fa96e',NULL);
/*!40000 ALTER TABLE `task_answers` ENABLE KEYS */;
UNLOCK TABLES;

--
-- Table structure for table `tasks`
--

DROP TABLE IF EXISTS `tasks`;
/*!40101 SET @saved_cs_client     = @@character_set_client */;
/*!50503 SET character_set_client = utf8mb4 */;
CREATE TABLE `tasks` (
  `id` char(36) CHARACTER SET utf8mb3 COLLATE utf8mb3_bin NOT NULL,
  `revenue` decimal(10,2) DEFAULT NULL,
  `expenses` decimal(10,2) DEFAULT NULL,
  `descriptions` varchar(255) DEFAULT NULL,
  `observations` varchar(255) DEFAULT NULL,
  `state` int DEFAULT NULL,
  `dueDate` datetime DEFAULT NULL,
  `isActive` tinyint(1) DEFAULT NULL,
  `createdAt` datetime DEFAULT NULL,
  `updatedAt` datetime DEFAULT NULL,
  `goalId` char(36) CHARACTER SET utf8mb3 COLLATE utf8mb3_bin DEFAULT NULL,
  `duration` int DEFAULT '0',
  `userId` char(36) DEFAULT NULL,
  PRIMARY KEY (`id`),
  KEY `goalId` (`goalId`),
  KEY `tasks_id_goal_id` (`id`,`goalId`),
  CONSTRAINT `tasks_ibfk_1` FOREIGN KEY (`goalId`) REFERENCES `goals` (`id`) ON DELETE SET NULL ON UPDATE CASCADE
) ENGINE=InnoDB DEFAULT CHARSET=utf8mb3;
/*!40101 SET character_set_client = @saved_cs_client */;

--
-- Dumping data for table `tasks`
--

LOCK TABLES `tasks` WRITE;
/*!40000 ALTER TABLE `tasks` DISABLE KEYS */;
INSERT INTO `tasks` VALUES ('02c5f095-ba07-4d89-90fd-14dd8dd3fd8c',NULL,70000.00,'Enabling transformation','Learn new knowledge and skills in a variety of ways',1,'2020-12-18 00:00:00',NULL,'2020-12-16 13:56:21','2020-12-16 13:56:21','0107fce9-9224-4d72-86c2-4e0b8d69e66a',200,NULL),('07f195f6-e974-4ef3-a762-036333912c00',NULL,331000.00,'Professional Certificate in IT Project Management',NULL,1,'2021-01-31 00:00:00',NULL,'2020-12-15 12:36:33','2020-12-15 12:36:33','0107fce9-9224-4d72-86c2-4e0b8d69e66a',120,NULL),('2230f4a6-ed5d-43ac-9606-c97bc431438c',NULL,NULL,'Inclusive Leadership Training: Becoming a Successful Leader','Inclusive Leadership Training: Becoming a Successful Leader',3,'2020-12-17 00:00:00',NULL,'2020-12-16 14:18:05','2020-12-19 17:05:53','0107fce9-9224-4d72-86c2-4e0b8d69e66a',45000,NULL),('318f6358-6ca6-4798-97f4-822c96065e5f',500.00,NULL,'Juntar uma massa','Juntar uma massa do nada',1,'2020-12-25 00:00:00',NULL,'2020-12-15 14:25:08','2020-12-15 14:25:08','0107fce9-9224-4d72-86c2-4e0b8d69e66a',150,NULL),('48303b1b-4683-4703-ac81-cdc33c50d1d6',NULL,490000.00,'Comprar Bilhetes','O Mandaloriano e a Criança continuam sua jornada, enfrentando inimigos e reunindo aliados enquanto fazem seu caminho através de uma galáxia perigosa na era tumultuada após o colapso do Império Galáctico.',3,'2020-12-09 00:00:00',NULL,'2020-12-18 11:01:22','2020-12-29 07:38:33','c752bc01-ae6f-4e8e-ae71-32156427d6bf',120,NULL),('55d47dc1-5f57-4daf-b0ea-c081237c43ba',NULL,45000.00,'Curso de Computer Forensics','Related Programs:Cybersecurity MicroMasters',2,'2020-12-18 00:00:00',NULL,'2020-12-16 14:17:10','2020-12-18 11:03:19','0107fce9-9224-4d72-86c2-4e0b8d69e66a',600,NULL),('6976cef3-23a4-4e6d-9bd9-422621cce227',NULL,550000.00,'Comprar Bilhetes','Partilho no link abaixo o ficheiro em assunto referente aos pontos em aberto abordados nas reuniões em assunto.',1,'2020-12-19 00:00:00',NULL,'2020-12-19 17:07:40','2020-12-19 17:07:40','c752bc01-ae6f-4e8e-ae71-32156427d6bf',120,NULL),('7339fe5a-f349-4d60-a4c9-33b749bfdfbb',NULL,30000.00,'English for Doing Business in Asia – Writing','Add a recovery email to retain access when single-sign on is not available. Go to your Account Settings.',2,'2020-12-17 00:00:00',NULL,'2020-12-16 14:01:29','2020-12-18 11:03:15','0107fce9-9224-4d72-86c2-4e0b8d69e66a',120,NULL),('8b55ff79-89c2-4679-8b0a-ede34421cb78',NULL,60000.00,'Project Management Courses',NULL,1,'2020-12-31 00:00:00',NULL,'2020-12-15 12:30:35','2020-12-15 12:30:35','0107fce9-9224-4d72-86c2-4e0b8d69e66a',80,NULL),('a59c1f6c-eea2-4fe7-801f-8c2e79f17f19',NULL,500.00,'Caminhar 5km',NULL,3,'2020-12-19 00:00:00',NULL,'2020-12-16 15:18:06','2020-12-18 11:02:52','10c28b90-dd36-4890-ab4f-0d89c2d9985f',120,NULL),('adce0173-32eb-4e84-a06f-f95e0690ce78',2000.00,NULL,'Fazer um Kilape',NULL,3,'2020-12-15 00:00:00',NULL,'2020-12-15 15:37:33','2020-12-17 16:30:33','0107fce9-9224-4d72-86c2-4e0b8d69e66a',5,NULL),('d83327bd-ecbc-4062-929c-a7f6db1d9bb9',NULL,50000.00,'Enabling transformation2',NULL,3,'2020-12-09 00:00:00',NULL,'2020-12-18 11:07:43','2020-12-19 17:04:42','0107fce9-9224-4d72-86c2-4e0b8d69e66a',0,NULL),('dd76eca0-ca95-462c-868d-8853f956aedb',50000.00,NULL,'Poupar uma massa',NULL,3,'2020-12-19 00:00:00',NULL,'2020-12-19 16:16:42','2020-12-19 16:53:14','c752bc01-ae6f-4e8e-ae71-32156427d6bf',50,NULL),('e4c1df1d-24af-41b8-9fb7-23e38d253806',100.00,50.00,'Comprar água',NULL,1,'2020-12-19 00:00:00',NULL,'2020-12-19 16:40:29','2020-12-19 16:40:29','10c28b90-dd36-4890-ab4f-0d89c2d9985f',60,NULL),('e9418904-7ac1-4fd7-9c7f-3879f7414a4a',NULL,1200000.00,'Viajar parta Bocas del Toro – Panamá','Bocas del Toro é conhecido como o “Caribe Panamenho”, com suas águas em vários tons de azul e uma atmosfera ideal para relaxar e descansar à vontade',1,'2020-12-11 15:13:48',NULL,'2020-12-16 14:13:03','2020-12-16 14:13:03','c752bc01-ae6f-4e8e-ae71-32156427d6bf',12000,NULL),('ecd623a9-6393-4286-b750-665eb6baeb39',NULL,1350000.00,'Viajar para Ilha de Madagascar','Situada ao largo da costa moçambicana, Madagascar é uma ilha fora do comum. O clima vai do tropical ao árido e o isolamento geográfico da ilh',1,'2020-12-18 00:00:00',NULL,'2020-12-16 14:15:55','2020-12-16 14:15:55','c752bc01-ae6f-4e8e-ae71-32156427d6bf',9000,NULL);
/*!40000 ALTER TABLE `tasks` ENABLE KEYS */;
UNLOCK TABLES;

--
-- Table structure for table `todos`
--

DROP TABLE IF EXISTS `todos`;
/*!40101 SET @saved_cs_client     = @@character_set_client */;
/*!50503 SET character_set_client = utf8mb4 */;
CREATE TABLE `todos` (
  `id` char(36) CHARACTER SET utf8mb3 COLLATE utf8mb3_bin NOT NULL,
  `subject` varchar(255) DEFAULT NULL,
  `done` tinyint(1) DEFAULT NULL,
  `startDate` datetime DEFAULT NULL,
  `endDate` datetime DEFAULT NULL,
  `descriptions` varchar(255) DEFAULT NULL,
  `isActive` tinyint(1) DEFAULT NULL,
  `createdAt` datetime DEFAULT NULL,
  `updatedAt` datetime DEFAULT NULL,
  `userId` char(36) CHARACTER SET utf8mb3 COLLATE utf8mb3_bin DEFAULT NULL,
  PRIMARY KEY (`id`),
  KEY `userId` (`userId`),
  KEY `todos_id_user_id` (`id`,`userId`),
  CONSTRAINT `todos_ibfk_1` FOREIGN KEY (`userId`) REFERENCES `users` (`id`) ON DELETE SET NULL ON UPDATE CASCADE
) ENGINE=InnoDB DEFAULT CHARSET=utf8mb3;
/*!40101 SET character_set_client = @saved_cs_client */;

--
-- Dumping data for table `todos`
--

LOCK TABLES `todos` WRITE;
/*!40000 ALTER TABLE `todos` DISABLE KEYS */;
INSERT INTO `todos` VALUES ('0f102e3d-1800-4acc-bfbc-ca32a93c2f6e','For Today',NULL,'2021-04-14 13:45:00','2021-04-14 19:00:00','Go to Download to get the latest version of our easy mining software, intended for beginners and less experienced miners!',NULL,'2021-04-14 14:41:04','2021-04-14 14:41:04','d761c981-3502-49e4-a425-ef189f97e5bf'),('3f0da114-1af7-4c90-8e55-a39e6d0b0763','5674',1,'2021-04-19 09:30:00','2021-04-19 11:00:00',NULL,NULL,'2021-04-13 17:38:12','2021-04-14 04:56:09','d761c981-3502-49e4-a425-ef189f97e5bf'),('4c1ffdca-3481-41c4-8248-5c77f2ad418e','Master',0,'2021-04-29 00:15:00','2021-04-29 00:45:00','Ok',NULL,'2021-04-12 19:52:12','2021-04-12 19:52:12','d761c981-3502-49e4-a425-ef189f97e5bf'),('5a36ab6c-8ff5-4fbf-afa8-7804c21f0872','New task',0,'2021-04-28 02:15:00',NULL,'one more\nGo to Download to get the latest version of our easy mining software, intended for beginners and less experienced miners!',NULL,'2021-04-13 16:43:35','2021-04-14 05:08:06','d761c981-3502-49e4-a425-ef189f97e5bf'),('704f2b2a-35f4-478b-b22c-0826f4624e96','Enviar E-mail de solidariedade',0,'2020-12-31 00:00:00','2020-12-31 01:00:00','Partilho no link abaixo o ficheiro em assunto referente aos pontos em aberto abordados nas reuniões em assunto.',NULL,'2020-12-19 17:10:01','2020-12-19 17:10:01','c33cda14-38c3-4670-9643-7d71c23fb098'),('7cf0f05f-359d-41f3-bcaa-ed73262ce927','compromisso',0,'2021-04-20 18:00:00','2021-04-20 19:30:00','one moere',NULL,'2021-04-13 17:27:02','2021-04-13 17:27:02','d761c981-3502-49e4-a425-ef189f97e5bf'),('875d0651-6ff3-4ae3-a4c7-066d64723131','Adiamento',NULL,'2021-04-29 01:00:00','2021-04-29 05:00:00','In this post i will show you change, keypress, keyup and keydown event in angular. you can easily use ',NULL,'2021-04-17 08:28:23','2021-04-17 08:28:23','d761c981-3502-49e4-a425-ef189f97e5bf'),('a45cad5f-6c0d-479a-800b-f72e5fdfe95b','Telefonar o Chefe',0,'2020-12-11 08:45:00','2020-12-11 09:00:00','Partilho no link abaixo o ficheiro em assunto referente aos pontos em aberto abordados nas reuniões em assunto.',NULL,'2020-12-19 17:09:16','2020-12-19 17:09:16','c33cda14-38c3-4670-9643-7d71c23fb098'),('e9986657-d57d-4ccd-a65a-77fb02160bc4','Treinar o Rasengan',0,'2021-04-29 03:00:00','2021-04-29 09:30:00','Lorem ipsum, dolor sit amet consectetur adipisicing elit. Quod id magnam blanditiis, ut repudiandae debitis! Labore',NULL,'2021-04-17 10:50:40','2021-04-17 10:52:14','d761c981-3502-49e4-a425-ef189f97e5bf'),('f26dc147-4f53-4d45-a798-e48e83973402','Lavar roupa',1,'2020-12-16 14:00:00','2020-12-16 15:30:00',NULL,NULL,'2020-12-16 12:36:31','2020-12-19 16:54:33','c33cda14-38c3-4670-9643-7d71c23fb098'),('fc8f7109-8c95-4e38-a301-67e741b9cc3a','tring new one',0,'2021-04-30 02:30:00','2021-04-30 03:00:00','please do at hook',NULL,'2021-04-13 17:25:47','2021-04-13 17:25:47','d761c981-3502-49e4-a425-ef189f97e5bf'),('ffed4307-343b-4da2-a538-519138ed7390','Master again v2',0,NULL,NULL,'Ok',NULL,'2021-04-12 19:53:39','2021-04-12 19:53:39','d761c981-3502-49e4-a425-ef189f97e5bf');
/*!40000 ALTER TABLE `todos` ENABLE KEYS */;
UNLOCK TABLES;

--
-- Table structure for table `topics`
--

DROP TABLE IF EXISTS `topics`;
/*!40101 SET @saved_cs_client     = @@character_set_client */;
/*!50503 SET character_set_client = utf8mb4 */;
CREATE TABLE `topics` (
  `id` char(36) CHARACTER SET utf8mb3 COLLATE utf8mb3_bin NOT NULL,
  `code` varchar(255) DEFAULT NULL,
  `title` varchar(255) DEFAULT NULL,
  `descriptions` varchar(255) DEFAULT NULL,
  `duration` int DEFAULT NULL,
  `isActive` tinyint(1) DEFAULT NULL,
  `createdAt` datetime DEFAULT NULL,
  `updatedAt` datetime DEFAULT NULL,
  `moduleId` char(36) CHARACTER SET utf8mb3 COLLATE utf8mb3_bin DEFAULT NULL,
  PRIMARY KEY (`id`),
  KEY `moduleId` (`moduleId`),
  KEY `topics_id_module_id` (`id`,`moduleId`),
  CONSTRAINT `topics_ibfk_1` FOREIGN KEY (`moduleId`) REFERENCES `modules` (`id`) ON DELETE SET NULL ON UPDATE CASCADE
) ENGINE=InnoDB DEFAULT CHARSET=utf8mb3;
/*!40101 SET character_set_client = @saved_cs_client */;

--
-- Dumping data for table `topics`
--

LOCK TABLES `topics` WRITE;
/*!40000 ALTER TABLE `topics` DISABLE KEYS */;
/*!40000 ALTER TABLE `topics` ENABLE KEYS */;
UNLOCK TABLES;

--
-- Table structure for table `user_answers`
--

DROP TABLE IF EXISTS `user_answers`;
/*!40101 SET @saved_cs_client     = @@character_set_client */;
/*!50503 SET character_set_client = utf8mb4 */;
CREATE TABLE `user_answers` (
  `createdAt` datetime NOT NULL,
  `updatedAt` datetime NOT NULL,
  `answerId` char(36) CHARACTER SET utf8mb3 COLLATE utf8mb3_bin NOT NULL,
  `userId` char(36) CHARACTER SET utf8mb3 COLLATE utf8mb3_bin NOT NULL,
  PRIMARY KEY (`answerId`,`userId`),
  KEY `userId` (`userId`),
  CONSTRAINT `user_answers_ibfk_1` FOREIGN KEY (`answerId`) REFERENCES `users` (`id`) ON DELETE CASCADE ON UPDATE CASCADE,
  CONSTRAINT `user_answers_ibfk_2` FOREIGN KEY (`userId`) REFERENCES `answers` (`id`) ON DELETE CASCADE ON UPDATE CASCADE
) ENGINE=InnoDB DEFAULT CHARSET=utf8mb3;
/*!40101 SET character_set_client = @saved_cs_client */;

--
-- Dumping data for table `user_answers`
--

LOCK TABLES `user_answers` WRITE;
/*!40000 ALTER TABLE `user_answers` DISABLE KEYS */;
/*!40000 ALTER TABLE `user_answers` ENABLE KEYS */;
UNLOCK TABLES;

--
-- Table structure for table `user_evaluations`
--

DROP TABLE IF EXISTS `user_evaluations`;
/*!40101 SET @saved_cs_client     = @@character_set_client */;
/*!50503 SET character_set_client = utf8mb4 */;
CREATE TABLE `user_evaluations` (
  `id` char(36) CHARACTER SET utf8mb3 COLLATE utf8mb3_bin NOT NULL,
  `points` int DEFAULT NULL,
  `descriptions` varchar(255) DEFAULT NULL,
  `isActive` tinyint(1) DEFAULT NULL,
  `createdAt` datetime DEFAULT NULL,
  `updatedAt` datetime DEFAULT NULL,
  `evaluatorId` char(36) CHARACTER SET utf8mb3 COLLATE utf8mb3_bin DEFAULT NULL,
  `userId` char(36) CHARACTER SET utf8mb3 COLLATE utf8mb3_bin DEFAULT NULL,
  `requestedId` char(36) CHARACTER SET utf8mb3 COLLATE utf8mb3_bin DEFAULT NULL,
  `evaluationId` char(36) CHARACTER SET utf8mb3 COLLATE utf8mb3_bin DEFAULT NULL,
  `requestId` char(36) CHARACTER SET utf8mb3 COLLATE utf8mb3_bin DEFAULT NULL,
  `requesterId` varchar(50) DEFAULT NULL,
  PRIMARY KEY (`id`),
  KEY `evaluatorId` (`evaluatorId`),
  KEY `userId` (`userId`),
  KEY `requestedId` (`requestedId`),
  KEY `requestId` (`requestId`),
  KEY `user_evaluations_evaluation_id_user_id_requested_id_request_id` (`evaluationId`,`userId`,`requestedId`,`requestId`),
  CONSTRAINT `user_evaluations_ibfk_1` FOREIGN KEY (`evaluatorId`) REFERENCES `users` (`id`) ON DELETE SET NULL ON UPDATE CASCADE,
  CONSTRAINT `user_evaluations_ibfk_2` FOREIGN KEY (`userId`) REFERENCES `users` (`id`) ON DELETE SET NULL ON UPDATE CASCADE,
  CONSTRAINT `user_evaluations_ibfk_3` FOREIGN KEY (`requestedId`) REFERENCES `users` (`id`) ON DELETE SET NULL ON UPDATE CASCADE,
  CONSTRAINT `user_evaluations_ibfk_4` FOREIGN KEY (`evaluationId`) REFERENCES `evaluations` (`id`) ON DELETE SET NULL ON UPDATE CASCADE,
  CONSTRAINT `user_evaluations_ibfk_5` FOREIGN KEY (`requestId`) REFERENCES `evaluation_requests` (`id`) ON DELETE SET NULL ON UPDATE CASCADE
) ENGINE=InnoDB DEFAULT CHARSET=utf8mb3;
/*!40101 SET character_set_client = @saved_cs_client */;

--
-- Dumping data for table `user_evaluations`
--

LOCK TABLES `user_evaluations` WRITE;
/*!40000 ALTER TABLE `user_evaluations` DISABLE KEYS */;
INSERT INTO `user_evaluations` VALUES ('08bc14b0-9b47-4a06-8702-0513f23c3743',2,NULL,NULL,'2020-12-18 12:52:08','2020-12-18 12:52:08',NULL,'e2046104-7b22-490c-9a17-b1882f91cefd','c33cda14-38c3-4670-9643-7d71c23fb098','f243900c-2c14-4670-8717-058cb3e9715f','1db932a4-c4be-47fe-b6c5-92de01283dfa',NULL),('16b38065-23a5-46fc-8501-f9bbfedbf26c',2,NULL,NULL,'2020-12-18 13:54:48','2020-12-18 13:54:48',NULL,'c33cda14-38c3-4670-9643-7d71c23fb098','e2046104-7b22-490c-9a17-b1882f91cefd','f243900c-2c15-4670-8717-058cb3e9715f','eceb2ea8-6bd1-44a2-89c5-5f5b95fbb4b8','44eb445f-78e9-4632-ae53-32ac0d3206a9'),('199b63de-a176-48a9-8ad5-94c7dd35eaa3',3,NULL,NULL,'2020-12-15 11:29:39','2020-12-15 11:29:39',NULL,'e2046104-7b22-490c-9a17-b1882f91cefd','c33cda14-38c3-4670-9643-7d71c23fb098','f243900c-2c15-4670-8717-058cb3e9715f','1db932a4-c4be-47fe-b6c5-92de01283dfa',NULL),('1c08d13f-9d60-4bfc-80c3-ea422522f1f4',2,NULL,NULL,'2020-12-18 13:56:16','2020-12-18 13:56:16',NULL,'e2046104-7b22-490c-9a17-b1882f91cefd','e2046104-7b22-490c-9a17-b1882f91cefd','f243900c-2c11-4670-8717-058cb3e9715f',NULL,NULL),('1dd2a828-47f8-4646-bec7-ecc19cb94ed3',3,NULL,NULL,'2021-03-12 16:43:28','2021-03-12 16:43:28',NULL,'d761c981-3502-49e4-a425-ef189f97e5bf','d761c981-3502-49e4-a425-ef189f97e5bf','716d5af5-1638-45d3-bf33-10d93ebafae7',NULL,NULL),('25a4f5ff-9bfe-4fc2-ac42-2478c7cc4d0c',2,NULL,NULL,'2021-03-12 16:43:33','2021-03-12 16:43:33',NULL,'d761c981-3502-49e4-a425-ef189f97e5bf','d761c981-3502-49e4-a425-ef189f97e5bf','f243900c-2c13-4670-8717-058cb3e9715f',NULL,NULL),('2869a1cd-637e-4846-968e-9c33fb79f80f',3,NULL,NULL,'2020-12-18 13:56:26','2020-12-18 13:56:26',NULL,'e2046104-7b22-490c-9a17-b1882f91cefd','e2046104-7b22-490c-9a17-b1882f91cefd','f243900c-2c13-4670-8717-058cb3e9715f',NULL,NULL),('2d98cc7f-18a1-464b-93a1-2e0400d39522',4,NULL,NULL,'2021-03-12 16:43:38','2021-03-12 16:43:38',NULL,'d761c981-3502-49e4-a425-ef189f97e5bf','d761c981-3502-49e4-a425-ef189f97e5bf','f243900c-2c12-4670-8717-058cb3e9715f',NULL,NULL),('32cdd3af-d659-45c1-93c2-eaf5acbdd0da',3,NULL,NULL,'2020-12-18 13:56:14','2020-12-18 13:56:14',NULL,'e2046104-7b22-490c-9a17-b1882f91cefd','e2046104-7b22-490c-9a17-b1882f91cefd','f243900c-2c15-4670-8717-058cb3e9715f',NULL,NULL),('3794fb14-ccbf-4ba0-ad2c-85ea84a59ce6',4,NULL,NULL,'2020-12-18 13:54:58','2020-12-18 13:54:58',NULL,'c33cda14-38c3-4670-9643-7d71c23fb098','e2046104-7b22-490c-9a17-b1882f91cefd','f243900c-2c13-4670-8717-058cb3e9715f','eceb2ea8-6bd1-44a2-89c5-5f5b95fbb4b8','44eb445f-78e9-4632-ae53-32ac0d3206a9'),('3b7208a2-4285-460f-bdac-ded41fa391a8',4,NULL,NULL,'2020-12-18 13:55:00','2020-12-18 13:55:00',NULL,'c33cda14-38c3-4670-9643-7d71c23fb098','e2046104-7b22-490c-9a17-b1882f91cefd','f243900c-2c12-4670-8717-058cb3e9715f','eceb2ea8-6bd1-44a2-89c5-5f5b95fbb4b8','44eb445f-78e9-4632-ae53-32ac0d3206a9'),('4d1877b8-2ee4-48f6-b848-019449413dc7',3,NULL,NULL,'2020-12-18 13:54:43','2020-12-18 13:54:43',NULL,'c33cda14-38c3-4670-9643-7d71c23fb098','e2046104-7b22-490c-9a17-b1882f91cefd','f243900c-2c10-4670-8717-058cb3e9715f','eceb2ea8-6bd1-44a2-89c5-5f5b95fbb4b8','44eb445f-78e9-4632-ae53-32ac0d3206a9'),('52d5899a-d412-4491-88e9-e65969bd3da9',3,NULL,NULL,'2020-12-18 13:54:45','2020-12-18 13:54:45',NULL,'c33cda14-38c3-4670-9643-7d71c23fb098','e2046104-7b22-490c-9a17-b1882f91cefd','f243900c-2c11-4670-8717-058cb3e9715f','eceb2ea8-6bd1-44a2-89c5-5f5b95fbb4b8','44eb445f-78e9-4632-ae53-32ac0d3206a9'),('56f4d853-fa14-4f4e-a065-db4c836e5628',3,NULL,NULL,'2020-12-15 11:41:19','2020-12-15 11:41:19',NULL,'c33cda14-38c3-4670-9643-7d71c23fb098','c33cda14-38c3-4670-9643-7d71c23fb098','1c37b67f-886c-40ed-af01-8934130d61f4',NULL,'44eb445f-78e9-4632-ae53-32ac0d3206a9'),('5fc1d74a-0611-499c-b70e-b819ef6e21a9',4,NULL,NULL,'2020-12-19 17:01:18','2020-12-19 17:01:18',NULL,'6eae3cf5-44a1-4206-b990-c4d506fc90b0','6eae3cf5-44a1-4206-b990-c4d506fc90b0','1c37b67f-886c-40ed-af01-8934130d61f4',NULL,NULL),('74c05dae-eb0d-4813-9741-a841210196d4',4,NULL,NULL,'2020-12-18 13:56:20','2020-12-18 13:56:20',NULL,'e2046104-7b22-490c-9a17-b1882f91cefd','e2046104-7b22-490c-9a17-b1882f91cefd','716d5af5-1638-45d3-bf33-10d93ebafae7',NULL,NULL),('7c8b87b7-46ce-4aa9-a16d-dd7a3f0ddec3',3,NULL,NULL,'2020-12-13 11:46:25','2020-12-13 11:46:25',NULL,'e2046104-7b22-490c-9a17-b1882f91cefd','e2046104-7b22-490c-9a17-b1882f91cefd','1c37b67f-886c-40ed-af01-8934130d61f4',NULL,NULL),('806ace74-7b40-4b4a-acff-05811b59a785',3,NULL,NULL,'2020-12-13 11:46:28','2020-12-13 11:46:28',NULL,'e2046104-7b22-490c-9a17-b1882f91cefd','e2046104-7b22-490c-9a17-b1882f91cefd','f243900c-2c10-4670-8717-058cb3e9715f',NULL,NULL),('80c485a2-9f63-491a-ac24-6d890c0f0fff',2,NULL,NULL,'2020-12-15 11:46:14','2020-12-15 11:46:14',NULL,'c33cda14-38c3-4670-9643-7d71c23fb098','c33cda14-38c3-4670-9643-7d71c23fb098','f243900c-2c10-4670-8717-058cb3e9715f',NULL,'44eb445f-78e9-4632-ae53-32ac0d3206a9'),('84124994-b522-4bd9-8bbd-86a792c3219f',4,NULL,NULL,'2021-03-12 16:43:36','2021-03-12 16:43:36',NULL,'d761c981-3502-49e4-a425-ef189f97e5bf','d761c981-3502-49e4-a425-ef189f97e5bf','f243900c-2c14-4670-8717-058cb3e9715f',NULL,NULL),('88e58254-a9b3-4e07-9100-3356a0b15859',2,NULL,NULL,'2020-12-18 13:54:52','2020-12-18 13:54:52',NULL,'c33cda14-38c3-4670-9643-7d71c23fb098','e2046104-7b22-490c-9a17-b1882f91cefd','1c37b67f-886c-40ed-af01-8934130d61f4','eceb2ea8-6bd1-44a2-89c5-5f5b95fbb4b8','44eb445f-78e9-4632-ae53-32ac0d3206a9'),('90f0adf6-4ef8-4c8f-985e-32b8949eefe5',3,NULL,NULL,'2020-12-18 13:54:41','2020-12-18 13:54:41',NULL,'c33cda14-38c3-4670-9643-7d71c23fb098','e2046104-7b22-490c-9a17-b1882f91cefd','716d5af5-1638-45d3-bf33-10d93ebafae7','eceb2ea8-6bd1-44a2-89c5-5f5b95fbb4b8','44eb445f-78e9-4632-ae53-32ac0d3206a9'),('95ccd507-8edc-4e45-901f-61c74e220ebd',2,NULL,NULL,'2020-12-18 12:52:04','2020-12-18 12:52:04',NULL,'e2046104-7b22-490c-9a17-b1882f91cefd','c33cda14-38c3-4670-9643-7d71c23fb098','f243900c-2c12-4670-8717-058cb3e9715f','1db932a4-c4be-47fe-b6c5-92de01283dfa',NULL),('9db84c3b-db01-48fc-ba9d-43311e00e114',2,NULL,NULL,'2020-12-18 13:54:50','2020-12-18 13:54:50',NULL,'c33cda14-38c3-4670-9643-7d71c23fb098','e2046104-7b22-490c-9a17-b1882f91cefd','6295a5b1-421b-442b-afd4-d5cce44e822a','eceb2ea8-6bd1-44a2-89c5-5f5b95fbb4b8','44eb445f-78e9-4632-ae53-32ac0d3206a9'),('9e31b203-d574-4baa-9213-c64347e2c5b1',3,NULL,NULL,'2020-12-18 13:56:23','2020-12-18 13:56:23',NULL,'e2046104-7b22-490c-9a17-b1882f91cefd','e2046104-7b22-490c-9a17-b1882f91cefd','f243900c-2c12-4670-8717-058cb3e9715f',NULL,NULL),('9f812273-cd70-4899-8965-eab11d08ccf0',2,NULL,NULL,'2020-12-18 12:48:14','2020-12-18 12:48:14',NULL,'c33cda14-38c3-4670-9643-7d71c23fb098','c33cda14-38c3-4670-9643-7d71c23fb098','f243900c-2c13-4670-8717-058cb3e9715f',NULL,'44eb445f-78e9-4632-ae53-32ac0d3206a9'),('a5c251fa-4011-431c-a54d-2e5b66fca965',2,NULL,NULL,'2021-03-12 16:43:25','2021-03-12 16:43:25',NULL,'d761c981-3502-49e4-a425-ef189f97e5bf','d761c981-3502-49e4-a425-ef189f97e5bf','f243900c-2c11-4670-8717-058cb3e9715f',NULL,NULL),('b438bcef-7d92-4469-9fd4-b37df298a535',4,NULL,NULL,'2020-12-15 11:46:06','2020-12-15 11:46:06',NULL,'c33cda14-38c3-4670-9643-7d71c23fb098','c33cda14-38c3-4670-9643-7d71c23fb098','6295a5b1-421b-442b-afd4-d5cce44e822a',NULL,'44eb445f-78e9-4632-ae53-32ac0d3206a9'),('b7759707-eb29-401d-8576-6f9a948a6134',4,NULL,NULL,'2021-03-12 16:43:20','2021-03-12 16:43:20',NULL,'d761c981-3502-49e4-a425-ef189f97e5bf','d761c981-3502-49e4-a425-ef189f97e5bf','6295a5b1-421b-442b-afd4-d5cce44e822a',NULL,NULL),('b7c4e88a-bd6f-4358-ae64-fbf398dd86f2',4,NULL,NULL,'2020-12-15 11:46:09','2020-12-15 11:46:09',NULL,'c33cda14-38c3-4670-9643-7d71c23fb098','c33cda14-38c3-4670-9643-7d71c23fb098','f243900c-2c15-4670-8717-058cb3e9715f',NULL,'44eb445f-78e9-4632-ae53-32ac0d3206a9'),('b8cc21d2-ba56-45b7-ac79-f3a4941d2ef7',4,NULL,NULL,'2021-03-12 16:43:23','2021-03-12 16:43:23',NULL,'d761c981-3502-49e4-a425-ef189f97e5bf','d761c981-3502-49e4-a425-ef189f97e5bf','f243900c-2c15-4670-8717-058cb3e9715f',NULL,NULL),('c1351bd8-b0ca-4332-aaab-6e2bbe057e4d',1,NULL,NULL,'2020-12-15 11:46:12','2020-12-15 11:46:12',NULL,'c33cda14-38c3-4670-9643-7d71c23fb098','c33cda14-38c3-4670-9643-7d71c23fb098','716d5af5-1638-45d3-bf33-10d93ebafae7',NULL,'44eb445f-78e9-4632-ae53-32ac0d3206a9'),('c1987851-40de-47ca-8c22-dfe9efdaa888',3,NULL,NULL,'2020-12-19 17:01:25','2020-12-19 17:01:25',NULL,'6eae3cf5-44a1-4206-b990-c4d506fc90b0','6eae3cf5-44a1-4206-b990-c4d506fc90b0','6295a5b1-421b-442b-afd4-d5cce44e822a',NULL,NULL),('c77b8ec3-e86c-415b-8422-b901c1f856ec',3,NULL,NULL,'2020-12-18 12:51:59','2020-12-18 12:51:59',NULL,'e2046104-7b22-490c-9a17-b1882f91cefd','c33cda14-38c3-4670-9643-7d71c23fb098','1c37b67f-886c-40ed-af01-8934130d61f4','1db932a4-c4be-47fe-b6c5-92de01283dfa',NULL),('cf4e8f0b-e4e1-482b-b04f-5477e867f944',3,NULL,NULL,'2021-03-12 16:43:15','2021-03-12 16:43:15',NULL,'d761c981-3502-49e4-a425-ef189f97e5bf','d761c981-3502-49e4-a425-ef189f97e5bf','1c37b67f-886c-40ed-af01-8934130d61f4',NULL,NULL),('d027dcfa-9fca-4592-9884-900270ae310f',4,NULL,NULL,'2020-12-15 11:46:17','2020-12-15 11:46:17',NULL,'c33cda14-38c3-4670-9643-7d71c23fb098','c33cda14-38c3-4670-9643-7d71c23fb098','f243900c-2c11-4670-8717-058cb3e9715f',NULL,'44eb445f-78e9-4632-ae53-32ac0d3206a9'),('d3e30400-fe1e-4e1e-8424-616c5e7e0f77',4,NULL,NULL,'2020-12-18 13:54:55','2020-12-18 13:54:55',NULL,'c33cda14-38c3-4670-9643-7d71c23fb098','e2046104-7b22-490c-9a17-b1882f91cefd','f243900c-2c14-4670-8717-058cb3e9715f','eceb2ea8-6bd1-44a2-89c5-5f5b95fbb4b8','44eb445f-78e9-4632-ae53-32ac0d3206a9'),('d4dfe94b-3c33-4fc5-86a4-f2b92da81e23',4,NULL,NULL,'2020-12-18 13:56:28','2020-12-18 13:56:28',NULL,'e2046104-7b22-490c-9a17-b1882f91cefd','e2046104-7b22-490c-9a17-b1882f91cefd','f243900c-2c14-4670-8717-058cb3e9715f',NULL,NULL),('d69496b8-30d3-4804-a274-bbb39376a0c5',3,NULL,NULL,'2020-12-13 11:47:22','2020-12-13 11:47:22',NULL,'e2046104-7b22-490c-9a17-b1882f91cefd','c33cda14-38c3-4670-9643-7d71c23fb098','f243900c-2c10-4670-8717-058cb3e9715f','1db932a4-c4be-47fe-b6c5-92de01283dfa',NULL),('daf807bb-fd47-4f07-bf24-66a1ea022295',4,NULL,NULL,'2020-12-16 13:20:05','2020-12-16 13:20:05',NULL,'c33cda14-38c3-4670-9643-7d71c23fb098','c33cda14-38c3-4670-9643-7d71c23fb098','f243900c-2c12-4670-8717-058cb3e9715f',NULL,'44eb445f-78e9-4632-ae53-32ac0d3206a9'),('dd71443d-320b-4694-bcf8-7b37abcc57e6',4,NULL,NULL,'2021-03-12 16:43:30','2021-03-12 16:43:30',NULL,'d761c981-3502-49e4-a425-ef189f97e5bf','d761c981-3502-49e4-a425-ef189f97e5bf','f243900c-2c10-4670-8717-058cb3e9715f',NULL,NULL),('e6dbaabe-025c-47a4-8118-4a8095ae0818',3,NULL,NULL,'2020-12-18 13:56:12','2020-12-18 13:56:12',NULL,'e2046104-7b22-490c-9a17-b1882f91cefd','e2046104-7b22-490c-9a17-b1882f91cefd','6295a5b1-421b-442b-afd4-d5cce44e822a',NULL,NULL),('ead9f40d-cad9-42e1-8e5d-66c74e848654',3,NULL,NULL,'2020-12-18 12:51:56','2020-12-18 12:51:56',NULL,'e2046104-7b22-490c-9a17-b1882f91cefd','c33cda14-38c3-4670-9643-7d71c23fb098','6295a5b1-421b-442b-afd4-d5cce44e822a','1db932a4-c4be-47fe-b6c5-92de01283dfa',NULL),('eefa8685-01b1-4b9b-8f77-d5558be12e85',2,NULL,NULL,'2020-12-18 12:52:06','2020-12-18 12:52:06',NULL,'e2046104-7b22-490c-9a17-b1882f91cefd','c33cda14-38c3-4670-9643-7d71c23fb098','f243900c-2c13-4670-8717-058cb3e9715f','1db932a4-c4be-47fe-b6c5-92de01283dfa',NULL),('f7728765-070b-4c08-9b25-f6846b227178',3,NULL,NULL,'2020-12-13 11:47:04','2020-12-13 11:47:04',NULL,'e2046104-7b22-490c-9a17-b1882f91cefd','c33cda14-38c3-4670-9643-7d71c23fb098','f243900c-2c11-4670-8717-058cb3e9715f','1db932a4-c4be-47fe-b6c5-92de01283dfa',NULL),('f8b3c975-9b63-47d6-86ca-95ad46278c55',2,NULL,NULL,'2020-12-18 12:48:16','2020-12-18 12:48:16',NULL,'c33cda14-38c3-4670-9643-7d71c23fb098','c33cda14-38c3-4670-9643-7d71c23fb098','f243900c-2c14-4670-8717-058cb3e9715f',NULL,'44eb445f-78e9-4632-ae53-32ac0d3206a9'),('fc089e8d-ba0d-44c7-ae86-c2ec1dce08c3',1,NULL,NULL,'2020-12-18 12:52:02','2020-12-18 12:52:02',NULL,'e2046104-7b22-490c-9a17-b1882f91cefd','c33cda14-38c3-4670-9643-7d71c23fb098','716d5af5-1638-45d3-bf33-10d93ebafae7','1db932a4-c4be-47fe-b6c5-92de01283dfa',NULL);
/*!40000 ALTER TABLE `user_evaluations` ENABLE KEYS */;
UNLOCK TABLES;

--
-- Table structure for table `user_quiz_answers`
--

DROP TABLE IF EXISTS `user_quiz_answers`;
/*!40101 SET @saved_cs_client     = @@character_set_client */;
/*!50503 SET character_set_client = utf8mb4 */;
CREATE TABLE `user_quiz_answers` (
  `createdAt` datetime NOT NULL,
  `updatedAt` datetime NOT NULL,
  `userId` char(36) CHARACTER SET utf8mb3 COLLATE utf8mb3_bin NOT NULL,
  `answerId` char(36) CHARACTER SET utf8mb3 COLLATE utf8mb3_bin NOT NULL,
  PRIMARY KEY (`userId`,`answerId`),
  KEY `answerId` (`answerId`),
  CONSTRAINT `user_quiz_answers_ibfk_1` FOREIGN KEY (`userId`) REFERENCES `users` (`id`) ON DELETE CASCADE ON UPDATE CASCADE,
  CONSTRAINT `user_quiz_answers_ibfk_2` FOREIGN KEY (`answerId`) REFERENCES `answers` (`id`) ON DELETE CASCADE ON UPDATE CASCADE
) ENGINE=InnoDB DEFAULT CHARSET=utf8mb3;
/*!40101 SET character_set_client = @saved_cs_client */;

--
-- Dumping data for table `user_quiz_answers`
--

LOCK TABLES `user_quiz_answers` WRITE;
/*!40000 ALTER TABLE `user_quiz_answers` DISABLE KEYS */;
/*!40000 ALTER TABLE `user_quiz_answers` ENABLE KEYS */;
UNLOCK TABLES;

--
-- Table structure for table `user_task_answers`
--

DROP TABLE IF EXISTS `user_task_answers`;
/*!40101 SET @saved_cs_client     = @@character_set_client */;
/*!50503 SET character_set_client = utf8mb4 */;
CREATE TABLE `user_task_answers` (
  `createdAt` datetime NOT NULL,
  `updatedAt` datetime NOT NULL,
  `userId` char(36) CHARACTER SET utf8mb3 COLLATE utf8mb3_bin NOT NULL,
  `taskAnswerId` char(36) CHARACTER SET utf8mb3 COLLATE utf8mb3_bin NOT NULL,
  PRIMARY KEY (`userId`,`taskAnswerId`),
  KEY `taskAnswerId` (`taskAnswerId`),
  CONSTRAINT `user_task_answers_ibfk_1` FOREIGN KEY (`userId`) REFERENCES `users` (`id`) ON DELETE CASCADE ON UPDATE CASCADE,
  CONSTRAINT `user_task_answers_ibfk_2` FOREIGN KEY (`taskAnswerId`) REFERENCES `task_answers` (`id`) ON DELETE CASCADE ON UPDATE CASCADE
) ENGINE=InnoDB DEFAULT CHARSET=utf8mb3;
/*!40101 SET character_set_client = @saved_cs_client */;

--
-- Dumping data for table `user_task_answers`
--

LOCK TABLES `user_task_answers` WRITE;
/*!40000 ALTER TABLE `user_task_answers` DISABLE KEYS */;
INSERT INTO `user_task_answers` VALUES ('2021-01-09 09:53:23','2021-01-09 09:53:23','c33cda14-38c3-4670-9643-7d71c23fb098','052704ce-80dc-4c5c-9c56-dff47a6f7504'),('2021-02-12 18:51:17','2021-02-12 18:51:17','c33cda14-38c3-4670-9643-7d71c23fb098','19994c33-c1f1-4992-a016-42b9dc40ff9d'),('2021-02-12 18:40:36','2021-02-12 18:40:36','c33cda14-38c3-4670-9643-7d71c23fb098','1dccd9a4-1e62-4324-b200-eec20699248a'),('2021-02-12 18:51:22','2021-02-12 18:51:22','c33cda14-38c3-4670-9643-7d71c23fb098','24f1ecf5-5b86-405d-a53b-c2c91da5d2a0'),('2021-01-09 12:16:22','2021-01-09 12:16:22','c33cda14-38c3-4670-9643-7d71c23fb098','26a309dc-a9f0-4770-ae97-69613151f620'),('2021-02-12 18:51:15','2021-02-12 18:51:15','c33cda14-38c3-4670-9643-7d71c23fb098','3096d114-eb46-4014-8a99-b000930fe91f'),('2021-01-09 11:16:04','2021-01-09 11:16:04','c33cda14-38c3-4670-9643-7d71c23fb098','354d3932-e71b-4641-ace5-6445c5ab38bc'),('2021-01-09 11:18:22','2021-01-09 11:18:22','c33cda14-38c3-4670-9643-7d71c23fb098','37971929-f5f1-49f9-aeda-4522d0467dff'),('2021-02-10 10:44:35','2021-02-10 10:44:35','c33cda14-38c3-4670-9643-7d71c23fb098','51646ac2-3deb-4596-b597-eb656ec0af15'),('2021-02-10 10:44:45','2021-02-10 10:44:45','c33cda14-38c3-4670-9643-7d71c23fb098','5f7152b9-0ed3-48fb-b280-d933a8db61ae'),('2021-01-09 09:57:12','2021-01-09 09:57:12','c33cda14-38c3-4670-9643-7d71c23fb098','70651922-47f5-4923-b584-1172bc04e3b6'),('2021-02-10 10:43:44','2021-02-10 10:43:44','c33cda14-38c3-4670-9643-7d71c23fb098','71601883-11b3-41cc-9612-a4e120655f5a'),('2021-02-12 18:53:05','2021-02-12 18:53:05','c33cda14-38c3-4670-9643-7d71c23fb098','816d94d4-c889-4df0-a10a-d2f0b833e494'),('2021-02-12 18:40:31','2021-02-12 18:40:31','c33cda14-38c3-4670-9643-7d71c23fb098','889ea7d9-59f8-47d0-81f9-8fb096ed22c2'),('2021-02-10 10:43:35','2021-02-10 10:43:35','c33cda14-38c3-4670-9643-7d71c23fb098','903d5ebe-5b5f-4b3f-9e44-4410fdcc67b5'),('2021-02-10 10:43:40','2021-02-10 10:43:40','c33cda14-38c3-4670-9643-7d71c23fb098','92a0afed-3f8d-407b-9f28-0bdf9b1154b3'),('2021-02-10 10:43:53','2021-02-10 10:43:53','c33cda14-38c3-4670-9643-7d71c23fb098','9440a51d-0035-4089-bc58-b47315c47626'),('2021-01-09 11:15:58','2021-01-09 11:15:58','c33cda14-38c3-4670-9643-7d71c23fb098','9b34538b-b869-425a-8627-c9ccd8651320'),('2021-02-10 10:43:30','2021-02-10 10:43:30','c33cda14-38c3-4670-9643-7d71c23fb098','a2de8cb6-3cd5-4162-b662-0b2939be8a24'),('2021-02-12 18:54:22','2021-02-12 18:54:22','c33cda14-38c3-4670-9643-7d71c23fb098','a6cfd348-103b-462e-a45e-6d1821da6596'),('2021-02-10 10:44:52','2021-02-10 10:44:52','c33cda14-38c3-4670-9643-7d71c23fb098','a7c63d43-d670-4b88-88f5-096380e98ff3'),('2021-01-09 12:16:16','2021-01-09 12:16:16','c33cda14-38c3-4670-9643-7d71c23fb098','a7d15fda-7c6a-40e7-a116-83124d690f6b'),('2021-01-09 09:57:08','2021-01-09 09:57:08','c33cda14-38c3-4670-9643-7d71c23fb098','dcffb632-4731-44df-aa38-eaeb6e0b9a91'),('2021-01-09 11:17:50','2021-01-09 11:17:50','c33cda14-38c3-4670-9643-7d71c23fb098','de4f31d2-9ea1-415a-ae2b-4d5ee8944db5'),('2021-02-12 18:54:11','2021-02-12 18:54:11','c33cda14-38c3-4670-9643-7d71c23fb098','e8824925-7ea7-43ae-afd5-56aaa02b5f86'),('2021-02-10 10:43:49','2021-02-10 10:43:49','c33cda14-38c3-4670-9643-7d71c23fb098','e9055eea-a0c8-4fe8-9a24-a0df78c0d502'),('2021-02-12 18:54:18','2021-02-12 18:54:18','c33cda14-38c3-4670-9643-7d71c23fb098','ec73e63c-3994-4a74-b58a-4fe82f14c8e3'),('2021-01-09 11:15:54','2021-01-09 11:15:54','c33cda14-38c3-4670-9643-7d71c23fb098','f08df4cd-336d-48e8-9b5c-64b8436b4b9f'),('2021-02-12 18:40:39','2021-02-12 18:40:39','c33cda14-38c3-4670-9643-7d71c23fb098','f13fbc61-d8aa-4136-ae44-6e011688b3b3'),('2021-02-12 16:53:34','2021-02-12 16:53:34','c33cda14-38c3-4670-9643-7d71c23fb098','f6f3d741-15ad-4952-a543-39d0d724bce2'),('2021-01-09 11:17:46','2021-01-09 11:17:46','c33cda14-38c3-4670-9643-7d71c23fb098','f79d301a-b2f8-4632-94d4-dc7ab82b6152'),('2021-02-10 10:44:38','2021-02-10 10:44:38','c33cda14-38c3-4670-9643-7d71c23fb098','fb01f6e0-cd95-4706-944b-fb22db51bed7');
/*!40000 ALTER TABLE `user_task_answers` ENABLE KEYS */;
UNLOCK TABLES;

--
-- Table structure for table `users`
--

DROP TABLE IF EXISTS `users`;
/*!40101 SET @saved_cs_client     = @@character_set_client */;
/*!50503 SET character_set_client = utf8mb4 */;
CREATE TABLE `users` (
  `id` char(36) CHARACTER SET utf8mb3 COLLATE utf8mb3_bin NOT NULL,
  `username` varchar(255) DEFAULT NULL,
  `code` varchar(255) DEFAULT NULL,
  `email` varchar(255) DEFAULT NULL,
  `apikey` varchar(255) DEFAULT NULL,
  `roleId` varchar(255) DEFAULT NULL,
  `isActive` tinyint(1) DEFAULT NULL,
  `createdAt` datetime DEFAULT NULL,
  `updatedAt` datetime DEFAULT NULL,
  `photoUrl` varchar(255) DEFAULT NULL,
  `provider` varchar(500) DEFAULT NULL,
  `password` varchar(500) DEFAULT NULL,
  `salt` varchar(500) DEFAULT NULL,
  `telePhone` varchar(50) DEFAULT NULL,
  `settingId` char(36) DEFAULT NULL,
  `dataId` char(36) DEFAULT NULL,
  `roles` varchar(255) DEFAULT NULL,
  PRIMARY KEY (`id`),
  UNIQUE KEY `username` (`username`),
  UNIQUE KEY `email` (`email`),
  UNIQUE KEY `apikey` (`apikey`),
  UNIQUE KEY `username_2` (`username`),
  UNIQUE KEY `email_2` (`email`),
  UNIQUE KEY `apikey_2` (`apikey`),
  UNIQUE KEY `username_3` (`username`),
  UNIQUE KEY `email_3` (`email`),
  UNIQUE KEY `apikey_3` (`apikey`),
  UNIQUE KEY `username_4` (`username`),
  UNIQUE KEY `email_4` (`email`),
  UNIQUE KEY `apikey_4` (`apikey`),
  KEY `users_id_role_id` (`id`,`roleId`),
  KEY `users_roles_id_fk` (`roleId`),
  KEY `users_id_role_id_setting_id_data_id` (`id`,`roleId`,`settingId`,`dataId`),
  CONSTRAINT `users_ibfk_1` FOREIGN KEY (`roleId`) REFERENCES `roles` (`id`) ON DELETE SET NULL ON UPDATE CASCADE
) ENGINE=InnoDB DEFAULT CHARSET=utf8mb3;
/*!40101 SET character_set_client = @saved_cs_client */;

--
-- Dumping data for table `users`
--

LOCK TABLES `users` WRITE;
/*!40000 ALTER TABLE `users` DISABLE KEYS */;
INSERT INTO `users` VALUES ('0148b86a-5120-4a74-82b6-211463c8d041','lutoxnda@gmail.com','005','lutonxda@gmail.com',NULL,'FREE',NULL,'2023-03-23 17:28:53','2023-03-23 17:29:09','/avatar/default/unknow.jpg','LOCAL','lutonda@gmail.com','IiOn0wPmb5JNltPauEbqVg==',NULL,NULL,NULL,NULL),('01c8a942-1412-49b7-afae-0376f38802df','pedrao','012','pedrojoaodev1234@gmail.com',NULL,'FREE',NULL,'2023-03-23 18:58:24','2023-03-23 18:58:24','/avatar/default/unknow.jpg','LOCAL','1ab63b9a5ccdee13f9d0a1d30a4afcdaa95587d28368bc42ef5f80d5475a6414','lx4kP1QokzMJ34kaCn4CJw==',NULL,'01c8a942-1412-49b7-afae-0376f38802df','01c8a942-1412-49b7-afae-0376f38802df',NULL),('03bd42b9-4430-498b-9d3f-b8bd1b5311ff','pedro123','010','pedrojaoodev3@gmail.com',NULL,'FREE',NULL,'2023-03-23 18:33:24','2023-03-23 18:33:24','/avatar/default/unknow.jpg','LOCAL','c8f5ab7a9f3a9b08ece458e6aaba40a0bcbb298ae7b90f748057ff94a4935f9d','ijI7z9kNUv9OIboR/sB1Rw==',NULL,'03bd42b9-4430-498b-9d3f-b8bd1b5311ff','03bd42b9-4430-498b-9d3f-b8bd1b5311ff',NULL),('229a361a-40b2-400a-ad1d-01700ca26d19','Pedro','007','pedrojoaodev@gmail.com',NULL,'FREE',NULL,'2023-03-23 17:58:40','2023-03-23 18:29:35','/avatar/default/unknow.jpg','LOCAL','oeoeodppdp','YSkLcOvMECjVRzGHydY1TA==',NULL,'229a361a-40b2-400a-ad1d-01700ca26d19','229a361a-40b2-400a-ad1d-01700ca26d19',NULL),('24dd4bbb-3d28-40a9-b307-25bc0e5f1e5f',NULL,'009','pedrojoaodev3@gmail.com',NULL,'FREE',NULL,'2023-03-23 18:01:52','2023-03-23 18:01:52','/avatar/default/unknow.jpg','LOCAL','327e8415a0daa1909554267b2303ef9445919317e00d67763b35ad5c0096820e','XrqFLlPYS6H1JuIe8TRN+w==',NULL,'24dd4bbb-3d28-40a9-b307-25bc0e5f1e5f','24dd4bbb-3d28-40a9-b307-25bc0e5f1e5f',NULL),('3b5fe37f-a818-450e-9665-c4486fedddf1','pedrosousa12','014','sousa123@gmail.pt',NULL,'FREE',NULL,'2023-03-23 19:01:40','2023-03-23 19:01:40','/avatar/default/unknow.jpg','LOCAL','d517bf4d9ecea0f605279aaa8a96598aea729f2306531a17ae7ecd48adce41e7','TraCjwV2iINOdhMxVrOPEA==',NULL,'3b5fe37f-a818-450e-9665-c4486fedddf1','3b5fe37f-a818-450e-9665-c4486fedddf1',NULL),('44eb445f-78e9-4632-ae53-32ac0d3206a9','lutonda@gmail.com','003','lutonda@gmail.com',NULL,'FREE',1,'2020-12-13 11:44:02','2023-03-23 14:10:12','/avatar/costum/avatar-lutonda@gmail.com.jpeg','LOCAL','7fdfe895483f0362d595a0da4dec4c339935264c72652f241f7e4f038e7b02aa','uMeUZSNzqnhTmN3N2UXqOg==','917663792','44eb445f-78e9-4632-ae53-32ac0d3206a9','44eb445f-78e9-4632-ae53-32ac0d3206a9','FREE_ADMIN_PRO'),('49561424-a91f-483c-9521-acb0c0687d4d',NULL,'003','lutasdasd@asdasd.asdas',NULL,'FREE',NULL,'2023-03-23 16:59:41','2023-03-23 16:59:41','/avatar/default/unknow.jpg','LOCAL','c5455851bd8cd082655ed23dd68289f0120f34396defb9d58ae5fef3440a5e05','G513PjVSxxr4AEPVQA8Yrg==',NULL,NULL,NULL,NULL),('68295937-02b7-4179-9993-9ae9f82213ec',NULL,'006','pedro@gmail.com',NULL,'FREE',NULL,'2023-03-23 17:54:39','2023-03-23 17:54:41','/avatar/default/unknow.jpg','LOCAL','d103a4a1e8dfacdce056752126e8bb50161ebbac0d3d72393da34fb45d393360','9rFmQoJCSjuPMPkSKBP6Sg==',NULL,'68295937-02b7-4179-9993-9ae9f82213ec','68295937-02b7-4179-9993-9ae9f82213ec',NULL),('6eae3cf5-44a1-4206-b990-c4d506fc90b0',NULL,'001','marialindeza2sousa@gmail.com','ya29.a0AfH6SMA5hZOIFDy2rghLC11e3Xl5XxgsYo94bMFYapEGHV0iwi9p3f2xlsTN36XafAPB_z2a-1HajxNxljdeQL_pfxAb1vbgUcNwehYF7w1enayDjk0p-S1mK2NWXj9jfnrvWUeocVU8FdmKvxXp8BPaDzK548VDGVW3zbZRRWfU','FREE',NULL,'2020-12-18 21:38:16','2020-12-20 11:27:17','https://lh3.googleusercontent.com/a-/AOh14GgNeRxMkTBFEZC3o74wW-6ORuW75OJlOJQQgQSW=s96-c','GOOGLE','d46d7da323a2c0cc247ea95f0ba3971374aa30bb37fa5927eadedcd329070cb4','DBeF54f4rskDX9rpet5BHQ==',NULL,'6eae3cf5-44a1-4206-b990-c4d506fc90b0','6eae3cf5-44a1-4206-b990-c4d506fc90b0',''),('8815f2f0-4b0d-4307-8501-6615af80a5c2',NULL,'004','lutonda@gmail.comx',NULL,'FREE',NULL,'2023-03-23 17:03:07','2023-03-23 17:03:07','/avatar/default/unknow.jpg','LOCAL','145e15b2897aa9574e751bfb97a5ab594fe936dc7357a99952a088ba6209fa79','tMhAeiyfIbYoGUZIcMXMnA==',NULL,NULL,NULL,NULL),('a8673b62-2483-405d-ac49-c11b564d5f76',NULL,NULL,'suport@nova-erp.com',NULL,'FREE',1,'2020-12-15 09:48:23','2020-12-15 10:01:26','/avatar/costum/avatar-suport@nova-erp.com.jpeg','LOCAL','9db067e6ca0bc724bc9f555fd9a46d49eef1cdec0d6f7d5282a2030aec6d38d4','o968HaHj1DuY5CkZ+sj7Hg==','943568923','a8673b62-2483-405d-ac49-c11b564d5f76','a8673b62-2483-405d-ac49-c11b564d5f76','FREE'),('c33cda14-38c3-4670-9643-7d71c23fb098','lutonda',NULL,'lutonda@gmail.com.1','qQG8vrdl6ODe7k6YAAAg','FREE',1,'2020-12-13 11:44:02','2021-03-14 13:41:23','/avatar/costum/avatar-lutonda@gmail.com.jpeg','GOOGLE','2a18ec8fd3505e1f33e1e9f10fc0cad84c559d371174071aab52a759a7945b15','f6p0XQ4YSu5Wj/Cv2j5lPw==','917663792','c33cda14-38c3-4670-9643-7d71c23fb098','c33cda14-38c3-4670-9643-7d71c23fb098','FREE_ADMIN_PRO'),('cfa25194-72a7-486f-83ae-874004d4cd34','pedrosousa','013','sousa@gmail.pt',NULL,'FREE',NULL,'2023-03-23 19:00:24','2023-03-23 19:00:24','/avatar/default/unknow.jpg','LOCAL','68503f54ed6883aaeed583502715d2e5492bc453a7340d341053ecc08ed3b84e','I+M2OOFExJI1Ft5oQcParQ==',NULL,'cfa25194-72a7-486f-83ae-874004d4cd34','cfa25194-72a7-486f-83ae-874004d4cd34',NULL),('d761c981-3502-49e4-a425-ef189f97e5bf',NULL,'002','museu.virtual.com@gmail.com','8mQLRzF6EVJb78ctAAAD','FREE',1,'2021-03-12 16:38:40','2021-03-15 00:19:03','/avatar/costum/avatar-museu.virtual.com@gmail.com.jpeg','GOOGLE','76a9ed50dc94824c8c648123307e95aec0c5a551df88059b6958f6f954ed6391','nhrZHfFXih0xQaFpIUEmgg==','985632147','d761c981-3502-49e4-a425-ef189f97e5bf','d761c981-3502-49e4-a425-ef189f97e5bf','FREE_BASIC_COACH_ADMIN'),('e2046104-7b22-490c-9a17-b1882f91cefd',NULL,NULL,'lutonda@outlook.com','MDAwMDAwMDAtMDAwMC0wMDAwLWZiOTItYjQ5ZTg0MjllY2Vj.OTE4ODA0MGQtNmM2Ny00YzViLWIxMTItMzZhMzA0YjY2ZGFk','PREMIUM',1,'2020-12-13 07:13:12','2020-12-26 17:23:00','/avatar/costum/avatar-lutonda@outlook.com.jpeg','MICROSOFT','edcacf87ac1ad8cdbd20501b0805b52f5b78ed525868442c2f8efc5267bea023','0pA+b7vAUDd8clx8uTgjzQ==','925531069','e2046104-7b22-490c-9a17-b1882f91cefd','e2046104-7b22-490c-9a17-b1882f91cefd','FREE'),('ee29671d-af86-4c0a-9945-53a821f1f63b','pedro293','011','pedrojoao234@gmail.com',NULL,'FREE',NULL,'2023-03-23 18:36:07','2023-03-23 18:36:07','/avatar/default/unknow.jpg','LOCAL','c23f47c9e604cdba28dbac8c7c9e25c1b28b3c6922c2a1547192d927fa4d672e','43MQytE9boD8hjkqBwN71A==',NULL,'ee29671d-af86-4c0a-9945-53a821f1f63b','ee29671d-af86-4c0a-9945-53a821f1f63b',NULL),('f706bea8-bf8d-43c8-a822-b972ddc21f70',NULL,'008','pedrojoaodev2@gmail.com',NULL,'FREE',NULL,'2023-03-23 18:00:58','2023-03-23 18:00:59','/avatar/default/unknow.jpg','LOCAL','b41882c1431ee8f808c73f60ba5bce1145566bde367b3bfb90c7e5eef2ae5966','Z0H5jEnvFgVB8thVz5nn1w==',NULL,'f706bea8-bf8d-43c8-a822-b972ddc21f70','f706bea8-bf8d-43c8-a822-b972ddc21f70',NULL);
/*!40000 ALTER TABLE `users` ENABLE KEYS */;
UNLOCK TABLES;

--
-- Table structure for table `users_answers`
--

DROP TABLE IF EXISTS `users_answers`;
/*!40101 SET @saved_cs_client     = @@character_set_client */;
/*!50503 SET character_set_client = utf8mb4 */;
CREATE TABLE `users_answers` (
  `createdAt` datetime NOT NULL,
  `updatedAt` datetime NOT NULL,
  `userId` char(36) CHARACTER SET utf8mb3 COLLATE utf8mb3_bin NOT NULL,
  `answerId` char(36) DEFAULT NULL,
  PRIMARY KEY (`userId`),
  CONSTRAINT `users_answers_ibfk_1` FOREIGN KEY (`userId`) REFERENCES `users` (`id`) ON DELETE CASCADE ON UPDATE CASCADE
) ENGINE=InnoDB DEFAULT CHARSET=utf8mb3;
/*!40101 SET character_set_client = @saved_cs_client */;

--
-- Dumping data for table `users_answers`
--

LOCK TABLES `users_answers` WRITE;
/*!40000 ALTER TABLE `users_answers` DISABLE KEYS */;
/*!40000 ALTER TABLE `users_answers` ENABLE KEYS */;
UNLOCK TABLES;

--
-- Table structure for table `users_enrollments`
--

DROP TABLE IF EXISTS `users_enrollments`;
/*!40101 SET @saved_cs_client     = @@character_set_client */;
/*!50503 SET character_set_client = utf8mb4 */;
CREATE TABLE `users_enrollments` (
  `createdAt` datetime NOT NULL,
  `updatedAt` datetime NOT NULL,
  `enrollmentId` char(36) CHARACTER SET utf8mb3 COLLATE utf8mb3_bin NOT NULL,
  PRIMARY KEY (`enrollmentId`),
  CONSTRAINT `users_enrollments_ibfk_1` FOREIGN KEY (`enrollmentId`) REFERENCES `enrollments` (`id`) ON DELETE CASCADE ON UPDATE CASCADE
) ENGINE=InnoDB DEFAULT CHARSET=utf8mb3;
/*!40101 SET character_set_client = @saved_cs_client */;

--
-- Dumping data for table `users_enrollments`
--

LOCK TABLES `users_enrollments` WRITE;
/*!40000 ALTER TABLE `users_enrollments` DISABLE KEYS */;
/*!40000 ALTER TABLE `users_enrollments` ENABLE KEYS */;
UNLOCK TABLES;

--
-- Table structure for table `users_quiz_answers`
--

DROP TABLE IF EXISTS `users_quiz_answers`;
/*!40101 SET @saved_cs_client     = @@character_set_client */;
/*!50503 SET character_set_client = utf8mb4 */;
CREATE TABLE `users_quiz_answers` (
  `createdAt` datetime NOT NULL,
  `updatedAt` datetime NOT NULL,
  `userId` char(36) CHARACTER SET utf8mb3 COLLATE utf8mb3_bin NOT NULL,
  PRIMARY KEY (`userId`),
  CONSTRAINT `users_quiz_answers_ibfk_1` FOREIGN KEY (`userId`) REFERENCES `users` (`id`) ON DELETE CASCADE ON UPDATE CASCADE
) ENGINE=InnoDB DEFAULT CHARSET=utf8mb3;
/*!40101 SET character_set_client = @saved_cs_client */;

--
-- Dumping data for table `users_quiz_answers`
--

LOCK TABLES `users_quiz_answers` WRITE;
/*!40000 ALTER TABLE `users_quiz_answers` DISABLE KEYS */;
/*!40000 ALTER TABLE `users_quiz_answers` ENABLE KEYS */;
UNLOCK TABLES;

--
-- Table structure for table `work_situations`
--

DROP TABLE IF EXISTS `work_situations`;
/*!40101 SET @saved_cs_client     = @@character_set_client */;
/*!50503 SET character_set_client = utf8mb4 */;
CREATE TABLE `work_situations` (
  `id` char(36) CHARACTER SET utf8mb3 COLLATE utf8mb3_bin NOT NULL,
  `name` varchar(255) DEFAULT NULL,
  `descriptions` varchar(255) DEFAULT NULL,
  `isActive` tinyint(1) DEFAULT NULL,
  `createdAt` datetime DEFAULT NULL,
  `updatedAt` datetime DEFAULT NULL,
  PRIMARY KEY (`id`),
  UNIQUE KEY `name` (`name`),
  UNIQUE KEY `name_2` (`name`),
  UNIQUE KEY `name_3` (`name`),
  UNIQUE KEY `name_4` (`name`)
) ENGINE=InnoDB DEFAULT CHARSET=utf8mb3;
/*!40101 SET character_set_client = @saved_cs_client */;

--
-- Dumping data for table `work_situations`
--

LOCK TABLES `work_situations` WRITE;
/*!40000 ALTER TABLE `work_situations` DISABLE KEYS */;
INSERT INTO `work_situations` VALUES ('29166cab-2748-42e9-9a8d-a999de5b1203','Trabalhador por conta de outrem','Trabalhador por conta de outrem',1,'2020-12-09 11:09:10','2020-12-19 12:46:29'),('3fe29468-a894-4f81-9a3e-c2a187d733e6','Trabalhador por conta própria',NULL,NULL,'2020-12-09 11:09:09','2020-12-09 11:09:09'),('ded6b9ee-0a99-4557-8ab3-acb923f66c92','Desempregado',NULL,NULL,'2020-12-09 11:09:09','2020-12-09 11:09:09');
/*!40000 ALTER TABLE `work_situations` ENABLE KEYS */;
UNLOCK TABLES;
/*!40103 SET TIME_ZONE=@OLD_TIME_ZONE */;

/*!40101 SET SQL_MODE=@OLD_SQL_MODE */;
/*!40014 SET FOREIGN_KEY_CHECKS=@OLD_FOREIGN_KEY_CHECKS */;
/*!40014 SET UNIQUE_CHECKS=@OLD_UNIQUE_CHECKS */;
/*!40101 SET CHARACTER_SET_CLIENT=@OLD_CHARACTER_SET_CLIENT */;
/*!40101 SET CHARACTER_SET_RESULTS=@OLD_CHARACTER_SET_RESULTS */;
/*!40101 SET COLLATION_CONNECTION=@OLD_COLLATION_CONNECTION */;
/*!40111 SET SQL_NOTES=@OLD_SQL_NOTES */;

-- Dump completed on 2023-03-25 11:35:09
